Workbook

Sheet  SUMMARY 24-25
B2: SUMMARY
C3: SALE | F3: PURCHASE
C4: LOSE | D4: PROFIT | E4: PROFIT & LOSE | F4: LOSE | G4: PROFIT | H4: PROFIT & LOSE | I4: PROFIT & LOSE
B5: 45404 | C5: ='SALE PL'!B55 -> -3147562 | D5: ='SALE PL'!C53 -> 1317621 | E5: =C5+D5 -> -1829941 | F5: ='PUR PL'!B58 -> -3696170 | G5: ='PUR PL'!C58 -> 3559004 | H5: =F5+G5 -> -137166 | I5: =H5+E5 -> -1967107
B6: 45434 | C6: ='SALE PL'!E55 -> -7501200 | D6: ='SALE PL'!F55 -> 3551295 | E6: =C6+D6 -> -3949905 | F6: ='PUR PL'!D58 -> -11838344 | G6: ='PUR PL'!E58 -> 3817407 | H6: =F6+G6 -> -8020937 | I6: =H6+E6 -> -11970842
B7: 45465 | C7: ='SALE PL'!H55 -> -9347555 | D7: ='SALE PL'!I55 -> 5639400 | E7: =C7+D7 -> -3708155 | F7: ='PUR PL'!F58 -> -12192111 | G7: ='PUR PL'!G58 -> 5932995 | H7: =F7+G7 -> -6259116 | I7: =H7+E7 -> -9967271
B8: 45495 | C8: ='SALE PL'!K55 -> -10623096 | D8: ='SALE PL'!L55 -> 5916128 | E8: =C8+D8 -> -4706968 | F8: ='PUR PL'!H58 -> -6305520.2 | G8: ='PUR PL'!I58 -> 3278168.2 | H8: =F8+G8 -> -3027352 | I8: =H8+E8 -> -7734320
B9: 45526 | C9: ='SALE PL'!N55 -> -5465977 | D9: ='SALE PL'!O55 -> 6077385 | E9: =C9+D9 -> 611408 | F9: ='PUR PL'!J58 -> -2671060 | G9: ='PUR PL'!K58 -> 2829638 | H9: =F9+G9 -> 158578 | I9: =H9+E9 -> 769986
B10: 45557 | C10: ='SALE PL'!Q53 -> -5995591 | D10: ='SALE PL'!R53 -> 5370750 | E10: =C10+D10 -> -624841 | F10: ='PUR PL'!L58 -> -4622753.6 | G10: ='PUR PL'!M58 -> 8647744 | H10: =F10+G10 -> 4024990.4 | I10: =H10+E10 -> 3400149.4
B11: 45587 | C11: ='SALE PL'!T53 -> -11173844 | D11: ='SALE PL'!U53 -> 4661083 | E11: =C11+D11 -> -6512761 | F11: ='PUR PL'!N58 -> -5426385 | G11: ='PUR PL'!O58 -> 7864728 | H11: =F11+G11 -> 2438343 | I11: =H11+E11 -> -4074418
B12: 45618 | C12: ='SALE PL'!W53 -> -6253038 | D12: ='SALE PL'!X53 -> 5186072 | E12: =C12+D12 -> -1066966 | F12: ='PUR PL'!P58 -> -3329409 | G12: ='PUR PL'!Q58 -> 7683721 | H12: =F12+G12 -> 4354312 | I12: =H12+E12 -> 3287346
B13: 45648 | C13: -10809163 | D13: 3896784 | E13: =C13+D13 -> -6912379 | F13: ='PUR PL'!R58 -> -3914667 | G13: ='PUR PL'!S58 -> 7732277 | H13: =F13+G13 -> 3817610 | I13: =H13+E13 -> -3094769
B14: 45679 | C14: ='SALE PL'!AC53 -> -10228573 | D14: ='SALE PL'!AD53 -> 3070685 | E14: =C14+D14 -> -7157888 | F14: ='PUR PL'!T58 -> -4731153 | G14: ='PUR PL'!U58 -> 9702473 | H14: =F14+G14 -> 4971320 | I14: =H14+E14 -> -2186568
B15: 45710 | C15: ='SALE PL'!AF53 -> -14343286 | D15: ='SALE PL'!AG53 -> 3676295 | E15: =C15+D15 -> -10666991 | F15: ='PUR PL'!V58 -> -5185880 | G15: ='PUR PL'!W58 -> 6682817 | H15: =F15+G15 -> 1496937 | I15: =H15+E15 -> -9170054
B16: 45738 | C16: ='SALE PL'!AI53 -> -20342203 | D16: ='SALE PL'!AJ53 -> 6610115 | E16: =C16+D16 -> -13732088 | F16: ='PUR PL'!X58 -> -6658226 | G16: ='PUR PL'!Y58 -> 16705406 | H16: =F16+G16 -> 10047180 | I16: =H16+E16 -> -3684908
B17: TOTAL | C17: =sum(C5:C16) -> -115231088 | D17: =sum(D5:D16) -> 54973613 | E17: =C17+D17 -> -60257475 | F17: =sum(F5:F16) -> -70571679 | G17: =sum(G5:G16) -> 84436378 | H17: =F17+G17 -> 13864699 | I17: =H17+E17 -> -46392776
C19: DIFF SALE | D19: =E17 -> -60257475 | F19: DIFF PUR | G19: =H17 -> 13864699
D21: NET BALANCE | E21: =D19+G19 -> -46392776

Sheet  SUMMARY 23-24
B2: SUMMARY
C3: SALE | F3: PURCHASE
C4: LOSE | D4: PROFIT | E4: PROFIT & LOSE | F4: LOSE | G4: PROFIT | H4: PROFIT & LOSE | I4: PROFIT & LOSE
B5: 45038 | C5: -5689153 | D5: 7458522 | E5: 1769369 | F5: -6483958 | G5: 16505960 | H5: 10022002 | I5: 11791371 | K5: 1769369
B6: 45068 | C6: -11776042 | D6: 5839788 | E6: -5936254 | F6: -2483687 | G6: 11498804 | H6: 9015117 | I6: 3078863 | K6: -5936254
B7: 45099 | C7: -12208244 | D7: 6598142 | E7: -5610102 | F7: -1012828.8 | G7: 19046848 | H7: 18034019 | I7: 12423917 | K7: -5610102
B8: 45129 | C8: -12685240 | D8: 5835025 | E8: -6850215 | F8: -1957418 | G8: 15572420 | H8: 13615002 | I8: 6764787 | K8: -6850215
B9: 45160 | C9: -9874051 | D9: 4231064 | E9: -5642987 | F9: -2438040.7 | G9: 36541795 | H9: 34103754 | I9: 28460767 | K9: -5642987
B10: 45191 | C10: -12130677 | D10: 4043430 | E10: -8087247 | F10: -2127090 | G10: 23591367 | H10: 21464277 | I10: 13377030 | K10: -8087247
B11: 45221 | C11: -18019571 | D11: 4134735 | E11: -13884836 | F11: -1964670 | G11: 2171417 | H11: 206747 | I11: -13678089 | K11: -8116751
B12: 45252 | C12: -23323347 | D12: 3243407 | E12: -20079940 | F12: -1428221 | G12: 18282227 | H12: 16854006 | I12: -3225934.2 | K12: 29504
B13: 45282 | C13: -15268893 | D13: 3976756 | E13: -11292137 | F13: -1570772 | G13: 25863085 | H13: 24292313 | I13: 13000176
B14: 45313 | C14: -15243446 | D14: 3809903 | E14: -11433543 | F14: -983635 | G14: 36685929 | H14: 35702294 | I14: 24268751
B15: 45344 | C15: -17066467 | D15: 3862308 | E15: -13204159 | F15: -2648919 | G15: 29229306 | H15: 26580387 | I15: 13376228
B16: 45373 | C16: -31165191 | D16: 6588173 | E16: -24577018 | F16: -3460620 | G16: 27777186 | H16: 24316566 | I16: -260452
B17: TOTAL | C17: -184450322 | D17: 59621253 | E17: -124829069 | F17: -28559860 | G17: 2.6276634e+08 | H17: 2.3420648e+08 | I17: 1.0937741e+08
C19: DIFF SALE | D19: -124829069 | F19: DIFF PUR | G19: 2.3420648e+08
D21: NET BALANCE | E21: 1.0937741e+08

Sheet SUMMARY 22-23
B2: SUMMARY
C3: SALE | F3: PURCHASE
C4: LOSE | D4: PROFIT | E4: PROFIT & LOSE | F4: LOSE | G4: PROFIT | H4: PROFIT & LOSE | I4: PROFIT & LOSE
B5: 44652 | C5: -2288412 | D5: 8912190 | E5: 6623778 | F5: -5870297 | G5: 4551854 | H5: -1318443 | I5: 5305335
B6: 44682 | C6: -2914247 | D6: 8138644 | E6: 5224397 | F6: -6810797 | G6: 3119443 | H6: -3691354 | I6: 1533043
B7: 44713 | C7: -11083576 | D7: 8070391 | E7: -3013185 | F7: -6117285 | G7: 4703325 | H7: -1413960 | I7: -4427145
B8: 44743 | C8: -11609766 | D8: 6545897 | E8: -5063869 | F8: -4816917 | G8: 5539940 | H8: 723023 | I8: -4340846
B9: 44774 | C9: -16282798 | D9: 7224385 | E9: -9058413 | F9: -3625049 | G9: 14079179 | H9: 10454130 | I9: 1395717
B10: 44805 | C10: -45364754 | D10: 6768086 | E10: -38596668 | F10: -3004609 | G10: 14467190 | H10: 11462581 | I10: -27134087
B11: 44835 | C11: -20060008 | D11: 5919053 | E11: -14140955 | F11: -2776341 | G11: 15093366 | H11: 12317025 | I11: -1823930
B12: 44866 | C12: -28538594 | D12: 6357898 | E12: -22180696 | F12: -2577566 | G12: 25119092 | H12: 22541526 | I12: 360830
B13: 44896 | C13: -25094130 | D13: 7176527 | E13: -17917603 | F13: -1929742 | G13: 24166072 | H13: 22236330 | I13: 4318727
B14: 44927 | C14: -45385504 | D14: 5615307 | E14: -39770197 | F14: -2903489 | G14: 26242235 | H14: 23338746 | I14: -16431451
B15: 44958 | C15: -30227857 | D15: 6225085 | E15: -24002772 | F15: -3207476 | G15: 33048583 | H15: 29841107 | I15: 5838335
B16: 44986 | C16: -49530589 | D16: 10189087 | E16: -39341502 | F16: -4120469 | G16: 44987491 | H16: 40867022 | I16: 1525520
B17: TOTAL | C17: =SUM(C4:C16) -> -288380235 | D17: =SUM(D4:D16) -> 87142550 | E17: =SUM(E4:E16) -> -201237685 | F17: =SUM(F4:F16) -> -47760037 | G17: =SUM(G4:G16) -> 215117770 | H17: =SUM(H4:H16) -> 167357733 | I17: =SUM(I4:I16) -> -33879952
C19: DIFF SALE | D19: =E17 -> -201237685 | F19: DIFF PUR | G19: =H17 -> 167357733
D21: NET BALANCE | E21: =D19-G19 -> -368595418

Sheet SUMMARY 21-22
A2: SUMMARY
B3: SALE | E3: PURCHASE
B4: LOSE | C4: PROFIT | D4: PROFIT & LOSE | E4: LOSE | F4: PROFIT | G4: PROFIT & LOSE | H4: PROFIT & LOSE
A5: 45037 | B5: -1518981 | C5: 4883091 | D5: 3364110 | E5: -13545944 | F5: 110104 | G5: -13435840 | H5: -10071730
A6: 45067 | B6: -875527 | C6: 4470885 | D6: 3595358 | E6: -2854887 | F6: 20968 | G6: -2833919 | H6: 761439
A7: 45098 | B7: -3347550 | C7: 8877943 | D7: 5530393 | E7: -3681159 | F7: 167984 | G7: -3513175 | H7: 2017218
A8: 45128 | B8: -3443916 | C8: 8890124 | D8: 5446208 | E8: -20227691 | F8: 320771 | G8: -19906920 | H8: -14460712
A9: 45159 | B9: -3771585 | C9: 9567913 | D9: 5796328 | E9: -23893768 | F9: 642002 | G9: -23251766 | H9: -17455438
A10: 45190 | B10: -5346594 | C10: 12486454 | D10: 7139860 | E10: -38708794 | F10: 633587 | G10: -38075207 | H10: -30935347
A11: 45220 | B11: -2034591 | C11: 16065151 | D11: 14030560 | E11: -32509300 | F11: 236900 | G11: -32272400 | H11: -18241840
A12: 45251 | B12: -1073603 | C12: 23162230 | D12: 22088627 | E12: -12977217 | F12: 64002 | G12: -12913215 | H12: 9175412
A13: 45281 | B13: -2637803 | C13: 28301559 | D13: 25663756 | E13: -27266364 | F13: 174688 | G13: -27091676 | H13: -1427920
A14: 44948 | B14: -2299494 | C14: 23738252 | D14: 21438758 | E14: -29919171 | F14: 2119654 | G14: -27799517 | H14: -6360759
A15: 44979 | B15: -3084251 | C15: 24856393 | D15: 21772142 | E15: -36334114 | F15: 657712 | G15: -35676402 | H15: -13904260
A16: 45007 | B16: -4418624 | C16: 39419847 | D16: 35001223 | E16: -35522920 | F16: 886169 | G16: -34636751 | H16: 364472
A17: TOTAL | B17: -33852519 | C17: 204719842 | D17: 170867323 | E17: -277441329 | F17: 6034541 | G17: -271406788 | H17: -100539465
B19: DIFF SALE | C19: 170867323 | E19: DIFF PUR | F19: -271406788
C21: NET BALANCE | E21: -100539465

Sheet SALE PL
A1: Profit & loss (SALE)
A3: MONTH | B3: 45406 | E3: 44705 | H3: 44736 | K3: 44766 | N3: 44797 | Q3: 44828 | T3: 44858 | W3: 44889 | Z3: 44919 | AC3: 44951 | AF3: 44982 | AI3: 45010
A4: SENGMENT | B4: LOSE | C4: PROFIT | D4: Diffrance | E4: LOSE | F4: PROFIT | G4: Diffrance | H4: LOSE | I4: PROFIT | J4: Diffrance | K4: LOSE | L4: PROFIT | M4: Diffrance | N4: LOSE | O4: PROFIT | P4: Diffrance | Q4: LOSE | R4: PROFIT | S4: Diffrance | T4: LOSE | U4: PROFIT | V4: Diffrance | W4: LOSE | X4: PROFIT | Y4: Diffrance | Z4: LOSE | AA4: PROFIT | AB4: Diffrance | AC4: LOSE | AD4: PROFIT | AE4: Diffrance | AF4: LOSE | AG4: PROFIT | AH4: Diffrance | AI4: LOSE | AJ4: PROFIT | AK4: Diffrance
A5: PTMT | B5: -380516 | C5: 215880 | D5: =B5+C5 -> -164636 | E5: -849715 | F5: 222947 | G5: =E5+F5 -> -626768 | H5: -878453 | I5: 308326 | J5: =H5+I5 -> -570127 | K5: -749916 | L5: 859450 | M5: =K5+L5 -> 109534 | N5: -951921 | O5: 1339610 | P5: =N5+O5 -> 387689 | Q5: -703493 | R5: 1209477 | S5: =Q5+R5 -> 505984 | T5: -457831 | U5: 1190748 | V5: =T5+U5 -> 732917 | W5: -544621 | X5: 1204971 | Y5: =W5+X5 -> 660350 | Z5: -835481 | AA5: 1370095 | AB5: =Z5+AA5 -> 534614 | AC5: -630007 | AD5: 1144507 | AE5: =AC5+AD5 -> 514500 | AF5: -770904 | AG5: 1203851 | AH5: =AF5+AG5 -> 432947 | AI5: -1465733 | AJ5: 2063338 | AK5: =AI5+AJ5 -> 597605 | AL5: =D5+G5+J5+M5+P5+S5+V5+Y5+AB5+AE5+AH5+AK5 -> 3114609
A6: CISTERN | B6: 0 | C6: 458313 | D6: =B6+C6 -> 458313 | E6: 0 | F6: 1153958 | G6: =E6+F6 -> 1153958 | H6: -1345 | I6: 1135281 | J6: =H6+I6 -> 1133936 | K6: -160 | L6: 768179 | M6: =K6+L6 -> 768019 | N6: 0 | O6: 725666 | P6: =N6+O6 -> 725666 | Q6: 0 | R6: 600834 | S6: =Q6+R6 -> 600834 | T6: 0 | U6: 575848 | V6: =T6+U6 -> 575848 | W6: -4032 | X6: 535554 | Y6: =W6+X6 -> 531522 | Z6: -57 | AA6: 483050 | AB6: =Z6+AA6 -> 482993 | AC6: -5574 | AD6: 437332 | AE6: =AC6+AD6 -> 431758 | AF6: -7125 | AG6: 508539 | AH6: =AF6+AG6 -> 501414 | AI6: -10865 | AJ6: 647841 | AK6: =AI6+AJ6 -> 636976 | AL6: =D6+G6+J6+M6+P6+S6+V6+Y6+AB6+AE6+AH6+AK6 -> 8001237
A7: CABINET | B7: -1009 | C7: 9955 | D7: =B7+C7 -> 8946 | E7: -2323 | F7: 18480 | G7: =E7+F7 -> 16157 | H7: -14680 | I7: 5676 | J7: =H7+I7 -> -9004 | K7: -138 | L7: 64998 | M7: =K7+L7 -> 64860 | N7: 0 | O7: 66361 | P7: =N7+O7 -> 66361 | Q7: 0 | R7: 83793 | S7: =Q7+R7 -> 83793 | T7: 0 | U7: 60528 | V7: =T7+U7 -> 60528 | W7: -689 | X7: 34691 | Y7: =W7+X7 -> 34002 | Z7: 0 | AA7: 89961 | AB7: =Z7+AA7 -> 89961 | AC7: -4837 | AD7: 68904 | AE7: =AC7+AD7 -> 64067 | AF7: -1225 | AG7: 83413 | AH7: =AF7+AG7 -> 82188 | AI7: -3084 | AJ7: 64126 | AK7: =AI7+AJ7 -> 61042 | AL7: =D7+G7+J7+M7+P7+S7+V7+Y7+AB7+AE7+AH7+AK7 -> 622901
A8: SEAT COVER | B8: -217 | C8: 158352 | D8: =B8+C8 -> 158135 | E8: -6274 | F8: 183791 | G8: =E8+F8 -> 177517 | H8: -4922 | I8: 281061 | J8: =H8+I8 -> 276139 | K8: -6836 | L8: 192831 | M8: =K8+L8 -> 185995 | N8: -1665 | O8: 153975 | P8: =N8+O8 -> 152310 | Q8: -4958 | R8: 78658 | S8: =Q8+R8 -> 73700 | T8: -2618 | U8: 96297 | V8: =T8+U8 -> 93679 | W8: -5091 | X8: 115180 | Y8: =W8+X8 -> 110089 | Z8: 0 | AA8: 96186 | AB8: =Z8+AA8 -> 96186 | AC8: -3270 | AD8: 110742 | AE8: =AC8+AD8 -> 107472 | AF8: -2265 | AG8: 98349 | AH8: =AF8+AG8 -> 96084 | AI8: -3659 | AJ8: 161331 | AK8: =AI8+AJ8 -> 157672 | AL8: =D8+G8+J8+M8+P8+S8+V8+Y8+AB8+AE8+AH8+AK8 -> 1684978
A9: QUAA | B9: -50 | C9: 3540 | D9: =B9+C9 -> 3490 | E9: -3997 | F9: 4608 | G9: =E9+F9 -> 611 | H9: 0 | I9: 0 | J9: =H9+I9 -> 0 | K9: -4252 | L9: 15675 | M9: =K9+L9 -> 11423 | N9: -775 | O9: 1695 | P9: =N9+O9 -> 920 | Q9: -965 | R9: 9036 | S9: =Q9+R9 -> 8071 | T9: 0 | U9: 58 | V9: =T9+U9 -> 58 | W9: -679 | X9: 1363 | Y9: =W9+X9 -> 684 | Z9: -1527 | AA9: 14610 | AB9: =Z9+AA9 -> 13083 | AC9: -180 | AD9: 0 | AE9: =AC9+AD9 -> -180 | AF9: -20 | AG9: 532 | AH9: =AF9+AG9 -> 512 | AI9: -171 | AJ9: 0 | AK9: =AI9+AJ9 -> -171 | AL9: =D9+G9+J9+M9+P9+S9+V9+Y9+AB9+AE9+AH9+AK9 -> 38501
A11: TOTAL | B11: =SUM(B5:B9) -> -381792 | C11: =SUM(C5:C9) -> 846040 | D11: =B11+C11 -> 464248 | E11: =SUM(E5:E9) -> -862309 | F11: =SUM(F5:F9) -> 1583784 | G11: =E11+F11 -> 721475 | H11: =SUM(H5:H9) -> -899400 | I11: =SUM(I5:I9) -> 1730344 | J11: =H11+I11 -> 830944 | K11: =SUM(K5:K9) -> -761302 | L11: =SUM(L5:L9) -> 1901133 | M11: =K11+L11 -> 1139831 | N11: =SUM(N5:N9) -> -954361 | O11: =SUM(O5:O9) -> 2287307 | P11: =N11+O11 -> 1332946 | Q11: =SUM(Q5:Q9) -> -709416 | R11: =SUM(R5:R9) -> 1981798 | S11: =Q11+R11 -> 1272382 | T11: =SUM(T5:T9) -> -460449 | U11: =SUM(U5:U9) -> 1923479 | V11: =T11+U11 -> 1463030 | W11: =SUM(W5:W9) -> -555112 | X11: =SUM(X5:X9) -> 1891759 | Y11: =W11+X11 -> 1336647 | Z11: =SUM(Z5:Z9) -> -837065 | AA11: =SUM(AA5:AA9) -> 2053902 | AB11: =Z11+AA11 -> 1216837 | AC11: =SUM(AC5:AC9) -> -643868 | AD11: =SUM(AD5:AD9) -> 1761485 | AE11: =AC11+AD11 -> 1117617 | AF11: =SUM(AF5:AF9) -> -781539 | AG11: =SUM(AG5:AG9) -> 1894684 | AH11: =AF11+AG11 -> 1113145 | AI11: =SUM(AI5:AI9) -> -1483512 | AJ11: =SUM(AJ5:AJ9) -> 2936636 | AK11: =AI11+AJ11 -> 1453124 | AL11: =SUM(AL5:AL9) -> 13462226
A13: CP | B13: -764139 | C13: 144046 | D13: =B13+C13 -> -620093 | E13: -1050448 | F13: 362883 | G13: =E13+F13 -> -687565 | H13: -500973 | I13: 1637248 | J13: =H13+I13 -> 1136275 | K13: -345919 | L13: 1542411 | M13: =K13+L13 -> 1196492 | N13: -572487 | O13: 1695322 | P13: =N13+O13 -> 1122835 | Q13: -658544 | R13: 1738960 | S13: =Q13+R13 -> 1080416 | T13: -264737 | U13: 1419880 | V13: =T13+U13 -> 1155143 | W13: -469166 | X13: 1741604 | Y13: =W13+X13 -> 1272438 | Z13: -1363445 | AA13: 857935 | AB13: =Z13+AA13 -> -505510 | AC13: -1713745 | AD13: 637629 | AE13: =AC13+AD13 -> -1076116 | AF13: -2529010 | AG13: 654262 | AH13: =AF13+AG13 -> -1874748 | AI13: -3144160 | AJ13: 1467454 | AK13: =AI13+AJ13 -> -1676706 | AL13: =D13+G13+J13+M13+P13+S13+V13+Y13+AB13+AE13+AH13+AK13 -> 522861
A14: CP ACCESSORIES | B14: -217301 | C14: 65036 | D14: =B14+C14 -> -152265 | E14: -516237 | F14: 144494 | G14: =E14+F14 -> -371743 | H14: -184215 | I14: 404081 | J14: =H14+I14 -> 219866 | K14: -97439 | L14: 351775 | M14: =K14+L14 -> 254336 | N14: -93905 | O14: 391455 | P14: =N14+O14 -> 297550 | Q14: -157301 | R14: 294019 | S14: =Q14+R14 -> 136718 | T14: -53741 | U14: 266054 | V14: =T14+U14 -> 212313 | W14: -104133 | X14: 419985 | Y14: =W14+X14 -> 315852 | Z14: -167338 | AA14: 298891 | AB14: =Z14+AA14 -> 131553 | AC14: -263910 | AD14: 294109 | AE14: =AC14+AD14 -> 30199 | AF14: -235152 | AG14: 321054 | AH14: =AF14+AG14 -> 85902 | AI14: -370850 | AJ14: 893398 | AK14: =AI14+AJ14 -> 522548 | AL14: =D14+G14+J14+M14+P14+S14+V14+Y14+AB14+AE14+AH14+AK14 -> 1682829
A15: TEFLON TAPE | B15: -11074 | C15: 12940 | D15: =B15+C15 -> 1866 | E15: -95116 | F15: 611 | G15: =E15+F15 -> -94505 | H15: -106946 | I15: 4797 | J15: =H15+I15 -> -102149 | K15: -128899 | L15: 0 | M15: =K15+L15 -> -128899 | N15: -145018 | O15: 340 | P15: =N15+O15 -> -144678 | Q15: -98783 | R15: 0 | S15: =Q15+R15 -> -98783 | T15: -8251 | U15: -68753 | V15: 8207 | W15: -59804 | X15: 510 | Y15: =W15+X15 -> -59294 | Z15: -173009 | AA15: 0 | AB15: =Z15+AA15 -> -173009 | AC15: -93801 | AD15: 2100 | AE15: =AC15+AD15 -> -91701 | AF15: -194072 | AG15: 510 | AH15: =AF15+AG15 -> -193562 | AI15: -204886 | AJ15: 0 | AK15: 0 | AL15: =D15+G15+J15+M15+P15+S15+V15+Y15+AB15+AE15+AH15+AK15 -> -1076507
A16: GEYSER | B16: -22126 | C16: 0 | D16: =B16+C16 -> -22126 | E16: 0 | F16: 0 | G16: =E16+F16 -> 0 | H16: 0 | I16: 0 | J16: =H16+I16 -> 0 | K16: 0 | L16: 0 | M16: =K16+L16 -> 0 | N16: 0 | O16: 0 | P16: 0 | Q16: -7814 | R16: 1424 | S16: =Q16+R16 -> -6390 | T16: 0 | U16: 30107 | V16: =T16+U16 -> 30107 | W16: -47898 | X16: 1918 | Y16: =W16+X16 -> -45980 | Z16: -151350 | AA16: 6345 | AB16: =Z16+AA16 -> -145005 | AC16: -11315 | AD16: 2866 | AE16: =AC16+AD16 -> -8449 | AF16: 0 | AG16: 0 | AH16: =AF16+AG16 -> 0 | AI16: 0 | AJ16: 1977 | AK16: 0 | AL16: =D16+G16+J16+M16+P16+S16+V16+Y16+AB16+AE16+AH16+AK16 -> -197843
A17: GLASS | E17: 0 | F17: 0 | H17: -578 | I17: 0 | J17: =H17+I17 -> -578 | K17: 0 | L17: 0 | M17: =K17+L17 -> 0 | N17: 0 | O17: 0 | P17: 0 | AL17: =D17+G17+J17+M17+P17+S17+V17+Y17+AB17+AE17+AH17+AK17 -> -578
A18: TOTAL | B18: =SUM(B13:B17) -> -1014640 | C18: =SUM(C13:C17) -> 222022 | D18: =B18+C18 -> -792618 | E18: =SUM(E13:E17) -> -1661801 | F18: =SUM(F13:F17) -> 507988 | G18: =E18+F18 -> -1153813 | H18: =SUM(H13:H17) -> -792712 | I18: =SUM(I13:I17) -> 2046126 | J18: =H18+I18 -> 1253414 | K18: =SUM(K13:K17) -> -572257 | L18: =SUM(L13:L17) -> 1894186 | M18: =K18+L18 -> 1321929 | N18: =SUM(N13:N17) -> -811410 | O18: =SUM(O13:O17) -> 2087117 | P18: =N18+O18 -> 1275707 | Q18: =SUM(Q13:Q17) -> -922442 | R18: =SUM(R13:R17) -> 2034403 | S18: =Q18+R18 -> 1111961 | T18: =SUM(T13:T17) -> -326729 | U18: =SUM(U13:U17) -> 1647288 | V18: =T18+U18 -> 1320559 | W18: =SUM(W13:W17) -> -681001 | X18: =SUM(X13:X17) -> 2164017 | Y18: =W18+X18 -> 1483016 | Z18: =SUM(Z13:Z17) -> -1855142 | AA18: =SUM(AA13:AA17) -> 1163171 | AB18: =Z18+AA18 -> -691971 | AC18: =SUM(AC13:AC17) -> -2082771 | AD18: =SUM(AD13:AD17) -> 936704 | AE18: =AC18+AD18 -> -1146067 | AF18: =SUM(AF13:AF17) -> -2958234 | AG18: =SUM(AG13:AG17) -> 975826 | AH18: =AF18+AG18 -> -1982408 | AI18: =SUM(AI13:AI17) -> -3719896 | AJ18: =SUM(AJ13:AJ17) -> 2362829 | AK18: =AI18+AJ18 -> -1357067 | AL18: =SUM(AL13:AL17) -> 930762
A20: SINK | B20: -90310 | C20: 15463 | D20: =B20+C20 -> -74847 | E20: -166402 | F20: 30664 | G20: =E20+F20 -> -135738 | H20: -94084 | I20: 36007 | J20: =H20+I20 -> -58077 | K20: -34941 | L20: 181911 | M20: =K20+L20 -> 146970 | N20: -17777 | O20: 171336 | P20: =N20+O20 -> 153559 | Q20: -38452 | R20: 140886 | S20: =Q20+R20 -> 102434 | T20: -28070 | U20: 111166 | V20: =T20+U20 -> 83096 | W20: -18505 | X20: 152526 | Y20: =W20+X20 -> 134021 | Z20: -1144541 | AA20: 40262 | AB20: =Z20+AA20 -> -1104279 | AC20: -1060070 | AD20: 6803 | AE20: =AC20+AD20 -> -1053267 | AF20: -1040183 | AG20: 57158 | AH20: =AF20+AG20 -> -983025 | AI20: -1362026 | AJ20: 83132 | AK20: =AI20+AJ20 -> -1278894 | AL20: =D20+G20+J20+M20+P20+S20+V20+Y20+AB20+AE20+AH20+AK20 -> -4068047
A21: JALI | B21: -1301 | C21: 1677 | D21: =B21+C21 -> 376 | E21: -32631 | F21: 1953 | G21: =E21+F21 -> -30678 | H21: -7814 | I21: 1977 | J21: =H21+I21 -> -5837 | K21: -5362 | L21: 13300 | M21: =K21+L21 -> 7938 | N21: -7664 | O21: 41108 | P21: =N21+O21 -> 33444 | Q21: -28301 | R21: 20685 | S21: =Q21+R21 -> -7616 | T21: -16960 | U21: 10843 | V21: =T21+U21 -> -6117 | W21: -10517 | X21: 25723 | Y21: =W21+X21 -> 15206 | Z21: -91862 | AA21: 0 | AB21: =Z21+AA21 -> -91862 | AC21: -82261 | AD21: 0 | AE21: =AC21+AD21 -> -82261 | AF21: -120896 | AG21: 0 | AH21: =AF21+AG21 -> -120896 | AI21: -109468 | AJ21: 0 | AK21: =AI21+AJ21 -> -109468 | AL21: =D21+G21+J21+M21+P21+S21+V21+Y21+AB21+AE21+AH21+AK21 -> -397771
A22: P-RACK | B22: -5726 | C22: 6759 | D22: =B22+C22 -> 1033 | E22: -849 | F22: 5319 | G22: =E22+F22 -> 4470 | H22: -3855 | I22: 13834 | J22: =H22+I22 -> 9979 | K22: -2434 | L22: 28374 | M22: =K22+L22 -> 25940 | N22: -13010 | O22: 27155 | P22: =N22+O22 -> 14145 | Q22: -17559 | R22: 34318 | S22: =Q22+R22 -> 16759 | T22: -3383 | U22: 18008 | V22: =T22+U22 -> 14625 | W22: -24645 | X22: 18760 | Y22: =W22+X22 -> -5885 | Z22: -192932 | AA22: 484 | AB22: =Z22+AA22 -> -192448 | AC22: -15627 | AD22: 0 | AE22: =AC22+AD22 -> -15627 | AF22: -71048 | AG22: 0 | AH22: =AF22+AG22 -> -71048 | AI22: -243104 | AJ22: 0 | AK22: =AI22+AJ22 -> -243104 | AL22: =D22+G22+J22+M22+P22+S22+V22+Y22+AB22+AE22+AH22+AK22 -> -441161
A24: TOTAL | B24: =SUM(B20:B23) -> -97337 | C24: =SUM(C20:C23) -> 23899 | D24: =B24+C24 -> -73438 | E24: =SUM(E20:E23) -> -199882 | F24: =SUM(F20:F23) -> 37936 | G24: =E24+F24 -> -161946 | H24: =SUM(H20:H23) -> -105753 | I24: =SUM(I20:I23) -> 51818 | J24: =H24+I24 -> -53935 | K24: =SUM(K20:K23) -> -42737 | L24: =SUM(L20:L23) -> 223585 | M24: =K24+L24 -> 180848 | N24: =SUM(N20:N23) -> -38451 | O24: =SUM(O20:O23) -> 239599 | P24: =N24+O24 -> 201148 | Q24: =SUM(Q20:Q23) -> -84312 | R24: =SUM(R20:R23) -> 195889 | S24: =Q24+R24 -> 111577 | T24: =SUM(T20:T23) -> -48413 | U24: =SUM(U20:U23) -> 140017 | V24: =T24+U24 -> 91604 | W24: =SUM(W20:W23) -> -53667 | X24: =SUM(X20:X23) -> 197009 | Y24: =W24+X24 -> 143342 | Z24: =SUM(Z20:Z23) -> -1429335 | AA24: =SUM(AA20:AA23) -> 40746 | AB24: =Z24+AA24 -> -1388589 | AC24: =SUM(AC20:AC23) -> -1157958 | AD24: =SUM(AD20:AD23) -> 6803 | AE24: =AC24+AD24 -> -1151155 | AF24: =SUM(AF20:AF23) -> -1232127 | AG24: =SUM(AG20:AG23) -> 57158 | AH24: =AF24+AG24 -> -1174969 | AI24: =SUM(AI20:AI23) -> -1714598 | AJ24: =SUM(AJ20:AJ23) -> 83132 | AK24: =AI24+AJ24 -> -1631466 | AL24: =SUM(AL20:AL22) -> -4906979
A26: CPVC | B26: -228270 | C26: 0 | D26: =B26+C26 -> -228270 | E26: -749515 | F26: 215868 | G26: =E26+F26 -> -533647 | H26: -304080 | I26: 230750 | J26: =H26+I26 -> -73330 | K26: -535188 | L26: 302368 | M26: =K26+L26 -> -232820 | N26: -809286 | O26: 343515 | P26: =N26+O26 -> -465771 | Q26: -443488 | R26: 209777 | S26: =Q26+R26 -> -233711 | T26: -562557 | U26: 151227 | V26: =T26+U26 -> -411330 | W26: -729778 | X26: 123380 | Y26: =W26+X26 -> -606398 | Z26: -725634 | AA26: 164000 | AB26: =Z26+AA26 -> -561634 | AC26: -790679 | AD26: 189434 | AE26: =AC26+AD26 -> -601245 | AF26: -846962 | AG26: 123279 | AH26: =AF26+AG26 -> -723683 | AI26: -1789957 | AJ26: 228694 | AK26: =AI26+AJ26 -> -1561263 | AL26: =D26+G26+J26+M26+P26+S26+V26+Y26+AB26+AE26+AH26+AK26 -> -6233102
A27: CPVC PIPE | B27: -243699 | C27: 2242 | D27: =B27+C27 -> -241457 | E27: -893678 | F27: 373 | G27: =E27+F27 -> -893305 | H27: -200578 | I27: 1359 | J27: =H27+I27 -> -199219 | K27: -614632 | L27: 1145 | M27: =K27+L27 -> -613487 | N27: -781792 | O27: 0 | P27: =N27+O27 -> -781792 | Q27: -481049 | R27: 5141 | S27: =Q27+R27 -> -475908 | T27: -656082 | U27: 123 | V27: =T27+U27 -> -655959 | W27: -808953 | X27: 0 | Y27: =W27+X27 -> -808953 | Z27: -961367 | AA27: 0 | AB27: =Z27+AA27 -> -961367 | AC27: -821050 | AD27: 19461 | AE27: =AC27+AD27 -> -801589 | AF27: -993218 | AG27: 6575 | AH27: =AF27+AG27 -> -986643 | AI27: -1854618 | AJ27: 0 | AK27: =AI27+AJ27 -> -1854618 | AL27: =D27+G27+J27+M27+P27+S27+V27+Y27+AB27+AE27+AH27+AK27 -> -9274297
A28: UPVC | B28: -194357 | C28: 5649 | D28: =B28+C28 -> -188708 | E28: -469755 | F28: 428227 | G28: =E28+F28 -> -41528 | H28: -336032 | I28: 410772 | J28: =H28+I28 -> 74740 | K28: -277067 | L28: 306697 | M28: =K28+L28 -> 29630 | N28: -386234 | O28: 204511 | P28: =N28+O28 -> -181723 | Q28: -583755 | R28: 166902 | S28: =Q28+R28 -> -416853 | T28: -299889 | U28: 75090 | V28: =T28+U28 -> -224799 | W28: -501440 | X28: 153535 | Y28: =W28+X28 -> -347905 | Z28: -729204 | AA28: 111142 | AB28: =Z28+AA28 -> -618062 | AC28: -961294 | AD28: 95510 | AE28: =AC28+AD28 -> -865784 | AF28: -1210230 | AG28: 130500 | AH28: =AF28+AG28 -> -1079730 | AI28: -1802727 | AJ28: 263407 | AK28: =AI28+AJ28 -> -1539320 | AL28: =D28+G28+J28+M28+P28+S28+V28+Y28+AB28+AE28+AH28+AK28 -> -5400042
A29: UPVC PIPE | B29: -190267 | C29: 21872 | D29: =B29+C29 -> -168395 | E29: -367411 | F29: 84794 | G29: =E29+F29 -> -282617 | H29: -16268 | I29: 169968 | J29: =H29+I29 -> 153700 | K29: -72098 | L29: 33538 | M29: =K29+L29 -> -38560 | N29: -480945 | O29: 10295 | P29: =N29+O29 -> -470650 | Q29: -774462 | R29: 3639 | S29: =Q29+R29 -> -770823 | T29: -661109 | U29: 4938 | V29: =T29+U29 -> -656171 | W29: -684630 | X29: 8989 | Y29: =W29+X29 -> -675641 | Z29: -904903 | AA29: 17260 | AB29: =Z29+AA29 -> -887643 | AC29: -951787 | AD29: 432 | AE29: =AC29+AD29 -> -951355 | AF29: -1971395 | AG29: 3475 | AH29: =AF29+AG29 -> -1967920 | AI29: -1837693 | AJ29: 14517 | AK29: =AI29+AJ29 -> -1823176 | AL29: =D29+G29+J29+M29+P29+S29+V29+Y29+AB29+AE29+AH29+AK29 -> -8539251
A30: SWR | B30: -359208 | C30: 65027 | D30: =B30+C30 -> -294181 | E30: =-14560-147589 -> -162149 | F30: =295386+33226 -> 328612 | G30: =E30+F30 -> 166463 | H30: =-49436-745 -> -50181 | I30: =98842+481027 -> 579869 | J30: =H30+I30 -> 529688 | K30: =-4481-180748 -> -185229 | L30: =312013+37806 -> 349819 | M30: =K30+L30 -> 164590 | N30: =-307750-296130 -> -603880 | O30: =50758+11245 -> 62003 | P30: =N30+O30 -> -541877 | Q30: =-634416-614936 -> -1249352 | R30: =24732+87973 -> 112705 | S30: =Q30+R30 -> -1136647 | T30: =-467874-629875 -> -1097749 | U30: =13804+20509 -> 34313 | V30: =T30+U30 -> -1063436 | W30: =-470268-533435 -> -1003703 | X30: =17506+37598 -> 55104 | Y30: =W30+X30 -> -948599 | Z30: =-1118601-617296 -> -1735897 | AA30: =6850+36073 -> 42923 | AB30: =Z30+AA30 -> -1692974 | AC30: =-800200-690528 -> -1490728 | AD30: =21476+13359 -> 34835 | AE30: =AC30+AD30 -> -1455893 | AF30: =-1396718-1188617 -> -2585335 | AG30: =20141+15468 -> 35609 | AH30: =AF30+AG30 -> -2549726 | AI30: =-1687966-1261236 -> -2949202 | AJ30: =49471+11744 -> 61215 | AK30: =AI30+AJ30 -> -2887987 | AL30: =D30+G30+J30+M30+P30+S30+V30+Y30+AB30+AE30+AH30+AK30 -> -11710579
A31: AGRI | B31: -61456 | C31: 21124 | D31: =B31+C31 -> -40332 | E31: =-16122-63162 -> -79284 | F31: =19045+41776 -> 60821 | G31: =E31+F31 -> -18463 | H31: -44389 | I31: 125415 | J31: =H31+I31 -> 81026 | K31: -73654 | L31: 95422 | M31: =K31+L31 -> 21768 | N31: -115282 | O31: 19166 | P31: =N31+O31 -> -96116 | Q31: =-141392-48937 -> -190329 | R31: =2429+2976 -> 5405 | S31: =Q31+R31 -> -184924 | T31: -170765 | U31: 11036 | V31: =T31+U31 -> -159729 | W31: -158476 | X31: 5324 | Y31: =W31+X31 -> -153152 | Z31: -323804 | AA31: 1451 | AB31: =Z31+AA31 -> -322353 | AC31: -379220 | AD31: 15224 | AE31: =AC31+AD31 -> -363996 | AF31: -569567 | AG31: 2138 | AH31: =AF31+AG31 -> -567429 | AI31: -554204 | AJ31: 744 | AK31: =AI31+AJ31 -> -553460 | AL31: =D31+G31+J31+M31+P31+S31+V31+Y31+AB31+AE31+AH31+AK31 -> -2357160
A32: WATER TANK | B32: -244544 | C32: =8316+832 -> 9148 | D32: =B32+C32 -> -235396 | E32: -478076 | F32: 4630 | G32: =E32+F32 -> -473446 | H32: =-444183-1282 -> -445465 | I32: 11480 | J32: =H32+I32 -> -433985 | K32: -266886 | L32: =257654+3864 -> 261518 | M32: =K32+L32 -> -5368 | N32: -87926 | O32: 89331 | P32: =N32+O32 -> 1405 | Q32: -99287 | R32: =222853+2336 -> 225189 | S32: =Q32+R32 -> 125902 | T32: =-344875-5 -> -344880 | U32: =39850+1134 -> 40984 | V32: =T32+U32 -> -303896 | W32: =-59-395591 -> -395650 | X32: =106355+185 -> 106540 | Y32: =W32+X32 -> -289110 | Z32: -342733 | AA32: 152296 | AB32: =Z32+AA32 -> -190437 | AC32: -252704 | AD32: =358078+7796 -> 365874 | AE32: =AC32+AD32 -> 113170 | AF32: -356633 | AG32: =73822+5379 -> 79201 | AH32: =AF32+AG32 -> -277432 | AI32: -529140 | AJ32: =263867+347 -> 264214 | AK32: =AI32+AJ32 -> -264926 | AL32: =D32+G32+J32+M32+P32+S32+V32+Y32+AB32+AE32+AH32+AK32 -> -2233519
A33: HDPE PIPE | D33: =B33+C33 -> 0 | E33: -1207692 | F33: 0 | G33: =E33+F33 -> -1207692 | H33: -5734708 | I33: 0 | J33: =H33+I33 -> -5734708 | K33: -6974092 | L33: 0 | M33: =K33+L33 -> -6974092 | N33: 0 | O33: 354522 | P33: =N33+O33 -> 354522 | Q33: 0 | R33: 250509 | S33: =Q33+R33 -> 250509 | T33: -6249939 | U33: 223548 | V33: =T33+U33 -> -6026391 | W33: 0 | X33: 0 | Y33: =W33+X33 -> 0 | Z33: 0 | AA33: 0 | AB33: =Z33+AA33 -> 0 | AC33: 0 | AD33: -83749 | AE33: =AC33+AD33 -> -83749 | AF33: 0 | AG33: 0 | AH33: =AF33+AG33 -> 0 | AI33: 0 | AJ33: 0 | AK33: =AI33+AJ33 -> 0 | AL33: =D33+G33+J33+M33+P33+S33+V33+Y33+AB33+AE33+AH33+AK33 -> -19421601
A34: GARDEN PIPE | B34: -45082 | C34: 0 | D34: =B34+C34 -> -45082 | E34: -167768 | F34: 1077 | G34: =E34+F34 -> -166691 | H34: -55758 | I34: 140666 | J34: =H34+I34 -> 84908 | K34: -15779 | L34: 33339 | M34: =K34+L34 -> 17560 | N34: -62693 | O34: 578 | P34: =N34+O34 -> -62115 | Q34: -149708 | R34: 91 | S34: =Q34+R34 -> -149617 | T34: -126518 | U34: 0 | V34: =T34+U34 -> -126518 | W34: -250717 | X34: 964 | Y34: =W34+X34 -> -249753 | Z34: -337399 | AA34: 0 | AB34: =Z34+AA34 -> -337399 | AC34: 0 | AD34: -542654 | AE34: =AC34+AD34 -> -542654 | AF34: -525644 | AG34: 41 | AH34: =AF34+AG34 -> -525603 | AI34: -687695 | AJ34: 0 | AK34: =AI34+AJ34 -> -687695 | AL34: =D34+G34+J34+M34+P34+S34+V34+Y34+AB34+AE34+AH34+AK34 -> -2790659
A35: TOTAL | B35: =SUM(B26:B34) -> -1566883 | C35: =SUM(C26:C34) -> 125062 | D35: =B35+C35 -> -1441821 | E35: =SUM(E26:E34) -> -4575328 | F35: =SUM(F26:F34) -> 1124402 | G35: =E35+F35 -> -3450926 | H35: =SUM(H26:H34) -> -7187459 | I35: =SUM(I26:I34) -> 1670279 | J35: =H35+I35 -> -5517180 | K35: =SUM(K26:K34) -> -9014625 | L35: =SUM(L26:L34) -> 1383846 | M35: =K35+L35 -> -7630779 | N35: =SUM(N26:N34) -> -3328038 | O35: =SUM(O26:O34) -> 1083921 | P35: =N35+O35 -> -2244117 | Q35: =SUM(Q26:Q34) -> -3971430 | R35: =SUM(R26:R34) -> 979358 | S35: =Q35+R35 -> -2992072 | T35: =SUM(T26:T34) -> -10169488 | U35: =SUM(U26:U34) -> 541259 | V35: =T35+U35 -> -9628229 | W35: =SUM(W26:W34) -> -4533347 | X35: =SUM(X26:X34) -> 453836 | Y35: =W35+X35 -> -4079511 | Z35: =SUM(Z26:Z34) -> -6060941 | AA35: =SUM(AA26:AA34) -> 489072 | AB35: =Z35+AA35 -> -5571869 | AC35: =SUM(AC26:AC34) -> -5647462 | AD35: =SUM(AD26:AD34) -> 94367 | AE35: =AC35+AD35 -> -5553095 | AF35: =SUM(AF26:AF34) -> -9058984 | AG35: =SUM(AG26:AG34) -> 380818 | AH35: =AF35+AG35 -> -8678166 | AI35: =SUM(AI26:AI34) -> -12005236 | AJ35: =SUM(AJ26:AJ34) -> 832791 | AK35: =AI35+AJ35 -> -11172445 | AL35: =SUM(AL26:AL34) -> -67960210
A38: HARDWARE | B38: -698 | C38: 27992 | D38: =B38+C38 -> 27294 | E38: -14354 | F38: 122253 | G38: =E38+F38 -> 107899 | H38: -21110 | I38: 58944 | J38: =H38+I38 -> 37834 | K38: -2796 | L38: 37115 | M38: =K38+L38 -> 34319 | N38: -61803 | O38: 25620 | P38: =N38+O38 -> -36183 | Q38: -8070 | R38: 23736 | S38: =Q38+R38 -> 15666 | T38: -2658 | U38: 10263 | V38: =T38+U38 -> 7605 | W38: -89750 | X38: 18658 | Y38: =W38+X38 -> -71092 | Z38: -25514 | AA38: 18953 | AB38: =Z38+AA38 -> -6561 | AC38: -90935 | AD38: 3243 | AE38: =AC38+AD38 -> -87692 | AF38: -20327 | AG38: 9166 | AH38: =AF38+AG38 -> -11161 | AI38: -240848 | AJ38: 45674 | AK38: =AI38+AJ38 -> -195174 | AL38: =D38+G38+J38+M38+P38+S38+V38+Y38+AB38+AE38+AH38+AK38 -> -177246
A43: TOTAL | B43: =SUM(B38:B42) -> -698 | C43: =SUM(C38:C42) -> 27992 | D43: =B43+C43 -> 27294 | E43: =SUM(E38:E42) -> -14354 | F43: =SUM(F38:F42) -> 122253 | G43: =E43+F43 -> 107899 | H43: =SUM(H38:H42) -> -21110 | I43: =SUM(I38:I42) -> 58944 | J43: =H43+I43 -> 37834 | K43: =SUM(K38:K42) -> -2796 | L43: =SUM(L38:L42) -> 37115 | M43: =K43+L43 -> 34319 | N43: =SUM(N38:N42) -> -61803 | O43: =SUM(O38:O42) -> 25620 | P43: =N43+O43 -> -36183 | Q43: =SUM(Q38:Q42) -> -8070 | R43: =SUM(R38:R42) -> 23736 | S43: =Q43+R43 -> 15666 | T43: =SUM(T38:T42) -> -2658 | U43: =SUM(U38:U42) -> 10263 | V43: =T43+U43 -> 7605 | W43: =SUM(W38:W42) -> -89750 | X43: =SUM(X38:X42) -> 18658 | Y43: =W43+X43 -> -71092 | Z43: =SUM(Z38:Z42) -> -25514 | AA43: =SUM(AA38:AA42) -> 18953 | AB43: =Z43+AA43 -> -6561 | AC43: =SUM(AC38:AC42) -> -90935 | AD43: =SUM(AD38:AD42) -> 3243 | AE43: =AC43+AD43 -> -87692 | AF43: =SUM(AF38:AF42) -> -20327 | AG43: =SUM(AG38:AG42) -> 9166 | AH43: =AF43+AG43 -> -11161 | AI43: =SUM(AI38:AI42) -> -240848 | AJ43: =SUM(AJ38:AJ42) -> 45674 | AK43: =AI43+AJ43 -> -195174 | AL43: =SUM(AL38:AL42) -> -177246
A45: CONNECTION | B45: -48376 | C45: 11138 | D45: =B45+C45 -> -37238 | E45: -52673 | F45: 6708 | G45: =E45+F45 -> -45965 | H45: -33959 | I45: 10432 | J45: =H45+I45 -> -23527 | K45: -2930 | L45: 275918 | M45: =K45+L45 -> 272988 | N45: -6395 | O45: 252357 | P45: =N45+O45 -> 245962 | Q45: -6526 | R45: 78494 | S45: =Q45+R45 -> 71968 | T45: -1221 | U45: 299739 | V45: =T45+U45 -> 298518 | W45: -1907 | X45: 317799 | Y45: =W45+X45 -> 315892 | Z45: 0 | AA45: 60474 | AB45: =Z45+AA45 -> 60474 | AC45: 0 | AD45: 184117 | AE45: =AC45+AD45 -> 184117 | AF45: 0 | AG45: 255888 | AH45: =AF45+AG45 -> 255888 | AI45: -875 | AJ45: 230689 | AK45: =AI45+AJ45 -> 229814 | AL45: =D45+G45+J45+M45+P45+S45+V45+Y45+AB45+AE45+AH45+AK45 -> 1828891
A46: WASTE-PIPE | B46: -4334 | C46: 9969 | D46: =B46+C46 -> 5635 | E46: -3237 | F46: 48785 | G46: =E46+F46 -> 45548 | H46: -8558 | I46: 9362 | J46: =H46+I46 -> 804 | K46: -45313 | L46: 143997 | M46: =K46+L46 -> 98684 | N46: -41447 | O46: 68763 | P46: =N46+O46 -> 27316 | Q46: -32238 | R46: 33212 | S46: =Q46+R46 -> 974 | T46: -30280 | U46: 69252 | V46: =T46+U46 -> 38972 | W46: -97572 | X46: 71629 | Y46: =W46+X46 -> -25943 | Z46: -130515 | AA46: 30454 | AB46: =Z46+AA46 -> -100061 | AC46: -189905 | AD46: 58587 | AE46: =AC46+AD46 -> -131318 | AF46: -144576 | AG46: 73836 | AH46: =AF46+AG46 -> -70740 | AI46: -392951 | AJ46: 67016 | AK46: =AI46+AJ46 -> -325935 | AL46: =D46+G46+J46+M46+P46+S46+V46+Y46+AB46+AE46+AH46+AK46 -> -436064
A47: TOTAL | B47: =SUM(B45:B46) -> -52710 | C47: =SUM(C45:C46) -> 21107 | D47: =B47+C47 -> -31603 | E47: =SUM(E45:E46) -> -55910 | F47: =SUM(F45:F46) -> 55493 | G47: =E47+F47 -> -417 | H47: =SUM(H45:H46) -> -42517 | I47: =SUM(I45:I46) -> 19794 | J47: =H47+I47 -> -22723 | K47: =SUM(K45:K46) -> -48243 | L47: =SUM(L45:L46) -> 419915 | M47: =K47+L47 -> 371672 | N47: =SUM(N45:N46) -> -47842 | O47: =SUM(O45:O46) -> 321120 | P47: =N47+O47 -> 273278 | Q47: =SUM(Q45:Q46) -> -38764 | R47: =SUM(R45:R46) -> 111706 | S47: =Q47+R47 -> 72942 | T47: =SUM(T45:T46) -> -31501 | U47: =SUM(U45:U46) -> 368991 | V47: =T47+U47 -> 337490 | W47: =SUM(W45:W46) -> -99479 | X47: =SUM(X45:X46) -> 389428 | Y47: =W47+X47 -> 289949 | Z47: =SUM(Z45:Z46) -> -130515 | AA47: =SUM(AA45:AA46) -> 90928 | AB47: =Z47+AA47 -> -39587 | AC47: =SUM(AC45:AC46) -> -189905 | AD47: =SUM(AD45:AD46) -> 242704 | AE47: =AC47+AD47 -> 52799 | AF47: =SUM(AF45:AF46) -> -144576 | AG47: =SUM(AG45:AG46) -> 329724 | AH47: =AF47+AG47 -> 185148 | AI47: =SUM(AI45:AI46) -> -393826 | AJ47: =SUM(AJ45:AJ46) -> 297705 | AK47: =AI47+AJ47 -> -96121 | AL47: =SUM(AL45:AL46) -> 1392827
A49: SANITARYWARE | B49: -33502 | C49: 51499 | D49: =B49+C49 -> 17997 | E49: -131616 | F49: 119439 | G49: =E49+F49 -> -12177 | H49: -298604 | I49: 62095 | J49: =H49+I49 -> -236509 | K49: -181136 | L49: 56348 | M49: =K49+L49 -> -124788 | N49: -224072 | O49: 32701 | P49: =N49+O49 -> -191371 | Q49: -261157 | R49: 43860 | S49: =Q49+R49 -> -217297 | T49: -134606 | U49: 29786 | V49: =T49+U49 -> -104820 | W49: -240682 | X49: 71365 | Y49: =W49+X49 -> -169317 | Z49: -470651 | AA49: 40012 | AB49: =Z49+AA49 -> -430639 | AC49: -415674 | AD49: 25379 | AE49: =AC49+AD49 -> -390295 | AF49: -147499 | AG49: 28919 | AH49: =AF49+AG49 -> -118580 | AI49: -784287 | AJ49: 51348 | AK49: =AI49+AJ49 -> -732939 | AL49: =D49+G49+J49+M49+P49+S49+V49+Y49+AB49+AE49+AH49+AK49 -> -2710735
A51: TOTAL | B51: =SUM(B49:B50) -> -33502 | C51: =SUM(C49:C50) -> 51499 | D51: =B51+C51 -> 17997 | E51: =SUM(E49:E50) -> -131616 | F51: =SUM(F49:F50) -> 119439 | G51: =E51+F51 -> -12177 | H51: =SUM(H49:H50) -> -298604 | I51: =SUM(I49:I50) -> 62095 | J51: =H51+I51 -> -236509 | K51: =SUM(K49:K50) -> -181136 | L51: =SUM(L49:L50) -> 56348 | M51: =K51+L51 -> -124788 | N51: =SUM(N49:N50) -> -224072 | O51: =SUM(O49:O50) -> 32701 | P51: =N51+O51 -> -191371 | Q51: =SUM(Q49:Q50) -> -261157 | R51: =SUM(R49:R50) -> 43860 | S51: =Q51+R51 -> -217297 | T51: =SUM(T49:T50) -> -134606 | U51: =SUM(U49:U50) -> 29786 | V51: =T51+U51 -> -104820 | W51: =SUM(W49:W50) -> -240682 | X51: =SUM(X49:X50) -> 71365 | Y51: =W51+X51 -> -169317 | Z51: =SUM(Z49:Z50) -> -470651 | AA51: =SUM(AA49:AA50) -> 40012 | AB51: =Z51+AA51 -> -430639 | AC51: =SUM(AC49:AC50) -> -415674 | AD51: =SUM(AD49:AD50) -> 25379 | AE51: =AC51+AD51 -> -390295 | AF51: =SUM(AF49:AF50) -> -147499 | AG51: =SUM(AG49:AG50) -> 28919 | AH51: =AF51+AG51 -> -118580 | AI51: =SUM(AI49:AI50) -> -784287 | AJ51: =SUM(AJ49:AJ50) -> 51348 | AK51: =AI51+AJ51 -> -732939 | AL51: =D51+G51+J51+M51+P51+S51+V51+Y51+AB51+AE51+AH51+AK51 -> -2710735
A53: SUBTOTAL | B53: =SUMIF($A$5:$A$52,"TOTAL",B5:B52) -> -3147562 | C53: =SUMIF($A$5:$A$52,"TOTAL",C5:C52) -> 1317621 | D53: =SUMIF($A$5:$A$52,"TOTAL",D5:D52) -> -1829941 | E53: =SUMIF($A$5:$A$52,"TOTAL",E5:E52) -> -7501200 | F53: =SUMIF($A$5:$A$52,"TOTAL",F5:F52) -> 3551295 | G53: =SUMIF($A$5:$A$52,"TOTAL",G5:G52) -> -3949905 | H53: =SUMIF($A$5:$A$52,"TOTAL",H5:H52) -> -9347555 | I53: =SUMIF($A$5:$A$52,"TOTAL",I5:I52) -> 5639400 | ... U53: =SUMIF($A$5:$A$52,"TOTAL",U5:U52) -> 4661083 | V53: =T53+U53 -> -6512761 | W53: =SUMIF($A$5:$A$52,"TOTAL",W5:W52) -> -6253038 | X53: =SUMIF($A$5:$A$52,"TOTAL",X5:X52) -> 5186072 | Y53: =W53+X53 -> -1066966 | Z53: =SUMIF($A$5:$A$52,"TOTAL",Z5:Z52) -> -10809163 | AA53: =SUMIF($A$5:$A$52,"TOTAL",AA5:AA52) -> 3896784 | AB53: =Z53+AA53 -> -6912379 | AC53: =SUMIF($A$5:$A$52,"TOTAL",AC5:AC52) -> -10228573 | AD53: =SUMIF($A$5:$A$52,"TOTAL",AD5:AD52) -> 3070685 | AE53: =AC53+AD53 -> -7157888 | AF53: =SUMIF($A$5:$A$52,"TOTAL",AF5:AF52) -> -14343286 | AG53: =SUMIF($A$5:$A$52,"TOTAL",AG5:AG52) -> 3676295 | AH53: =AF53+AG53 -> -10666991 | AI53: =SUMIF($A$5:$A$52,"TOTAL",AI5:AI52) -> -20342203 | AJ53: =SUMIF($A$5:$A$52,"TOTAL",AJ5:AJ52) -> 6610115 | AK53: =AI53+AJ53 -> -13732088 | AL53: =D53+G53+J53+M53+P53+S53+V53+Y53+AB53+AE53+AH53+AK53 -> -60257475
B55: =B53 -> -3147562 | C55: =C53 -> 1317621 | E55: =E53 -> -7501200 | F55: =F53 -> 3551295 | H55: =H53 -> -9347555 | I55: =I53 -> 5639400 | K55: =K53 -> -10623096 | L55: =L53 -> 5916128 | N55: =N53 -> -5465977 | O55: =O53 -> 6077385 | R55: =R53 -> 5370750 | S55: =S53 -> -624841 | U55: =U53 -> 4661083 | V55: =V53 -> -6512761 | X55: =X53 -> 5186072 | Y55: =Y53 -> -1066966 | AA55: =AA53 -> 3896784 | AB55: =AB53 -> -6912379 | AD55: =AD53 -> 3070685 | AE55: =AE53 -> -7157888 | AG55: =AG53 -> 3676295 | AH55: =AH53 -> -10666991 | AJ55: =AJ53 -> 6610115 | AK55: =AK53 -> -13732088
C57: =B55+C55 -> -1829941 | F57: =E55+F55 -> -3949905 | I57: =H55+I55 -> -3708155 | L57: =K55+L55 -> -4706968 | O57: =N55+O55 -> 611408 | S57: =R55+S55 -> 4745909 | V57: =U55+V55 -> -1851678 | Y57: =X55+Y55 -> 4119106 | AB57: =AA55+AB55 -> -3015595 | AE57: =AD55+AE55 -> -4087203 | AH57: =AG55+AH55 -> -6990696 | AK57: =AJ55+AK55 -> -7121973
P999: =N999+O999 -> 0

Sheet REPORT 1
C1: SALE | G1: Purchase
B2: PTMT | C2: Sale value | D2: Lose | E2: Profit | F2: Sale PL Diff | G2: Purchase value | H2: Lose | I2: Profit | J2: Pur PL Diff | K2: Purchase % | L2: Sale Pur PL Diff
A3: 45383 | B3: =TEXT(A3,"MMM-YY") -> Apr-24 | C3: ='SALE '!C9+'SALE '!C46 -> 47050519 | D3: ='SALE PL'!B11+'SALE PL'!B47 -> -434502 | E3: ='SALE PL'!C11+'SALE PL'!C47 -> 867147 | F3: =D3+E3 -> 432645 | G3: =PURCHASE!C9 -> 14700494 | H3: ='PUR PL'!B10 -> -420293 | I3: ='PUR PL'!C10 -> 580531 | J3: =H3+I3 -> 160238 | K3: =IFERROR(G3/C3,"") -> 0.31244063 | L3: =F3+J3 -> 592883 | Q3: Apr-23 | R3: =SUMIF($B$3:$B$116,$Q3,D$3:D$117) -> 0 | S3: =SUMIF($B$3:$B$116,$Q3,E$3:E$117) -> 0 | T3: =SUMIF($B$3:$B$116,$Q3,F$3:F$117) -> 0 | U3: =SUMIF($B$3:$B$116,$Q3,G$3:G$117) -> 0 | V3: =SUMIF($B$3:$B$116,$Q3,H$3:H$117) -> 0 | W3: =SUMIF($B$3:$B$116,$Q3,I$3:I$117) -> 0
A4: 45413 | B4: =TEXT(A4,"MMM-YY") -> May-24 | C4: ='SALE '!D9+'SALE '!D46 -> 84056269 | D4: ='SALE PL'!E11+'SALE PL'!E47 -> -918219 | E4: ='SALE PL'!F11+'SALE PL'!F47 -> 1639277 | F4: =D4+E4 -> 721058 | G4: =PURCHASE!D9 -> 22208919 | H4: ='PUR PL'!D10 -> -534645 | I4: ='PUR PL'!E10 -> 956408 | J4: =H4+I4 -> 421763 | K4: =IFERROR(G4/C4,"") -> 0.2642149 | L4: =F4+J4 -> 1142821 | Q4: May-23 | R4: =SUMIF($B$3:$B$116,Q4,$D$3:$D$117) -> 0 | S4: =SUMIF($B$3:$B$116,$Q4,E$3:E$117) -> 0 | V4: =SUMIF($B$3:$B$116,$Q4,H$3:H$117) -> 0 | W4: =SUMIF($B$3:$B$116,$Q4,I$3:I$117) -> 0
A5: 45444 | B5: =TEXT(A5,"MMM-YY") -> Jun-24 | C5: ='SALE '!E9+'SALE '!E46 -> 101862964 | D5: ='SALE PL'!H11+'SALE PL'!H47 -> -941917 | E5: ='SALE PL'!I11+'SALE PL'!I47 -> 1750138 | F5: =D5+E5 -> 808221 | G5: 14774062 | H5: ='PUR PL'!F10 -> -620434 | I5: ='PUR PL'!G10 -> 505453 | J5: =H5+I5 -> -114981 | K5: =IFERROR(G5/C5,"") -> 0.1450386 | L5: =F5+J5 -> 693240 | Q5: Jun-23 | R5: =SUMIF($B$3:$B$116,Q5,$D$3:$D$117) -> 0 | S5: =SUMIF($B$3:$B$116,$Q5,E$3:E$117) -> 0 | V5: =SUMIF($B$3:$B$116,$Q5,H$3:H$117) -> 0 | W5: =SUMIF($B$3:$B$116,$Q5,I$3:I$117) -> 0
A6: 45474 | B6: =TEXT(A6,"MMM-YY") -> Jul-24 | C6: ='SALE '!F9+'SALE '!F46 -> 73363323 | D6: ='SALE PL'!K11+'SALE PL'!K47 -> -809545 | E6: ='SALE PL'!L11+'SALE PL'!L47 -> 2321048 | F6: =D6+E6 -> 1511503 | G6: =PURCHASE!F9 -> 24124171 | H6: ='PUR PL'!H10 -> -504160.42 | I6: ='PUR PL'!I10 -> 1650587.7 | J6: =H6+I6 -> 1146427.2 | K6: =IFERROR(G6/C6,"") -> 0.32883149 | L6: =F6+J6 -> 2657930.2 | Q6: Jul-23 | R6: =SUMIF($B$3:$B$116,Q6,$D$3:$D$117) -> 0 | S6: =SUMIF($B$3:$B$116,$Q6,E$3:E$117) -> 0 | V6: =SUMIF($B$3:$B$116,$Q6,H$3:H$117) -> 0 | W6: =SUMIF($B$3:$B$116,$Q6,I$3:I$117) -> 0
A7: 45505 | B7: =TEXT(A7,"MMM-YY") -> Aug-24 | C7: ='SALE '!G9+'SALE '!G46 -> 85769826 | D7: ='SALE PL'!N11+'SALE PL'!N47 -> -1002203 | E7: ='SALE PL'!O11+'SALE PL'!O47 -> 2608427 | F7: =D7+E7 -> 1606224 | G7: =PURCHASE!G9 -> 10096178 | H7: ='PUR PL'!J10 -> -393253 | I7: ='PUR PL'!K10 -> 551843 | J7: =H7+I7 -> 158590 | K7: =IFERROR(G7/C7,"") -> 0.11771247 | L7: =F7+J7 -> 1764814 | Q7: Aug-23 | R7: =SUMIF($B$3:$B$116,Q7,$D$3:$D$117) -> 0 | S7: =SUMIF($B$3:$B$116,$Q7,E$3:E$117) -> 0 | V7: =SUMIF($B$3:$B$116,$Q7,H$3:H$117) -> 0 | W7: =SUMIF($B$3:$B$116,$Q7,I$3:I$117) -> 0
A8: 45536 | B8: =TEXT(A8,"MMM-YY") -> Sep-24 | C8: ='SALE '!H9+'SALE '!H46 -> 77176815 | D8: ='SALE PL'!Q11+'SALE PL'!Q47 -> -748180 | E8: ='SALE PL'!R11+'SALE PL'!R47 -> 2093504 | F8: =D8+E8 -> 1345324 | G8: =PURCHASE!H9 -> 27844295 | H8: ='PUR PL'!L10 -> -770396.62 | I8: ='PUR PL'!M10 -> 1730967 | J8: =H8+I8 -> 960570.38 | K8: =IFERROR(G8/C8,"") -> 0.36078575 | L8: =F8+J8 -> 2305894.4 | Q8: Sep-23 | R8: =SUMIF($B$3:$B$116,Q8,$D$3:$D$117) -> 0 | S8: =SUMIF($B$3:$B$116,$Q8,E$3:E$117) -> 0 | V8: =SUMIF($B$3:$B$116,$Q8,H$3:H$117) -> 0 | W8: =SUMIF($B$3:$B$116,$Q8,I$3:I$117) -> 0
A9: 45566 | B9: =TEXT(A9,"MMM-YY") -> Oct-24 | C9: ='SALE '!I9+'SALE '!I46 -> 65656558 | D9: ='SALE PL'!T11+'SALE PL'!T47 -> -491950 | E9: ='SALE PL'!U11+'SALE PL'!U47 -> 2292470 | F9: =D9+E9 -> 1800520 | G9: =PURCHASE!I9 -> 23220965 | H9: ='PUR PL'!N10 -> -852376 | I9: ='PUR PL'!O10 -> 2143421 | J9: =H9+I9 -> 1291045 | K9: =IFERROR(G9/C9,"") -> 0.3536732 | L9: =F9+J9 -> 3091565 | Q9: Oct-23 | R9: =SUMIF($B$3:$B$116,Q9,$D$3:$D$117) -> 0 | S9: =SUMIF($B$3:$B$116,$Q9,E$3:E$117) -> 0 | V9: =SUMIF($B$3:$B$116,$Q9,H$3:H$117) -> 0 | W9: =SUMIF($B$3:$B$116,$Q9,I$3:I$117) -> 0
A10: 45597 | B10: =TEXT(A10,"MMM-YY") -> Nov-24 | C10: =124666218+9383445 -> 134049663 | D10: ='SALE PL'!W11+'SALE PL'!W47 -> -654591 | E10: ='SALE PL'!X11+'SALE PL'!X47 -> 2281187 | F10: =D10+E10 -> 1626596 | G10: =PURCHASE!J9 -> 19061015 | H10: ='PUR PL'!P10 -> -869245 | I10: ='PUR PL'!Q10 -> 1805817 | J10: =H10+I10 -> 936572 | K10: =IFERROR(G10/C10,"") -> 0.14219368 | L10: =F10+J10 -> 2563168 | Q10: Nov-23 | R10: =SUMIF($B$3:$B$116,Q10,$D$3:$D$117) -> 0 | S10: =SUMIF($B$3:$B$116,$Q10,E$3:E$117) -> 0 | V10: =SUMIF($B$3:$B$116,$Q10,H$3:H$117) -> 0 | W10: =SUMIF($B$3:$B$116,$Q10,I$3:I$117) -> 0
A11: 45627 | B11: =TEXT(A11,"MMM-YY") -> Dec-24 | C11: =115340577+8091764 -> 123432341 | D11: ='SALE PL'!Z11+'SALE PL'!Z47 -> -967580 | E11: ='SALE PL'!AA11+'SALE PL'!AA47 -> 2144830 | F11: =D11+E11 -> 1177250 | G11: =PURCHASE!K9 -> 20105732 | H11: ='PUR PL'!R10 -> -745950 | I11: ='PUR PL'!S10 -> 3769256 | J11: =H11+I11 -> 3023306 | K11: =IFERROR(G11/C11,"") -> 0.16288869 | L11: =F11+J11 -> 4200556 | Q11: Dec-23 | R11: =SUMIF($B$3:$B$116,Q11,$D$3:$D$117) -> 0 | S11: =SUMIF($B$3:$B$116,$Q11,E$3:E$117) -> 0 | V11: =SUMIF($B$3:$B$116,$Q11,H$3:H$117) -> 0 | W11: =SUMIF($B$3:$B$116,$Q11,I$3:I$117) -> 0
A12: 45658 | B12: =TEXT(A12,"MMM-YY") -> Jan-25 | C12: ='SALE '!L9+'SALE '!L46 -> 83965809 | D12: ='SALE PL'!AC11+'SALE PL'!AC47 -> -833773 | E12: ='SALE PL'!AD11+'SALE PL'!AD47 -> 2004189 | F12: =D12+E12 -> 1170416 | G12: =PURCHASE!L9 -> 26654880 | H12: ='PUR PL'!T10 -> -1017569 | I12: ='PUR PL'!U10 -> 2994796 | J12: =H12+I12 -> 1977227 | K12: =IFERROR(G12/C12,"") -> 0.31744921 | L12: =F12+J12 -> 3147643 | Q12: Jan-24 | R12: =SUMIF($B$3:$B$116,Q12,$D$3:$D$117) -> 0 | S12: =SUMIF($B$3:$B$116,$Q12,E$3:E$117) -> 0 | V12: =SUMIF($B$3:$B$116,$Q12,H$3:H$117) -> 0 | W12: =SUMIF($B$3:$B$116,$Q12,I$3:I$117) -> 0
A13: 45689 | B13: =TEXT(A13,"MMM-YY") -> Feb-25 | C13: ='SALE '!M9+'SALE '!M46 -> 100226827 | D13: ='SALE PL'!AF11+'SALE PL'!AF47 -> -926115 | E13: ='SALE PL'!AG11+'SALE PL'!AG47 -> 2224408 | F13: =D13+E13 -> 1298293 | G13: =PURCHASE!M9 -> 23737991 | H13: ='PUR PL'!V10 -> -852856 | I13: ='PUR PL'!W10 -> 2092243 | J13: =H13+I13 -> 1239387 | K13: =IFERROR(G13/C13,"") -> 0.23684269 | L13: =F13+J13 -> 2537680 | Q13: Feb-24 | R13: =SUMIF($B$3:$B$116,Q13,$D$3:$D$117) -> 0 | S13: =SUMIF($B$3:$B$116,$Q13,E$3:E$117) -> 0 | V13: =SUMIF($B$3:$B$116,$Q13,H$3:H$117) -> 0 | W13: =SUMIF($B$3:$B$116,$Q13,I$3:I$117) -> 0
A14: 45717 | B14: =TEXT(A14,"MMM-YY") -> Mar-25 | C14: ='SALE '!N9+'SALE '!N46 -> 158841587 | D14: ='SALE PL'!AI11+'SALE PL'!AI47 -> -1877338 | E14: ='SALE PL'!AJ11+'SALE PL'!AJ47 -> 3234341 | F14: =D14+E14 -> 1357003 | G14: =PURCHASE!N9 -> 29463902 | H14: ='PUR PL'!X10 -> -801516 | I14: ='PUR PL'!Y10 -> 4658053 | J14: =H14+I14 -> 3856537 | K14: =IFERROR(G14/C14,"") -> 0.18549237 | L14: =F14+J14 -> 5213540 | Q14: Mar-24 | R14: =SUMIF($B$3:$B$116,Q14,$D$3:$D$117) -> 0 | S14: =SUMIF($B$3:$B$116,$Q14,E$3:E$117) -> 0 | V14: =SUMIF($B$3:$B$116,$Q14,H$3:H$117) -> 0 | W14: =SUMIF($B$3:$B$116,$Q14,I$3:I$117) -> 0
B15: Total | C15: =SUM(C3:C14) -> 1135452501 | D15: =SUM(D3:D14) -> -10605913 | E15: =SUM(E3:E14) -> 25460966 | F15: =SUM(F3:F14) -> 14855053 | G15: =SUM(G3:G14) -> 255992604 | H15: =SUM(H3:H14) -> -8382694 | I15: =SUM(I3:I14) -> 23439376 | J15: =H15+I15 -> 15056682 | K15: =IFERROR(G15/C15,"") -> 0.22545426 | L15: =F15+J15 -> 29911735
B17: CP | C17: Sale value | D17: Lose | E17: Profit | F17: Sale PL Diff | G17: Purchase value | H17: Lose | I17: Profit | J17: Pur PL Diff | K17: Purchase % | L17: Sale Pur PL Diff
B18: =B3 -> Apr-24 | C18: ='SALE '!C16 -> 28992464 | D18: ='SALE PL'!B18 -> -1014640 | E18: ='SALE PL'!C18 -> 222022 | F18: =D18+E18 -> -792618 | G18: =PURCHASE!C16+PURCHASE!C46+PURCHASE!C52 -> 37676917 | H18: ='PUR PL'!B17 -> -1970798 | I18: ='PUR PL'!C17 -> 216305 | J18: =H18+I18 -> -1754493 | K18: =IFERROR(G18/C18,"") -> 1.2995417 | L18: =F18+J18 -> -2547111
B19: =B4 -> May-24 | C19: ='SALE '!D16 -> 52711962 | D19: ='SALE PL'!E18 -> -1661801 | E19: ='SALE PL'!F18 -> 507988 | F19: =D19+E19 -> -1153813 | G19: =PURCHASE!D16+PURCHASE!D46 -> 37028847 | H19: ='PUR PL'!D17 -> -2747646 | I19: ='PUR PL'!E17 -> 225069 | J19: =H19+I19 -> -2522577 | K19: =IFERROR(G19/C19,"") -> 0.70247522 | L19: =F19+J19 -> -3676390
B20: =B5 -> Jun-24 | C20: ='SALE '!E16 -> 57020281 | D20: ='SALE PL'!H18 -> -792712 | E20: ='SALE PL'!I18 -> 2046126 | F20: =D20+E20 -> 1253414 | G20: 24936608 | H20: ='PUR PL'!F17 -> -1617935 | I20: ='PUR PL'!G17 -> 124339 | J20: =H20+I20 -> -1493596 | K20: =IFERROR(G20/C20,"") -> 0.43732875 | L20: =F20+J20 -> -240182
B21: =B6 -> Jul-24 | C21: ='SALE '!F16 -> 47963115 | D21: ='SALE PL'!K18 -> -572257 | E21: ='SALE PL'!L18 -> 1894186 | F21: =D21+E21 -> 1321929 | G21: =PURCHASE!F16+PURCHASE!F46 -> 35856349 | H21: ='PUR PL'!H17 -> -2223748.3 | I21: ='PUR PL'!I17+'PUR PL'!I45 -> 492515.08 | J21: =H21+I21 -> -1731233.2 | K21: =IFERROR(G21/C21,"") -> 0.74758174 | L21: =F21+J21 -> -409304.25
B22: =B7 -> Aug-24 | C22: ='SALE '!G16 -> 51280011 | D22: ='SALE PL'!N18 -> -811410 | E22: ='SALE PL'!O18 -> 2087117 | F22: =D22+E22 -> 1275707 | G22: =PURCHASE!G16+PURCHASE!G46 -> 19555229 | H22: ='PUR PL'!J17 -> -704708 | I22: ='PUR PL'!K17+'PUR PL'!K47 -> 200802 | J22: =H22+I22 -> -503906 | K22: =IFERROR(G22/C22,"") -> 0.38134214 | L22: =F22+J22 -> 771801
B23: =B8 -> Sep-24 | C23: ='SALE '!H16 -> 63904503 | D23: ='SALE PL'!Q18 -> -922442 | E23: ='SALE PL'!R18 -> 2034403 | F23: =D23+E23 -> 1111961 | G23: =PURCHASE!H16+PURCHASE!H46 -> 35133078 | H23: ='PUR PL'!L17 -> -1369437 | I23: ='PUR PL'!M17+'PUR PL'!M47 -> 615657 | J23: =H23+I23 -> -753780 | K23: =IFERROR(G23/C23,"") -> 0.54977468 | L23: =F23+J23 -> 358181
B24: =B9 -> Oct-24 | C24: ='SALE '!I16 -> 44307725 | D24: ='SALE PL'!T18 -> -326729 | E24: ='SALE PL'!U18 -> 1647288 | F24: =D24+E24 -> 1320559 | G24: =PURCHASE!I16+PURCHASE!I46+PURCHASE!I52 -> 42935713 | H24: ='PUR PL'!N17-1400 -> -2329330 | I24: ='PUR PL'!O17+'PUR PL'!O47 -> 552167 | J24: =H24+I24 -> -1777163 | K24: =IFERROR(G24/C24,"") -> 0.96903447 | L24: =F24+J24 -> -456604
B25: =B10 -> Nov-24 | C25: ='SALE '!J16 -> 103992264 | D25: ='SALE PL'!W18 -> -681001 | E25: ='SALE PL'!X18 -> 2164017 | F25: =D25+E25 -> 1483016 | G25: =PURCHASE!J16+PURCHASE!J46 -> 21851597 | H25: ='PUR PL'!P17 -> -895086 | I25: ='PUR PL'!Q17+'PUR PL'!Q47 -> 462206 | J25: =H25+I25 -> -432880 | K25: =IFERROR(G25/C25,"") -> 0.21012714 | L25: =F25+J25 -> 1050136
B26: =B11 -> Dec-24 | C26: 93242547 | D26: ='SALE PL'!Z18 -> -1855142 | E26: ='SALE PL'!AA18 -> 1163171 | F26: =D26+E26 -> -691971 | G26: =PURCHASE!K16+PURCHASE!K46 -> 35800279 | H26: ='PUR PL'!R17 -> -1303832 | I26: ='PUR PL'!S17+'PUR PL'!S47 -> 403468 | J26: =H26+I26 -> -900364 | K26: =IFERROR(G26/C26,"") -> 0.38394789 | L26: =F26+J26 -> -1592335
B27: =B12 -> Jan-25 | C27: ='SALE '!L16 -> 60380092 | D27: ='SALE PL'!AC18 -> -2082771 | E27: ='SALE PL'!AD18 -> 936704 | F27: =D27+E27 -> -1146067 | G27: =PURCHASE!L16+PURCHASE!L46+PURCHASE!L52 -> 48249949 | H27: ='PUR PL'!T17-12000 -> -1896281 | I27: ='PUR PL'!U17+'PUR PL'!U47 -> 687097 | J27: =H27+I27 -> -1209184 | K27: =IFERROR(G27/C27,"") -> 0.7991036 | L27: =F27+J27 -> -2355251
B28: =B13 -> Feb-25 | C28: ='SALE '!M16 -> 67812350 | D28: ='SALE PL'!AF18 -> -2958234 | E28: ='SALE PL'!AG18 -> 975826 | F28: =D28+E28 -> -1982408 | G28: =PURCHASE!M16+PURCHASE!M46+PURCHASE!M52 -> 40767835 | H28: ='PUR PL'!V17+'PUR PL'!V51 -> -2013862 | I28: ='PUR PL'!W17+'PUR PL'!W47 -> 788256 | J28: =H28+I28 -> -1225606 | K28: =IFERROR(G28/C28,"") -> 0.60118599 | L28: =F28+J28 -> -3208014
B29: =B14 -> Mar-25 | C29: ='SALE '!N16 -> 130835407 | D29: ='SALE PL'!AI18 -> -3719896 | E29: ='SALE PL'!AJ18 -> 2362829 | F29: =D29+E29 -> -1357067 | G29: =PURCHASE!N16+PURCHASE!N44 -> 50468922 | H29: ='PUR PL'!X17+'PUR PL'!X47 -> -3429428 | I29: ='PUR PL'!Y17+'PUR PL'!Y47 -> 724191 | J29: =H29+I29 -> -2705237 | K29: =IFERROR(G29/C29,"") -> 0.38574361 | L29: =F29+J29 -> -4062304
B30: Total | C30: =SUM(C18:C29) -> 802442721 | D30: =sum(D18:D29) -> -17399035 | E30: =sum(E18:E29) -> 18041677 | F30: =sum(F18:F29) -> 642642 | G30: =sum(G18:G29) -> 430261323 | H30: =sum(H18:H29) -> -22502091 | I30: =sum(I18:I29) -> 5492072.1 | J30: =H30+I30 -> -17010019 | K30: =IFERROR(G30/C30,"") -> 0.53618945 | L30: =F30+J30 -> -16367377
B32: SINK | C32: Sale value | D32: Lose | E32: Profit | F32: Sale PL Diff | G32: Purchase value | H32: Lose | I32: Profit | J32: Pur PL Diff | K32: Purchase % | L32: Sale Pur PL Diff
B33: =B18 -> Apr-24 | C33: ='SALE '!C22 -> 5482175 | D33: ='SALE PL'!B24 -> -97337 | E33: ='SALE PL'!C24 -> 23899 | F33: =D33+E33 -> -73438 | G33: =PURCHASE!C23 -> 5761589 | H33: ='PUR PL'!B24 -> -24532 | I33: ='PUR PL'!C24 -> 128115 | J33: =H33+I33 -> 103583 | K33: =IFERROR(G33/C33,"") -> 1.0509677 | L33: =F33+J33 -> 30145
B34: =B19 -> May-24 | C34: ='SALE '!D22 -> 13403356 | D34: ='SALE PL'!E24 -> -199882 | E34: ='SALE PL'!F24 -> 37936 | F34: =D34+E34 -> -161946 | G34: =PURCHASE!D23 -> 7440270 | H34: ='PUR PL'!D24 -> -23514 | I34: ='PUR PL'!E24 -> 102470 | J34: =H34+I34 -> 78956 | K34: =IFERROR(G34/C34,"") -> 0.55510501 | L34: =F34+J34 -> -82990
B35: =B20 -> Jun-24 | C35: ='SALE '!E22 -> 10193424 | D35: ='SALE PL'!H24 -> -105753 | E35: ='SALE PL'!I24 -> 51818 | F35: =D35+E35 -> -53935 | G35: 6816998 | H35: ='PUR PL'!F24 -> -86348 | I35: ='PUR PL'!G24 -> 95848 | J35: =H35+I35 -> 9500 | K35: =IFERROR(G35/C35,"") -> 0.66876429 | L35: =F35+J35 -> -44435
B36: =B21 -> Jul-24 | C36: ='SALE '!F22 -> 9922288 | D36: ='SALE PL'!K24 -> -42737 | E36: ='SALE PL'!L24 -> 223585 | F36: =D36+E36 -> 180848 | G36: =PURCHASE!F23 -> 6071099 | H36: ='PUR PL'!H24 -> -36346.44 | I36: ='PUR PL'!I24 -> 70215.68 | J36: =H36+I36 -> 33869.24 | K36: =IFERROR(G36/C36,"") -> 0.61186482 | L36: =F36+J36 -> 214717.24
B37: =B22 -> Aug-24 | C37: ='SALE '!G22 -> 10744147 | D37: ='SALE PL'!N24 -> -38451 | E37: ='SALE PL'!O24 -> 239599 | F37: =D37+E37 -> 201148 | G37: =PURCHASE!G23 -> 5002135 | H37: ='PUR PL'!J24 -> -46480 | I37: ='PUR PL'!K24 -> 307151 | J37: =H37+I37 -> 260671 | K37: =IFERROR(G37/C37,"") -> 0.46556837 | L37: =F37+J37 -> 461819
B38: =B23 -> Sep-24 | C38: ='SALE '!H22 -> 12032078 | D38: ='SALE PL'!Q24 -> -84312 | E38: ='SALE PL'!R24 -> 195889 | F38: =D38+E38 -> 111577 | G38: =PURCHASE!H23 -> 6589509 | H38: ='PUR PL'!L24 -> -110435 | I38: ='PUR PL'!M24 -> 18106 | J38: =H38+I38 -> -92329 | K38: =IFERROR(G38/C38,"") -> 0.54766176 | L38: =F38+J38 -> 19248
B39: =B24 -> Oct-24 | C39: ='SALE '!I22 -> 7582888 | D39: ='SALE PL'!T24 -> -48413 | E39: ='SALE PL'!U24 -> 140017 | F39: =D39+E39 -> 91604 | G39: =PURCHASE!I23 -> 10012295 | H39: ='PUR PL'!N24 -> -148290 | I39: ='PUR PL'!O24 -> 290305 | J39: =H39+I39 -> 142015 | K39: =IFERROR(G39/C39,"") -> 1.3203802 | L39: =F39+J39 -> 233619
B40: =B25 -> Nov-24 | C40: ='SALE '!J22 -> 14725964 | D40: ='SALE PL'!W24 -> -53667 | E40: ='SALE PL'!X24 -> 197009 | F40: =D40+E40 -> 143342 | G40: =PURCHASE!J23 -> 2426372 | H40: ='PUR PL'!P24 -> -69983 | I40: ='PUR PL'!Q24 -> 115964 | J40: =H40+I40 -> 45981 | K40: =IFERROR(G40/C40,"") -> 0.1647683 | L40: =F40+J40 -> 189323
B41: =B26 -> Dec-24 | C41: 13822066 | D41: ='SALE PL'!Z24 -> -1429335 | E41: ='SALE PL'!AA24 -> 40746 | F41: =D41+E41 -> -1388589 | G41: =PURCHASE!K23 -> 7854918 | H41: ='PUR PL'!R24 -> -99902 | I41: ='PUR PL'!S24 -> 71981 | J41: =H41+I41 -> -27921 | K41: =IFERROR(G41/C41,"") -> 0.56828827 | L41: =F41+J41 -> -1416510
B42: =B27 -> Jan-25 | C42: ='SALE '!L22 -> 9582705 | D42: ='SALE PL'!AC24 -> -1157958 | E42: ='SALE PL'!AD24 -> 6803 | F42: =D42+E42 -> -1151155 | G42: =PURCHASE!L23 -> 6425939 | H42: ='PUR PL'!T24 -> -97359 | I42: ='PUR PL'!U24 -> 159235 | J42: =H42+I42 -> 61876 | K42: =IFERROR(G42/C42,"") -> 0.67057673 | L42: =F42+J42 -> -1089279
B43: =B28 -> Feb-25 | C43: ='SALE '!M22 -> 14600855 | D43: ='SALE PL'!AF24 -> -1232127 | E43: ='SALE PL'!AG24 -> 57158 | F43: =D43+E43 -> -1174969 | G43: =PURCHASE!M23 -> 8733901 | H43: ='PUR PL'!V24 -> -115331 | I43: ='PUR PL'!W24 -> 476710 | J43: =H43+I43 -> 361379 | K43: =IFERROR(G43/C43,"") -> 0.59817737 | L43: =F43+J43 -> -813590
B44: =B29 -> Mar-25 | C44: ='SALE '!N22 -> 20638435 | D44: ='SALE PL'!AI24 -> -1714598 | E44: ='SALE PL'!AJ24 -> 83132 | F44: =D44+E44 -> -1631466 | G44: =PURCHASE!N23 -> 13270952 | H44: ='PUR PL'!X24 -> -181751 | I44: ='PUR PL'!Y24 -> 103663 | J44: =H44+I44 -> -78088 | K44: =IFERROR(G44/C44,"") -> 0.64302124 | L44: =F44+J44 -> -1709554
B45: Total | C45: =SUM(C33:C44) -> 142730381 | D45: =SUM(D33:D44) -> -6204570 | E45: =SUM(E33:E44) -> 1297591 | F45: =SUM(F33:F44) -> -4906979 | G45: =SUM(G33:G44) -> 86405977 | H45: =SUM(H33:H44) -> -1040271.4 | I45: =SUM(I33:I44) -> 1939763.7 | J45: =H45+I45 -> 899492.24 | K45: =IFERROR(G45/C45,"") -> 0.60537901 | L45: =F45+J45 -> -4007486.8
B47: PLUMBING | C47: Sale value | D47: Lose | E47: Profit | F47: Sale PL Diff | G47: Purchase value | H47: Lose | I47: Profit | J47: Pur PL Diff | K47: Purchase % | L47: Sale Pur PL Diff
B48: =B33 -> Apr-24 | C48: ='SALE '!C33 -> 39292789 | D48: ='SALE PL'!B35 -> -1566883 | E48: ='SALE PL'!C35 -> 125062 | F48: =D48+E48 -> -1441821 | G48: =PURCHASE!C30 -> 45369223 | H48: ='PUR PL'!B31 -> -443971 | I48: ='PUR PL'!C31 -> 1875032 | J48: =H48+I48 -> 1431061 | K48: =IFERROR(G48/C48,"") -> 1.154645 | L48: =F48+J48 -> -10760
B49: =B34 -> May-24 | C49: ='SALE '!D33 -> 104803610 | D49: ='SALE PL'!E35 -> -4575328 | E49: ='SALE PL'!F35 -> 1124402 | F49: =D49+E49 -> -3450926 | G49: =PURCHASE!D30 -> 40076164 | H49: ='PUR PL'!D31 -> -2281893 | I49: ='PUR PL'!E31 -> 1339916 | J49: =H49+I49 -> -941977 | K49: =IFERROR(G49/C49,"") -> 0.38239297 | L49: =F49+J49 -> -4392903
B50: =B35 -> Jun-24 | C50: ='SALE '!E33 -> 112453482 | D50: ='SALE PL'!H35 -> -7187459 | E50: ='SALE PL'!I35 -> 1670279 | F50: =D50+E50 -> -5517180 | G50: 75044838 | H50: ='PUR PL'!F31 -> -6398820 | I50: ='PUR PL'!G31 -> 2306335 | J50: =H50+I50 -> -4092485 | K50: =IFERROR(G50/C50,"") -> 0.66734117 | L50: =F50+J50 -> -9609665
B51: =B36 -> Jul-24 | C51: ='SALE '!F33 -> 103574051 | D51: ='SALE PL'!K35 -> -9014625 | E51: ='SALE PL'!L35 -> 1383846 | F51: =D51+E51 -> -7630779 | G51: =PURCHASE!F30 -> 47513523 | H51: ='PUR PL'!H31 -> -3428481 | I51: ='PUR PL'!I31 -> 858482.8 | J51: =H51+I51 -> -2569998.2 | K51: =IFERROR(G51/C51,"") -> 0.45873964 | L51: =F51+J51 -> -10200777
B52: =B37 -> Aug-24 | C52: ='SALE '!G33 -> 84009323 | D52: ='SALE PL'!N35 -> -3328038 | E52: ='SALE PL'!O35 -> 1083921 | F52: =D52+E52 -> -2244117 | G52: =PURCHASE!G30 -> 40788312 | H52: ='PUR PL'!J31 -> -876861 | I52: ='PUR PL'!K31 -> 763396 | J52: =H52+I52 -> -113465 | K52: =IFERROR(G52/C52,"") -> 0.48552126 | L52: =F52+J52 -> -2357582
B53: =B38 -> Sep-24 | C53: ='SALE '!H33 -> 77648920 | D53: ='SALE PL'!Q35 -> -3971430 | E53: ='SALE PL'!R35 -> 979358 | F53: =D53+E53 -> -2992072 | G53: =PURCHASE!H30 -> 97523979 | H53: ='PUR PL'!L31 -> -1819871 | I53: ='PUR PL'!M31 -> 5050019 | J53: =H53+I53 -> 3230148 | K53: =IFERROR(G53/C53,"") -> 1.2559605 | L53: =F53+J53 -> 238076
B54: =B39 -> Oct-24 | C54: ='SALE '!I33 -> 104542169 | D54: ='SALE PL'!T35 -> -10169488 | E54: ='SALE PL'!U35 -> 541259 | F54: =D54+E54 -> -9628229 | G54: =PURCHASE!I30 -> 67836170 | H54: ='PUR PL'!N31 -> -1117343 | I54: ='PUR PL'!O31 -> 4495646 | J54: =H54+I54 -> 3378303 | K54: =IFERROR(G54/C54,"") -> 0.64888811 | L54: =F54+J54 -> -6249926
B55: =B40 -> Nov-24 | C55: ='SALE '!J33 -> 69130386 | D55: ='SALE PL'!W35 -> -4533347 | E55: ='SALE PL'!X35 -> 453836 | F55: =D55+E55 -> -4079511 | G55: =PURCHASE!J30 -> 54272366 | H55: ='PUR PL'!P31 -> -883499 | I55: ='PUR PL'!Q31 -> 4167622 | J55: =H55+I55 -> 3284123 | K55: =IFERROR(G55/C55,"") -> 0.78507251 | L55: =F55+J55 -> -795388
B56: =B41 -> Dec-24 | C56: 81330779 | D56: ='SALE PL'!Z35 -> -6060941 | E56: ='SALE PL'!AA35 -> 489072 | F56: =D56+E56 -> -5571869 | G56: =PURCHASE!K30 -> 57735718 | H56: ='PUR PL'!R31 -> -1121529 | I56: ='PUR PL'!S31 -> 2757341 | J56: =H56+I56 -> 1635812 | K56: =IFERROR(G56/C56,"") -> 0.70988768 | L56: =F56+J56 -> -3936057
B57: =B42 -> Jan-25 | C57: ='SALE '!L33 -> 122534991 | D57: ='SALE PL'!AC35 -> -5647462 | E57: ='SALE PL'!AD35 -> 94367 | F57: =D57+E57 -> -5553095 | G57: =PURCHASE!L30 -> 53618854 | H57: ='PUR PL'!T31 -> -789551 | I57: ='PUR PL'!U31 -> 4993909 | J57: =H57+I57 -> 4204358 | K57: =IFERROR(G57/C57,"") -> 0.43757994 | L57: =F57+J57 -> -1348737
B58: =B43 -> Feb-25 | C58: ='SALE '!M33 -> 133503722 | D58: ='SALE PL'!AF35 -> -9058984 | E58: ='SALE PL'!AG35 -> 380818 | F58: =D58+E58 -> -8678166 | G58: =PURCHASE!M30 -> 49904106 | H58: ='PUR PL'!V31 -> -1026200 | I58: ='PUR PL'!W31 -> 2563359 | J58: =H58+I58 -> 1537159 | K58: =IFERROR(G58/C58,"") -> 0.37380311 | L58: =F58+J58 -> -7141007
B59: =B44 -> Mar-25 | C59: ='SALE '!N33 -> 171009499 | D59: ='SALE PL'!AI35 -> -12005236 | E59: ='SALE PL'!AJ35 -> 832791 | F59: =D59+E59 -> -11172445 | G59: =PURCHASE!N30 -> 86006107 | H59: ='PUR PL'!X31 -> -1452793 | I59: ='PUR PL'!Y31 -> 10204828 | J59: =H59+I59 -> 8752035 | K59: =IFERROR(G59/C59,"") -> 0.50293175 | L59: =F59+J59 -> -2420410
B60: Total | C60: =SUM(C48:C59) -> 1203833721 | D60: =sum(D48:D59) -> -77119221 | E60: =sum(E48:E59) -> 9159011 | F60: =SUM(F48:F59) -> -67960210 | G60: =sum(G48:G59) -> 715689360 | H60: =sum(H48:H59) -> -21640812 | I60: =sum(I48:I59) -> 41375886 | J60: =H60+I60 -> 19735074 | K60: =IFERROR(G60/C60,"") -> 0.59450848 | L60: =F60+J60 -> -48225136
B63: HARDWARE | C63: Sale value | D63: Lose | E63: Profit | F63: Sale PL Diff | G63: Purchase value | H63: Lose | I63: Profit | J63: Pur PL Diff | K63: Purchase % | L63: Sale Pur PL Diff
B64: =B48 -> Apr-24 | C64: ='SALE '!C41 -> 326668 | D64: ='SALE PL'!B43 -> -698 | E64: ='SALE PL'!C43 -> 27992 | F64: =D64+E64 -> 27294 | G64: =PURCHASE!C38 -> 54126 | H64: ='PUR PL'!B39 -> 0 | I64: ='PUR PL'!C39 -> 390 | J64: =H64+I64 -> 390 | K64: =IFERROR(G64/C64,"") -> 0.16569116 | L64: =F64+J64 -> 27684
B65: =B49 -> May-24 | C65: ='SALE '!D36 -> 1315030 | D65: ='SALE PL'!E38 -> -14354 | E65: ='SALE PL'!F38 -> 122253 | F65: =D65+E65 -> 107899 | G65: =PURCHASE!D38 -> 336342 | H65: ='PUR PL'!D39 -> -2222 | I65: ='PUR PL'!E39 -> 17731 | J65: =H65+I65 -> 15509 | K65: =IFERROR(G65/C65,"") -> 0.25576755 | L65: =F65+J65 -> 123408
B66: =B50 -> Jun-24 | C66: ='SALE '!E36 -> 1956053 | D66: ='SALE PL'!H43 -> -21110 | E66: ='SALE PL'!I43 -> 58944 | F66: =D66+E66 -> 37834 | G66: 124655 | H66: ='PUR PL'!F39 -> -18853 | I66: ='PUR PL'!G39 -> 4560 | J66: =H66+I66 -> -14293 | K66: =IFERROR(G66/C66,"") -> 0.063727823 | L66: =F66+J66 -> 23541
B67: =B51 -> Jul-24 | C67: ='SALE '!F36 -> 616723 | D67: ='SALE PL'!K38 -> -2796 | E67: ='SALE PL'!L38 -> 37115 | F67: =D67+E67 -> 34319 | G67: =PURCHASE!F38 -> 1448800 | H67: ='PUR PL'!H39 -> -12039 | I67: ='PUR PL'!I39 -> 216 | J67: =H67+I67 -> -11823 | K67: =IFERROR(G67/C67,"") -> 2.3491908 | L67: =F67+J67 -> 22496
B68: =B52 -> Aug-24 | C68: ='SALE '!G41 -> 1231217 | D68: ='SALE PL'!N38 -> -61803 | E68: ='SALE PL'!O38 -> 25620 | F68: =D68+E68 -> -36183 | G68: =PURCHASE!G38 -> 31703 | H68: ='PUR PL'!J39 -> -7327 | I68: ='PUR PL'!K39 -> 0 | J68: =H68+I68 -> -7327 | K68: =IFERROR(G68/C68,"") -> 0.02574932 | L68: =F68+J68 -> -43510
B69: =B53 -> Sep-24 | C69: ='SALE '!H41 -> 693443 | D69: ='SALE PL'!Q43 -> -8070 | E69: ='SALE PL'!R43 -> 23736 | F69: =D69+E69 -> 15666 | G69: =PURCHASE!H38 -> 335770 | H69: ='PUR PL'!L39 -> -29784 | I69: ='PUR PL'!M39 -> 18236 | J69: =H69+I69 -> -11548 | K69: =IFERROR(G69/C69,"") -> 0.48420707 | L69: =F69+J69 -> 4118
B70: =B54 -> Oct-24 | C70: ='SALE '!I41 -> 432735 | D70: ='SALE PL'!T38 -> -2658 | E70: ='SALE PL'!U38 -> 10263 | F70: =D70+E70 -> 7605 | G70: =PURCHASE!I38 -> 1272590 | H70: ='PUR PL'!N39 -> -53097 | I70: ='PUR PL'!O39 -> 2505 | J70: =H70+I70 -> -50592 | K70: =IFERROR(G70/C70,"") -> 2.9408067 | L70: =F70+J70 -> -42987
B71: =B55 -> Nov-24 | C71: ='SALE '!J41 -> 1139124 | D71: ='SALE PL'!W38 -> -89750 | E71: ='SALE PL'!X38 -> 18658 | F71: =D71+E71 -> -71092 | G71: =PURCHASE!J38 -> 134556 | H71: ='PUR PL'!P39 -> -4226 | I71: ='PUR PL'!Q39 -> 1488 | J71: =H71+I71 -> -2738 | K71: =IFERROR(G71/C71,"") -> 0.11812235 | L71: =F71+J71 -> -73830
B72: =B56 -> Dec-24 | C72: 1317877 | D72: ='SALE PL'!Z43 -> -25514 | E72: ='SALE PL'!AA43 -> 18953 | F72: =D72+E72 -> -6561 | G72: =PURCHASE!K38 -> 1041546 | H72: ='PUR PL'!R39 -> -9158 | I72: ='PUR PL'!S39 -> 22929 | J72: =H72+I72 -> 13771 | K72: =IFERROR(G72/C72,"") -> 0.7903211 | L72: =F72+J72 -> 7210
B73: =B57 -> Jan-25 | C73: ='SALE '!L41 -> 1385137 | D73: ='SALE PL'!AC43 -> -90935 | E73: ='SALE PL'!AD43 -> 3243 | F73: =D73+E73 -> -87692 | G73: =PURCHASE!L38 -> 390037 | H73: ='PUR PL'!T39 -> -24425 | I73: ='PUR PL'!U39 -> 21868 | J73: =H73+I73 -> -2557 | K73: =IFERROR(G73/C73,"") -> 0.28158731 | L73: =F73+J73 -> -90249
B74: =B58 -> Feb-25 | C74: ='SALE '!M41 -> 304908 | D74: ='SALE PL'!AF43 -> -20327 | E74: ='SALE PL'!AG43 -> 9166 | F74: =D74+E74 -> -11161 | G74: =PURCHASE!M38 -> 242381 | H74: ='PUR PL'!V39 -> -4572 | I74: ='PUR PL'!W39 -> 19175 | J74: =H74+I74 -> 14603 | K74: =IFERROR(G74/C74,"") -> 0.79493159 | L74: =F74+J74 -> 3442
B75: =B59 -> Mar-25 | C75: ='SALE '!N41 -> 2662472 | D75: ='SALE PL'!AI43 -> -240848 | E75: ='SALE PL'!AJ43 -> 45674 | F75: =D75+E75 -> -195174 | G75: =PURCHASE!N38 -> 335267 | H75: ='PUR PL'!X39 -> -535 | I75: ='PUR PL'!Y39 -> 7888 | J75: =H75+I75 -> 7353 | K75: =IFERROR(G75/C75,"") -> 0.1259232 | L75: =F75+J75 -> -187821
B76: Total | C76: =SUM(C64:C75) -> 13381387 | D76: =sum(D64:D75) -> -578863 | E76: =sum(E64:E75) -> 401617 | F76: =SUM(F64:F75) -> -177246 | G76: =sum(G64:G75) -> 5747773 | H76: =sum(H64:H75) -> -166238 | I76: =sum(I64:I75) -> 116986 | J76: =H76+I76 -> -49252 | K76: =IFERROR(G76/C76,"") -> 0.42953492 | L76: =F76+J76 -> -226498
B80: SANITARYWARE | C80: Sale value | D80: Lose | E80: Profit | F80: Sale PL Diff | G80: Purchase value | H80: Lose | I80: Profit | J80: Pur PL Diff | K80: Purchase % | L80: Sale Pur PL Diff
B81: =B64 -> Apr-24 | C81: ='SALE '!C50 -> 5919661 | D81: ='SALE PL'!B51 -> -33502 | E81: ='SALE PL'!C51 -> 51499 | F81: =D81+E81 -> 17997 | G81: =PURCHASE!C42 -> 4107513 | H81: ='PUR PL'!B43 -> -42286 | I81: ='PUR PL'!C43 -> 61764 | J81: =H81+I81 -> 19478 | K81: =IFERROR(G81/C81,"") -> 0.69387639 | L81: =F81+J81 -> 37475
B82: =B65 -> May-24 | C82: ='SALE '!D48 -> 7697456 | D82: ='SALE PL'!E51 -> -131616 | E82: ='SALE PL'!F51 -> 119439 | F82: =D82+E82 -> -12177 | G82: =PURCHASE!D42 -> 5071325 | H82: ='PUR PL'!D43 -> -79146 | I82: ='PUR PL'!E43 -> 99590 | J82: =H82+I82 -> 20444 | K82: =IFERROR(G82/C82,"") -> 0.65883131 | L82: =F82+J82 -> 8267
B83: =B66 -> Jun-24 | C83: ='SALE '!E50 -> 13794315 | D83: ='SALE PL'!H51 -> -298604 | E83: ='SALE PL'!I51 -> 62095 | F83: =D83+E83 -> -236509 | G83: 6725061 | H83: ='PUR PL'!F43 -> -166184 | I83: ='PUR PL'!G43 -> 150800 | J83: =H83+I83 -> -15384 | K83: =IFERROR(G83/C83,"") -> 0.4875241 | L83: =F83+J83 -> -251893
B84: =B67 -> Jul-24 | C84: ='SALE '!F48 -> 9453904 | D84: ='SALE PL'!K51 -> -181136 | E84: ='SALE PL'!L51 -> 56348 | F84: =D84+E84 -> -124788 | G84: =PURCHASE!F42 -> 7158925 | H84: ='PUR PL'!H43 -> -100745 | I84: ='PUR PL'!I43 -> 206151 | J84: =H84+I84 -> 105406 | K84: =IFERROR(G84/C84,"") -> 0.75724537 | L84: =F84+J84 -> -19382
B85: =B68 -> Aug-24 | C85: ='SALE '!G50 -> 7112344 | D85: ='SALE PL'!N51 -> -224072 | E85: ='SALE PL'!O51 -> 32701 | F85: =D85+E85 -> -191371 | G85: =PURCHASE!G42 -> 4787397 | H85: ='PUR PL'!J41 -> -101306 | I85: ='PUR PL'!K41 -> 108581 | J85: =H85+I85 -> 7275 | K85: =IFERROR(G85/C85,"") -> 0.673111 | L85: =F85+J85 -> -184096
B86: =B69 -> Sep-24 | C86: ='SALE '!H50 -> 10068727 | D86: ='SALE PL'!Q51 -> -261157 | E86: ='SALE PL'!R51 -> 43860 | F86: =D86+E86 -> -217297 | G86: =PURCHASE!H42 -> 4619816 | H86: ='PUR PL'!L43 -> -48191 | I86: ='PUR PL'!M43 -> 68966 | J86: =H86+I86 -> 20775 | K86: =IFERROR(G86/C86,"") -> 0.45882821 | L86: =F86+J86 -> -196522
B87: =B70 -> Oct-24 | C87: ='SALE '!I50 -> 5564658 | D87: ='SALE PL'!T51 -> -134606 | E87: ='SALE PL'!U51 -> 29786 | F87: =D87+E87 -> -104820 | G87: =PURCHASE!I42 -> 5147665 | H87: ='PUR PL'!N43 -> -77611 | I87: ='PUR PL'!O43 -> 91691 | J87: =H87+I87 -> 14080 | K87: =IFERROR(G87/C87,"") -> 0.92506404 | L87: =F87+J87 -> -90740
B88: =B71 -> Nov-24 | C88: ='SALE '!J50 -> 11292501 | D88: ='SALE PL'!W49 -> -240682 | E88: ='SALE PL'!X49 -> 71365 | F88: =D88+E88 -> -169317 | G88: =PURCHASE!J42 -> 4726158 | H88: ='PUR PL'!P43 -> -71855 | I88: ='PUR PL'!Q43 -> 62709 | J88: =H88+I88 -> -9146 | K88: =IFERROR(G88/C88,"") -> 0.41852181 | L88: =F88+J88 -> -178463
B89: =B72 -> Dec-24 | C89: 10567798 | D89: ='SALE PL'!Z51 -> -470651 | E89: ='SALE PL'!AA51 -> 40012 | F89: =D89+E89 -> -430639 | G89: =PURCHASE!K42 -> 7341373 | H89: ='PUR PL'!R43 -> -113406 | I89: ='PUR PL'!S43 -> 189905 | J89: =H89+I89 -> 76499 | K89: =IFERROR(G89/C89,"") -> 0.69469278 | L89: =F89+J89 -> -354140
B90: =B73 -> Jan-25 | C90: ='SALE '!L50 -> 11340343 | D90: ='SALE PL'!AC51 -> -415674 | E90: ='SALE PL'!AD51 -> 25379 | F90: =D90+E90 -> -390295 | G90: =PURCHASE!L42 -> 8247624 | H90: ='PUR PL'!T43 -> -76644 | I90: ='PUR PL'!U43 -> 216887 | J90: =H90+I90 -> 140243 | K90: =IFERROR(G90/C90,"") -> 0.72728171 | L90: =F90+J90 -> -250052
B91: =B74 -> Feb-25 | C91: ='SALE '!M50 -> 8072366 | D91: ='SALE PL'!AF51 -> -147499 | E91: ='SALE PL'!AG51 -> 28919 | F91: =D91+E91 -> -118580 | G91: =PURCHASE!M42 -> 4951234 | H91: ='PUR PL'!V43 -> -179085 | I91: ='PUR PL'!W43 -> 210130 | J91: =H91+I91 -> 31045 | K91: =IFERROR(G91/C91,"") -> 0.61335599 | L91: =F91+J91 -> -87535
B92: =B75 -> Mar-25 | C92: ='SALE '!N50 -> 18587133 | D92: ='SALE PL'!AI49 -> -784287 | E92: ='SALE PL'!AJ49 -> 51348 | F92: =D92+E92 -> -732939 | G92: =PURCHASE!N42 -> 10240029 | H92: ='PUR PL'!X43 -> -122097 | I92: ='PUR PL'!Y43 -> 327907 | J92: =H92+I92 -> 205810 | K92: =IFERROR(G92/C92,"") -> 0.55092031 | L92: =F92+J92 -> -527129
B93: Total | C93: =SUM(C81:C92) -> 119471206 | D93: =sum(D81:D92) -> -3323486 | E93: =sum(E81:E92) -> 612751 | F93: =SUM(F81:F92) -> -2710735 | G93: =sum(G81:G92) -> 73124120 | H93: =sum(H81:H92) -> -1178556 | I93: =sum(I81:I92) -> 1795081 | J93: =H93+I93 -> 616525 | K93: =IFERROR(G93/C93,"") -> 0.6120648 | L93: =F93+J93 -> -2094210
B99: CONSUMABLE | C99: Sale value | D99: Lose | E99: Profit | F99: Sale PL Diff | G99: Purchase value | H99: Lose | I99: Profit | J99: Pur PL Diff | K99: Purchase % | L99: Sale Pur PL Diff
B100: =B81 -> Apr-24 | G100: =PURCHASE!C57 -> 2318000 | H100: ='PUR PL'!B56 -> -794290 | I100: ='PUR PL'!C56 -> 696867 | J100: =H100+I100 -> -97423 | K100: =IFERROR(G100/C100,"") | L100: =F100+J100 -> -97423
B101: =B82 -> May-24 | G101: =PURCHASE!D57 -> 8214524 | H101: ='PUR PL'!D54 -> -6169278 | I101: ='PUR PL'!E54 -> 1076223 | J101: =H101+I101 -> -5093055 | K101: =IFERROR(G101/C101,"") | L101: =F101+J101 -> -5093055
B102: =B83 -> Jun-24 | G102: 5619954 | H102: ='PUR PL'!F56 -> -3283537 | I102: ='PUR PL'!G56 -> 2745660 | J102: =H102+I102 -> -537877 | K102: =IFERROR(G102/C102,"") | L102: =F102+J102 -> -537877
B103: =B84 -> Jul-24 | G103: =PURCHASE!F57 -> 5032797 | H103: ='PUR PL'!H54 -> 0 | I103: ='PUR PL'!I54 -> 0 | J103: =H103+I103 -> 0 | K103: =IFERROR(G103/C103,"") | L103: =F103+J103 -> 0
B104: =B85 -> Aug-24 | G104: =PURCHASE!G57 -> 1379425 | H104: ='PUR PL'!J56 -> -541125 | I104: ='PUR PL'!K56 -> 897865 | J104: =H104+I104 -> 356740 | K104: =IFERROR(G104/C104,"") | L104: =F104+J104 -> 356740
B105: =B86 -> Sep-24 | G105: =PURCHASE!H57 -> 2945466 | H105: ='PUR PL'!L56 -> -474639 | I105: ='PUR PL'!M56 -> 1145793 | J105: =H105+I105 -> 671154 | K105: =IFERROR(G105/C105,"") | L105: =F105+J105 -> 671154
B106: =B87 -> Oct-24 | G106: =PURCHASE!I57 -> 2600632 | H106: ='PUR PL'!N56 -> -848338 | I106: ='PUR PL'!O56 -> 288993 | J106: =H106+I106 -> -559345 | K106: =IFERROR(G106/C106,"") | L106: =F106+J106 -> -559345
B107: =B88 -> Nov-24 | G107: =PURCHASE!J57 -> 1773034 | H107: ='PUR PL'!P56 -> -535515 | I107: ='PUR PL'!Q56 -> 1067915 | J107: =H107+I107 -> 532400 | K107: =IFERROR(G107/C107,"") | L107: =F107+J107 -> 532400
B108: =B89 -> Dec-24 | G108: =PURCHASE!K57 -> 1875251 | H108: ='PUR PL'!R56 -> -520890 | I108: ='PUR PL'!S56 -> 517397 | J108: =H108+I108 -> -3493 | K108: =IFERROR(G108/C108,"") | L108: =F108+J108 -> -3493
B109: =B90 -> Jan-25 | G109: =PURCHASE!L57 -> 2058874 | H109: ='PUR PL'!T56 -> -829324 | I109: ='PUR PL'!U56 -> 628681 | J109: =H109+I109 -> -200643 | K109: =IFERROR(G109/C109,"") | L109: =F109+J109 -> -200643
B110: =B91 -> Feb-25 | G110: =PURCHASE!M57 -> 2469066 | H110: ='PUR PL'!V56 -> -993974 | I110: ='PUR PL'!W56 -> 532944 | J110: =H110+I110 -> -461030 | K110: =IFERROR(G110/C110,"") | L110: =F110+J110 -> -461030
B111: =B92 -> Mar-25 | G111: =PURCHASE!N57 -> 2425948 | H111: ='PUR PL'!X56 -> -670106 | I111: ='PUR PL'!Y56 -> 678876 | J111: =H111+I111 -> 8770 | K111: =IFERROR(G111/C111,"") | L111: =F111+J111 -> 8770
B112: Total | G112: =sum(G100:G111) -> 38712971 | H112: =sum(H100:H111) -> -15661016 | I112: =sum(I100:I111) -> 10277214 | J112: =sum(J100:J111) -> -5383802 | K112: =IFERROR(G112/C112,"") | L112: =F112+J112 -> -5383802
B116: Grand Total | C116: =SUMIF($B$3:$B$112,"Total",C3:C112) -> 3417311917 | D116: =SUMIF($B$3:$B$112,"Total",D3:D112) -> -115231088 | E116: =SUMIF($B$3:$B$112,"Total",E3:E112) -> 54973613 | F116: =SUMIF($B$3:$B$112,"Total",F3:F112) -> -60257475 | G116: =SUMIF($B$3:$B$112,"Total",G3:G112) -> 1605934128 | H116: =SUMIF($B$3:$B$112,"Total",H3:H112) -> -70571679 | I116: =SUMIF($B$3:$B$112,"Total",I3:I112) -> 84436378 | J116: =SUMIF($B$3:$B$112,"Total",J3:J112) -> 13864699 | K116: =IFERROR(G116/C116,"") -> 0.46994075 | L116: =SUMIF($B$3:$B$112,"Total",L3:L112) -> -46392776

Sheet SALE 
B1: SALE 2024-25
C2: APR | D2: MAY | E2: JUNE | F2: JULY | G2: AUG | H2: SEP | I2: OCT | J2: NOV | K2: DEC | L2: JAN | M2: FEB | N2: MAR
A3: PTMT | B3: PTMT | C3: 36842697 | D3: 65626335 | E3: 79724796 | F3: 56110277 | G3: 67602553 | H3: 59159975 | I3: 50105539 | J3: 113909741 | K3: 105230893 | L3: 65670079 | M3: 81149771 | N3: 130813916
A4: CISTERN | B4: CISTERN | C4: 4544055 | D4: 7966786 | E4: 9010156 | F4: 6355172 | G4: 6735272 | H4: 8179138 | I4: 6919065 | J4: 8222733 | K4: 7118211 | L4: 6454390 | M4: 7427036 | N4: 10829677
A5: CABINET | B5: CABINET | C5: 324851 | D5: 805589 | E5: 967546 | F5: 1453508 | G5: 929075 | H5: 1313360 | I5: 1132851 | J5: 955454 | K5: 1328775 | L5: 1507022 | M5: 1255488 | N5: 1155094
A6: SEAT COVER | B6: SEAT COVER | C6: 1342320 | D6: 1327082 | E6: 2385237 | F6: 1468745 | G6: 1381740 | H6: 1412044 | I6: 1188348 | J6: 1558403 | K6: 1541356 | L6: 1733587 | M6: 1336967 | N6: 2202681
A7: QUAA | B7: QUAA | C7: 18286 | D7: 88809 | F7: 125337 | G7: 34918 | H7: 67374 | I7: 1555 | J7: 19887 | K7: 121342 | L7: 8892 | M7: 6257 | N7: 65567
A9: =SUM(C9:N9) -> 1034273610 | B9: TOTAL | C9: 43072209 | D9: =SUM(D3:D7) -> 75814601 | E9: =SUM(E3:E7) -> 92087735 | F9: 65513039 | G9: =SUM(G3:G7) -> 76683558 | H9: =SUM(H3:H7) -> 70131891 | I9: =SUM(I3:I7) -> 59347358 | J9: =SUM(J3:J7) -> 124666218 | K9: =SUM(K3:K7) -> 115340577 | L9: =SUM(L3:L7) -> 75373970 | M9: =SUM(M3:M7) -> 91175519 | N9: =SUM(N3:N7) -> 145066935
B10: =sum(C9:N9) -> 1034273610
A11: C P FITTING | B11: CP | C11: 23543970 | D11: 40135349 | E11: 46323099 | F11: 37545714 | G11: 40563973 | H11: 51477504 | I11: 35316630 | J11: 89853164 | K11: 77886718 | L11: 45422022 | M11: 51147190 | N11: 107601316
A12: CP ACCESSORIES | B12: CP ACCESSORIES | C12: 4793190 | D12: 11228251 | E12: 9772975 | F12: 9378282 | G12: 9846591 | H12: 11261889 | I12: 7800924 | J12: 13206362 | K12: 12950502 | L12: 14219880 | M12: 15272826 | N12: 21732338
A13: GLASS | B13: GLASS | D13: 0 | E13: 15166 | F13: 0 | G13: 0 | H13: 0 | I13: 0 | J13: 0 | K13: 0 | L13: 0 | M13: 0 | N13: 0
A14: TEFELON TAPE | B14: TEFLON TAPE | C14: 445722 | D14: 1348362 | E14: 909041 | F14: 1039119 | G14: 762020 | H14: 737992 | I14: 752872 | J14: 388741 | K14: 1065662 | L14: 681351 | M14: 1392334 | N14: 1453910
A15: GEYSER | B15: GEYSER | C15: 209582 | D15: 0 | E15: 0 | F15: 0 | G15: 107427 | H15: 427118 | I15: 437299 | J15: 543997 | K15: 1339665 | L15: 56839 | M15: 0 | N15: 47843
A16: =SUM(C16:N16) -> 802442721 | B16: TOTAL | C16: 28992464 | D16: =SUM(D11:D15) -> 52711962 | E16: =SUM(E11:E15) -> 57020281 | F16: 47963115 | G16: =SUM(G11:G15) -> 51280011 | H16: =SUM(H11:H15) -> 63904503 | I16: =SUM(I11:I15) -> 44307725 | J16: =SUM(J11:J15) -> 103992264 | K16: =SUM(K11:K15) -> 93242547 | L16: =SUM(L11:L15) -> 60380092 | M16: =SUM(M11:M15) -> 67812350 | N16: =SUM(N11:N15) -> 130835407
B17: =sum(C16:N16) -> 802442721
A18: SINK | B18: SINK | C18: 4917073 | D18: 12817200 | E18: 9416652 | F18: 8869897 | G18: 9624863 | H18: 10441429 | I18: 6391331 | J18: 13001573 | K18: 11353127 | L18: 8160108 | M18: 11436588 | N18: 15960124
A19: FLOOR TRAP | B19: JALI | C19: 165531 | D19: 419283 | E19: 393186 | F19: 490367 | G19: 744177 | H19: 776647 | I19: 657097 | J19: 586563 | K19: 613013 | L19: 539527 | M19: 658915 | N19: 916779
A20: PLATE RACK | B20: P-RACK | C20: 399571 | D20: 166873 | E20: 383586 | F20: 562024 | G20: 375107 | H20: 814002 | I20: 534460 | J20: 1137828 | K20: 1855926 | L20: 883070 | M20: 2505352 | N20: 3761532
A22: =SUM(C22:N22) -> 142730381 | B22: TOTAL | C22: 5482175 | D22: =SUM(D18:D20) -> 13403356 | E22: =SUM(E18:E20) -> 10193424 | F22: 9922288 | G22: =SUM(G18:G20) -> 10744147 | H22: =SUM(H18:H20) -> 12032078 | I22: =SUM(I18:I20) -> 7582888 | J22: =SUM(J18:J20) -> 14725964 | K22: =SUM(K18:K20) -> 13822066 | L22: =SUM(L18:L20) -> 9582705 | M22: =SUM(M18:M20) -> 14600855 | N22: =SUM(N18:N20) -> 20638435
B23: =sum(C22:N22) -> 142730381
A24: CPVC FITTING | B24: CPVC | C24: 6117070 | D24: 15496135 | E24: 9666589 | F24: 14204258 | G24: 18482892 | H24: 10005819 | I24: 10021119 | J24: 11467264 | K24: 13211505 | L24: 33066792 | M24: 22475295 | N24: 29714464
A25: CPVC PIPE | B25: CPVC PIPE | C25: 5651931 | D25: 14831072 | E25: 8420427 | F25: 11889066 | G25: 18055874 | H25: 10275997 | I25: 10353651 | J25: 10947742 | K25: 11631260 | L25: 35345323 | M25: 38825890 | N25: 36840689
A26: UPVC FITTING | B26: UPVC | C26: 4154323 | D26: 9503493 | E26: 6456936 | F26: 5861284 | G26: 6235383 | H26: 6119786 | I26: 3789628 | J26: 6573969 | K26: 6205234 | L26: 7205124 | M26: 7913456 | N26: 14215727
A27: UPVC PIPE | B27: UPVC PIPE | C27: 3727425 | D27: 15099719 | E27: 10670290 | F27: 5205006 | G27: 6830420 | H27: 9003867 | I27: 7452625 | J27: 7559688 | K27: 9343253 | L27: 8477036 | M27: 17688832 | N27: 17925754
A28: SWR | B28: SWR | C28: 10834553 | D28: 19902769 | E28: 13277076 | F28: 13305459 | G28: 13129133 | H28: 4703535 | I28: 14267271 | J28: 13969701 | K28: 15771854 | L28: 15488122 | M28: 22710909 | N28: 27148185
A29: AGRI | B29: AGRI | C29: 2229134 | D29: 4516570 | E29: 3299701 | F29: 4999255 | G29: 3538050 | H29: 19973789 | I29: 4175277 | J29: 3314605 | K29: 3828160 | L29: 4554583 | M29: 5820676 | N29: 6174214
A30: WATER TANK | B30: WATER TANK | C30: 5512108 | D30: 10582941 | E30: 12153413 | F30: 12718008 | G30: 9065753 | H30: 11021729 | I30: 11020307 | J30: 11370839 | K30: 15599115 | L30: 10766150 | M30: 10678220 | N30: 23273133
A31: HDPE PIPE | B31: HDPE PIPE | C31: 0 | D31: 10394036 | E31: 42442809 | F31: 33345978 | G31: 6959242 | H31: 4554640 | I31: 41690065 | J31: 267194 | K31: 0 | L31: 916889 | M31: 0 | N31: 5527656
A32: GARDEN PIPE | B32: GARDEEN PIPE | C32: 1066245 | D32: 4476875 | E32: 6066241 | F32: 2045737 | G32: 1712576 | H32: 1989758 | I32: 1772226 | J32: 3659384 | K32: 5740398 | L32: 6714972 | M32: 7390444 | N32: 10189677
A33: =SUM(C33:N33) -> 1203833721 | B33: TOTAL | C33: 39292789 | D33: =SUM(D24:D32) -> 104803610 | E33: =SUM(E24:E32) -> 112453482 | F33: 103574051 | G33: =SUM(G24:G32) -> 84009323 | H33: =SUM(H24:H32) -> 77648920 | I33: =SUM(I24:I32) -> 104542169 | J33: =SUM(J24:J32) -> 69130386 | K33: =SUM(K24:K32) -> 81330779 | L33: =SUM(L24:L32) -> 122534991 | M33: =SUM(M24:M32) -> 133503722 | N33: =SUM(N24:N32) -> 171009499
B34: =sum(C33:N33) -> 1203833721
A36: HARDWARE | B36: HARDWARE | C36: 326668 | D36: 1315030 | E36: 1956053 | F36: 616723 | G36: 1231217 | H36: 693443 | I36: 432735 | J36: 1139124 | K36: 1317877 | L36: 1385137 | M36: 304908 | N36: 2662472
A41: =SUM(C41:N41) -> 13381387 | B41: TOTAL | C41: 326668 | D41: =SUM(D36:D40) -> 1315030 | E41: =SUM(E36:E40) -> 1956053 | F41: 616723 | G41: =SUM(G36:G40) -> 1231217 | H41: =SUM(H36:H40) -> 693443 | I41: =SUM(I36:I40) -> 432735 | J41: =SUM(J36:J40) -> 1139124 | K41: =SUM(K36:K40) -> 1317877 | L41: =SUM(L36:L40) -> 1385137 | M41: =SUM(M36:M40) -> 304908 | N41: =SUM(N36:N40) -> 2662472
B42: =sum(C41:N41) -> 13381387
A43: CONNECTION | B43: CONNECTION | C43: 2627785 | D43: 5966488 | E43: 7499218 | F43: 5229967 | G43: 6829405 | H43: 4943243 | I43: 4650534 | J43: 6724471 | K43: 6171387 | L43: 6426295 | M43: 6868519 | N43: 10058731
A44: WASTE PIPE | B44: WASTE-PIPE | C44: 1350525 | D44: 2275180 | E44: 2276011 | F44: 2620317 | G44: 2256863 | H44: 2101681 | I44: 1658666 | J44: 2658974 | K44: 1920377 | L44: 2165544 | M44: 2182789 | N44: 3715921
A46: =SUM(C46:N46) -> 101178891 | B46: TOTAL | C46: 3978310 | D46: =SUM(D43:D45) -> 8241668 | E46: =SUM(E43:E45) -> 9775229 | F46: 7850284 | G46: =SUM(G43:G45) -> 9086268 | H46: =SUM(H43:H45) -> 7044924 | I46: =SUM(I43:I45) -> 6309200 | J46: =SUM(J43:J45) -> 9383445 | K46: =SUM(K43:K45) -> 8091764 | L46: =SUM(L43:L45) -> 8591839 | M46: =SUM(M43:M45) -> 9051308 | N46: =SUM(N43:N45) -> 13774652
B47: =sum(C46:N46) -> 101178891
A48: SANITARYWARE | B48: SANITARYWARE | C48: 5919661 | D48: 7697456 | E48: 13794315 | F48: 9453904 | G48: 7112344 | H48: 10068727 | I48: 5564658 | J48: 11292501 | K48: 10567798 | L48: 11340343 | M48: 8072366 | N48: 18587133
A50: =SUM(C50:N50) -> 119471206 | B50: TOTAL | C50: 5919661 | D50: =SUM(D48:D49) -> 7697456 | E50: =SUM(E48:E49) -> 13794315 | F50: 9453904 | G50: =SUM(G48:G49) -> 7112344 | H50: =SUM(H48:H49) -> 10068727 | I50: =SUM(I48:I49) -> 5564658 | J50: =SUM(J48:J49) -> 11292501 | K50: =SUM(K48:K49) -> 10567798 | L50: =SUM(L48:L49) -> 11340343 | M50: =SUM(M48:M49) -> 8072366 | N50: =SUM(N48:N49) -> 18587133
B51: =sum(C50:N50) -> 119471206
A52: =SUM(C52:N52) -> 3417311917 | B52: SUBTOTAL | C52: 127064276 | D52: =D50+D46+D41+D33+D22+D16+D9 -> 263987683 | E52: =E50+E46+E41+E33+E22+E16+E9 -> 297280519 | F52: 244893404 | G52: =G50+G46+G41+G33+G22+G16+G9 -> 240146868 | H52: =H50+H46+H41+H33+H22+H16+H9 -> 241524486 | I52: =I50+I46+I41+I33+I22+I16+I9 -> 228086733 | J52: =J50+J46+J41+J33+J22+J16+J9 -> 334329902 | K52: =K50+K46+K41+K33+K22+K16+K9 -> 323713408 | L52: =L50+L46+L41+L33+L22+L16+L9 -> 289189077 | M52: =M50+M46+M41+M33+M22+M16+M9 -> 324521028 | N52: =N50+N46+N41+N33+N22+N16+N9 -> 502574533
B53: =sum(C52:N52) -> 3417311917
B55: GRAND TOTAL | C55: =SUM(C52:N52) -> 3417311917

Sheet PUR PL
A2: Profit & loss (Purchase)
A3: MONTH | B3: 44675 | D3: 44705 | F3: 45101 | H3: 44766 | J3: 45162 | L3: 44828 | N3: 44858 | P3: 44889 | R3: 44919 | T3: 44586 | V3: 44617 | X3: 44645 | Z3: TOTAL
A4: SENGMENT | B4: LOSS | C4: PROFIT | D4: LOSS | E4: PROFIT | F4: LOSS | G4: PROFIT | H4: LOSS | I4: PROFIT | J4: LOSS | K4: PROFIT | L4: LOSS | M4: PROFIT | N4: LOSS | O4: PROFIT | P4: LOSS | Q4: PROFIT | R4: LOSS | S4: PROFIT | T4: LOSS | U4: PROFIT | V4: LOSS | W4: PROFIT | X4: LOSS | Y4: PROFIT | Z4: LOSS | AA4: PROFIT
A5: PTMT RAWMATERIAL | B5: -185800 | C5: 21100 | D5: -357395 | E5: 93625 | F5: -466700 | G5: 68100 | H5: -306950 | I5: 831760 | J5: -90300 | K5: 34000 | L5: -211750 | M5: 504568 | N5: -278090 | O5: 1252554 | P5: -174375 | Q5: 934760 | R5: -34260 | S5: 2985320 | T5: -137140 | U5: 1963740 | V5: -291440 | W5: 1301740 | X5: -313910 | Y5: 4109900 | Z5: =B5+D5+F5+H5+J5+L5+N5+P5+R5+T5+V5+X5 -> -2848110 | AA5: =C5+E5+G5+I5+K5+M5+O5+Q5+S5+U5+W5+Y5 -> 14101167
A6: PTMT BOP | B6: -153087 | C6: 438354 | D6: -70365 | E6: 689118 | F6: -90516 | G6: 331096 | H6: -93036.2 | I6: 660471.1 | J6: -154739 | K6: 405367 | L6: -245898.62 | M6: 1109012.5 | N6: -227275 | O6: 785371 | P6: -469382 | Q6: 815551 | R6: -381502 | S6: 707616 | T6: -530037 | U6: 887958 | V6: -278457 | W6: 694922 | X6: -206940 | Y6: 420627 | Z6: =B6+D6+F6+H6+J6+L6+N6+P6+R6+T6+V6+X6 -> -2901234.8 | AA6: =C6+E6+G6+I6+K6+M6+O6+Q6+S6+U6+W6+Y6 -> 7945463.6
A7: PTMT CONSUMABLE | B7: 0 | C7: 11899 | D7: -500 | E7: 30239 | F7: -500 | G7: 17752 | H7: -500 | I7: 20212 | J7: -1432 | K7: 20520 | L7: -649 | M7: 20772 | N7: -1100 | O7: 32370 | P7: 0 | Q7: 9300 | R7: -1153 | S7: 24312 | T7: -1000 | U7: 36692 | V7: -725 | W7: 21246 | X7: -1045 | Y7: 25262 | Z7: =B7+D7+F7+H7+J7+L7+N7+P7+R7+T7+V7+X7 -> -8604 | AA7: =C7+E7+G7+I7+K7+M7+O7+Q7+S7+U7+W7+Y7 -> 270576
A8: PTMT PACKING | B8: -64311 | C8: 94231 | D8: -88801 | E8: 141866 | F8: -61202 | G8: 83255 | H8: -103674.22 | I8: 127557.56 | J8: -108206 | K8: 91956 | L8: -295355 | M8: 95812 | N8: -329111 | O8: 66466 | P8: -206688 | Q8: 41208 | R8: -299309 | S8: 52008 | T8: -340057 | U8: 89306 | V8: -259094 | W8: 74335 | X8: -265821 | Y8: 77834 | Z8: =B8+D8+F8+H8+J8+L8+N8+P8+R8+T8+V8+X8 -> -2421629.2 | AA8: =C8+E8+G8+I8+K8+M8+O8+Q8+S8+U8+W8+Y8 -> 1035834.6
A9: PTMT TRADING | B9: -17095 | C9: 14947 | D9: -17584 | E9: 1560 | F9: -1516 | G9: 5250 | H9: 0 | I9: 10587 | J9: -38576 | K9: 0 | L9: -16744 | M9: 802.5 | N9: -16800 | O9: 6660 | P9: -18800 | Q9: 4998 | R9: -29726 | S9: 0 | T9: -9335 | U9: 17100 | V9: -23140 | W9: 0 | X9: -13800 | Y9: 24430 | Z9: =B9+D9+F9+H9+J9+L9+N9+P9+R9+T9+V9+X9 -> -203116 | AA9: =C9+E9+G9+I9+K9+M9+O9+Q9+S9+U9+W9+Y9 -> 86334.5
A10: TOTAL | B10: =SUM(B5:B9) -> -420293 | C10: =SUM(C5:C9) -> 580531 | D10: =SUM(D5:D9) -> -534645 | E10: =SUM(E5:E9) -> 956408 | F10: =SUM(F5:F9) -> -620434 | G10: =SUM(G5:G9) -> 505453 | H10: =SUM(H5:H9) -> -504160.42 | I10: =SUM(I5:I9) -> 1650587.7 | ... Y10: =SUM(Y5:Y9) -> 4658053 | Z10: =B10+D10+F10+H10+J10+L10+N10+P10+R10+T10+V10+X10 -> -8382694 | AA10: =C10+E10+G10+I10+K10+M10+O10+Q10+S10+U10+W10+Y10 -> 23439376
A12: CP RAWMATERIAL | B12: -1545775 | C12: 0 | D12: -1859944 | E12: 0 | F12: -819811 | G12: 0 | H12: -1315370 | I12: 0 | J12: -174377 | K12: 0 | L12: -916772 | M12: 0 | N12: -1389148 | O12: 0 | P12: -350098 | Q12: 0 | R12: -626119 | S12: 0 | T12: -796845 | U12: 0 | V12: -1239247 | W12: 0 | X12: -2039204 | Y12: 0 | Z12: =B12+D12+F12+H12+J12+L12+N12+P12+R12+T12+V12+X12 -> -13072710 | AA12: =C12+E12+G12+I12+K12+M12+O12+Q12+S12+U12+W12+Y12 -> 0
A13: CP BOP | B13: -244469 | C13: 156691 | D13: -730917 | E13: 116120 | F13: -670084 | G13: 82870 | H13: -712230.33 | I13: 137285.5 | J13: -399819 | K13: 112621 | L13: -340355 | M13: 263153 | N13: -758167 | O13: 354642 | P13: -438023 | Q13: 167155 | R13: -481816 | S13: 192329 | T13: -682815 | U13: 324959 | V13: -570921 | W13: 474946 | X13: -770848 | Y13: 281319 | Z13: =B13+D13+F13+H13+J13+L13+N13+P13+R13+T13+V13+X13 -> -6800464.3 | AA13: =C13+E13+G13+I13+K13+M13+O13+Q13+S13+U13+W13+Y13 -> 2664090.5
A14: CP CONSUMABLE | B14: -160 | C14: 6152 | D14: 0 | E14: 5127 | F14: -341 | G14: 3949 | H14: 0 | I14: 0 | J14: -36142 | K14: 3360 | L14: -999 | M14: 5203 | N14: -1555 | O14: 4469 | P14: -960 | Q14: 3397 | R14: -1460 | S14: 3343 | T14: -3462 | U14: 3826 | V14: -1750 | W14: 4749 | X14: -1918 | Y14: 3630 | Z14: =B14+D14+F14+H14+J14+L14+N14+P14+R14+T14+V14+X14 -> -48747 | AA14: =C14+E14+G14+I14+K14+M14+O14+Q14+S14+U14+W14+Y14 -> 47205
A15: CP PACKING | B15: -40077 | C15: 37443 | D15: -12088 | E15: 38452 | F15: -7515 | G15: 19638 | H15: -13300 | I15: 29792.58 | J15: -26134 | K15: 20103 | L15: -37097 | M15: 8577 | N15: -63289 | O15: 7780 | P15: -42207 | Q15: 5680 | R15: -77167 | S15: 10541 | T15: -103880 | U15: 16734 | V15: -50233 | W15: 15627 | X15: -59438 | Y15: 16215 | Z15: =B15+D15+F15+H15+J15+L15+N15+P15+R15+T15+V15+X15 -> -532425 | AA15: =C15+E15+G15+I15+K15+M15+O15+Q15+S15+U15+W15+Y15 -> 226582.58
A16: CP TRADING | B16: -140317 | C16: 16019 | D16: -144697 | E16: 65370 | F16: -120184 | G16: 17882 | H16: -182848 | I16: 294477 | J16: -68236 | K16: 13118 | L16: -74214 | M16: 222222 | N16: -115771 | O16: 108076 | P16: -63798 | Q16: 228374 | R16: -117270 | S16: 137255 | T16: -297279 | U16: 284578 | V16: -149711 | W16: 162134 | X16: -558020 | Y16: 250827 | Z16: =B16+D16+F16+H16+J16+L16+N16+P16+R16+T16+V16+X16 -> -2032345 | AA16: =C16+E16+G16+I16+K16+M16+O16+Q16+S16+U16+W16+Y16 -> 1800332
A17: TOTAL | B17: =SUM(B12:B16) -> -1970798 | C17: =SUM(C12:C16) -> 216305 | D17: =SUM(D12:D16) -> -2747646 | E17: =SUM(E12:E16) -> 225069 | F17: =SUM(F12:F16) -> -1617935 | G17: =SUM(G12:G16) -> 124339 | H17: =SUM(H12:H16) -> -2223748.3 | I17: =SUM(I12:I16) -> 461555.08 | ... Y17: =SUM(Y12:Y16) -> 551991 | Z17: =B17+D17+F17+H17+J17+L17+N17+P17+R17+T17+V17+X17 -> -22486691 | AA17: =C17+E17+G17+I17+K17+M17+O17+Q17+S17+U17+W17+Y17 -> 4738210.1
A19: SINK RAWMATERIAL | B19: -10992 | C19: 108984 | D19: 0 | E19: 92067 | F19: -68865 | G19: 77448 | H19: 0 | I19: 56810 | J19: -19476 | K19: 297704 | L19: -33128 | M19: 0 | N19: -46006 | O19: 280858 | P19: 0 | Q19: 106800 | R19: -19246 | S19: 60192 | T19: 0 | U19: 129076 | V19: 0 | W19: 467808 | X19: -32416 | Y19: 70250 | Z19: =B19+D19+F19+H19+J19+L19+N19+P19+R19+T19+V19+X19 -> -230129 | AA19: =C19+E19+G19+I19+K19+M19+O19+Q19+S19+U19+W19+Y19 -> 1747997
A20: SINK BOP | B20: -5669 | C20: 9044 | D20: -18826 | E20: 7043 | F20: -1944 | G20: 10217 | H20: -10086.1 | I20: 7926.5 | J20: -360 | K20: 5834 | L20: -8884 | M20: 16093 | N20: -17243 | O20: 4812 | P20: -1683 | Q20: 5246 | R20: -17057 | S20: 6893 | T20: -12349 | U20: 20988 | V20: -12053 | W20: 6373 | X20: -30685 | Y20: 27723 | Z20: =B20+D20+F20+H20+J20+L20+N20+P20+R20+T20+V20+X20 -> -136839.1 | AA20: =C20+E20+G20+I20+K20+M20+O20+Q20+S20+U20+W20+Y20 -> 128192.5
A21: SINK CONSUMABLE | B21: -600 | C21: 2640 | D21: 0 | E21: 640 | F21: -10080 | G21: 0 | H21: -12080 | I21: 0 | J21: -6040 | K21: 0 | L21: -3680 | M21: 0 | N21: -1280 | O21: 0 | P21: 0 | Q21: 840 | R21: 0 | S21: 2920 | T21: 0 | U21: 4190 | V21: 0 | W21: 1740 | X21: 0 | Y21: 2800 | Z21: =B21+D21+F21+H21+J21+L21+N21+P21+R21+T21+V21+X21 -> -33760 | AA21: =C21+E21+G21+I21+K21+M21+O21+Q21+S21+U21+W21+Y21 -> 15770
A22: SINK PACKING | B22: -6871 | C22: 7153 | D22: -4688 | E22: 2111 | F22: -5459 | G22: 7253 | H22: -14180.34 | I22: 4229.18 | J22: -20604 | K22: 3308 | L22: -60376 | M22: 1694 | N22: -83761 | O22: 4260 | P22: -68300 | Q22: 2808 | R22: -63499 | S22: 1658 | T22: -84960 | U22: 4441 | V22: -102928 | W22: 250 | X22: -117500 | Y22: 1731 | Z22: =B22+D22+F22+H22+J22+L22+N22+P22+R22+T22+V22+X22 -> -633126.34 | AA22: =C22+E22+G22+I22+K22+M22+O22+Q22+S22+U22+W22+Y22 -> 40896.18
A23: SINK TRADING | B23: -400 | C23: 294 | D23: 0 | E23: 609 | F23: 0 | G23: 930 | H23: 0 | I23: 1250 | J23: 0 | K23: 305 | L23: -4367 | M23: 319 | N23: 0 | O23: 375 | P23: 0 | Q23: 270 | R23: -100 | S23: 318 | T23: -50 | U23: 540 | V23: -350 | W23: 539 | X23: -1150 | Y23: 1159 | Z23: =B23+D23+F23+H23+J23+L23+N23+P23+R23+T23+V23+X23 -> -6417 | AA23: =C23+E23+G23+I23+K23+M23+O23+Q23+S23+U23+W23+Y23 -> 6908
A24: TOTAL | B24: =SUM(B19:B23) -> -24532 | C24: =SUM(C19:C23) -> 128115 | D24: =SUM(D19:D23) -> -23514 | E24: =SUM(E19:E23) -> 102470 | F24: =SUM(F19:F23) -> -86348 | G24: =SUM(G19:G23) -> 95848 | H24: =SUM(H19:H23) -> -36346.44 | I24: =SUM(I19:I23) -> 70215.68 | ... Y24: =SUM(Y19:Y23) -> 103663 | Z24: =B24+D24+F24+H24+J24+L24+N24+P24+R24+T24+V24+X24 -> -1040271.4 | AA24: =C24+E24+G24+I24+K24+M24+O24+Q24+S24+U24+W24+Y24 -> 1939763.7
A26: C & U RAWMATERIAL | B26: -297635 | C26: 1732120 | D26: -2079680 | E26: 1187385 | F26: -5645127 | G26: 1970120 | H26: -2862545 | I26: 716695 | J26: -726015 | K26: 547675 | L26: -1359718 | M26: 4940895 | N26: -802165 | O26: 4286595 | P26: -603032 | Q26: 4029630 | R26: -801700 | S26: 2453515 | T26: -407225 | U26: 4651920 | V26: -597480 | W26: 2436375 | X26: -764782 | Y26: 9869555 | Z26: =B26+D26+F26+H26+J26+L26+N26+P26+R26+T26+V26+X26 -> -16947104 | AA26: =C26+E26+G26+I26+K26+M26+O26+Q26+S26+U26+W26+Y26 -> 38822480
A27: PLUMBING BOP | B27: -128635 | C27: 59365 | D27: -160464 | E27: 71034 | F27: -644096 | G27: 70794 | H27: -402520.5 | I27: 58617.9 | J27: -93129 | K27: 45285 | L27: -385548 | M27: 57654 | N27: -253229 | O27: 99924 | P27: -221690 | Q27: 84944 | R27: -199197 | S27: 74113 | T27: -278852 | U27: 99758 | V27: -311958 | W27: 68553 | X27: -566538 | Y27: 82613 | Z27: =B27+D27+F27+H27+J27+L27+N27+P27+R27+T27+V27+X27 -> -3645856.5 | AA27: =C27+E27+G27+I27+K27+M27+O27+Q27+S27+U27+W27+Y27 -> 872654.9
A28: PLUMBING PACKING | B28: -14341 | C28: 62028 | D28: -37785 | E28: 79587 | F28: -57920 | G28: 89741 | H28: -62095.5 | I28: 16188 | J28: -55397 | K28: 133953 | L28: -36520 | M28: 3055 | N28: -8750 | O28: 68287 | P28: -48148 | Q28: 8436 | R28: -86860 | S28: 176466 | T28: -81758 | U28: 115159 | V28: -47774 | W28: 34961 | X28: -103433 | Y28: 219453 | Z28: =B28+D28+F28+H28+J28+L28+N28+P28+R28+T28+V28+X28 -> -640781.5 | AA28: =C28+E28+G28+I28+K28+M28+O28+Q28+S28+U28+W28+Y28 -> 1007314
A29: PLUMBING TRADING | B29: 0 | C29: 20232 | D29: 0 | E29: 0 | F29: 0 | G29: 164598 | H29: 0 | I29: 47904 | J29: 0 | K29: 22440 | L29: -36835 | M29: 32270 | N29: 0 | O29: 38280 | P29: 0 | Q29: 43816 | R29: -8730 | S29: 52082 | T29: 0 | U29: 124732 | V29: 0 | W29: 21370 | X29: 0 | Y29: 31650 | Z29: =B29+D29+F29+H29+J29+L29+N29+P29+R29+T29+V29+X29 -> -45565 | AA29: =C29+E29+G29+I29+K29+M29+O29+Q29+S29+U29+W29+Y29 -> 599374
A30: PLUMBING CONSUMABLE | B30: -3360 | C30: 1287 | D30: -3964 | E30: 1910 | F30: -51677 | G30: 11082 | H30: -101320 | I30: 19077.9 | J30: -2320 | K30: 14043 | L30: -1250 | M30: 16145 | N30: -53199 | O30: 2560 | P30: -10629 | Q30: 796 | R30: -25042 | S30: 1165 | T30: -21716 | U30: 2340 | V30: -68988 | W30: 2100 | X30: -18040 | Y30: 1557 | Z30: =B30+D30+F30+H30+J30+L30+N30+P30+R30+T30+V30+X30 -> -361505 | AA30: =C30+E30+G30+I30+K30+M30+O30+Q30+S30+U30+W30+Y30 -> 74062.9
A31: TOTAL | B31: =SUM(B26:B30) -> -443971 | C31: =SUM(C26:C30) -> 1875032 | D31: =SUM(D26:D30) -> -2281893 | E31: =SUM(E26:E30) -> 1339916 | F31: =SUM(F26:F30) -> -6398820 | G31: =SUM(G26:G30) -> 2306335 | H31: =SUM(H26:H30) -> -3428481 | I31: =SUM(I26:I30) -> 858482.8 | ... Y31: =SUM(Y26:Y30) -> 10204828 | Z31: =B31+D31+F31+H31+J31+L31+N31+P31+R31+T31+V31+X31 -> -21640812 | AA31: =C31+E31+G31+I31+K31+M31+O31+Q31+S31+U31+W31+Y31 -> 41375886
A34: HARDWARE BOP | B34: 0 | C34: 0 | D34: -230 | E34: 17731 | F34: -18853 | G34: 4560 | H34: -2856 | I34: 0 | J34: -2856 | K34: 0 | L34: -29784 | M34: 18236 | N34: -2066 | O34: 978 | P34: 0 | Q34: 1488 | R34: -7265 | S34: 14288 | T34: -23180 | U34: 21868 | V34: -610 | W34: 19175 | X34: 0 | Y34: 7575 | Z34: =B34+D34+F34+H34+J34+L34+N34+P34+R34+T34+V34+X34 -> -87700 | AA34: =C34+E34+G34+I34+K34+M34+O34+Q34+S34+U34+W34+Y34 -> 105899
A35: HARDWARE CONSUMABLE | B35: 0 | C35: 0 | D35: 0 | E35: 0 | F35: 0 | G35: 0 | H35: 0 | I35: 0 | J35: 0 | K35: 0 | L35: 0 | M35: 0 | N35: 0 | O35: 0 | P35: 0 | Q35: 0 | R35: -39 | S35: 0 | T35: 0 | U35: 0 | V35: -50 | W35: 0 | X35: -50 | Y35: 0 | Z35: =B35+D35+F35+H35+J35+L35+N35+P35+R35+T35+V35+X35 -> -139 | AA35: =C35+E35+G35+I35+K35+M35+O35+Q35+S35+U35+W35+Y35 -> 0
A36: HARDWARE PACKING | B36: 0 | C36: 390 | D36: 0 | E36: 0 | F36: 0 | G36: 0 | H36: -693 | I36: 216 | J36: -4471 | K36: 0 | L36: 0 | M36: 0 | N36: 0 | O36: 0 | P36: -2756 | Q36: 0 | R36: -804 | S36: 0 | T36: -285 | U36: 0 | V36: -972 | W36: 0 | X36: -365 | Y36: 10 | Z36: =B36+D36+F36+H36+J36+L36+N36+P36+R36+T36+V36+X36 -> -10346 | AA36: =C36+E36+G36+I36+K36+M36+O36+Q36+S36+U36+W36+Y36 -> 616
A37: HARDWARE RM | B37: 0 | C37: 0 | D37: 0 | E37: 0 | F37: 0 | G37: 0 | H37: -5130 | I37: 0 | J37: 0 | K37: 0 | N37: -48565 | O37: 1527 | P37: 0 | Q37: 0 | R37: 0 | S37: 8641 | T37: 0 | U37: 0 | V37: 0 | W37: 0 | X37: 0 | Y37: 303 | Z37: =B37+D37+F37+H37+J37+L37+N37+P37+R37+T37+V37+X37 -> -53695 | AA37: =C37+E37+G37+I37+K37+M37+O37+Q37+S37+U37+W37+Y37 -> 10471
A38: HARDWARE TRADING | B38: 0 | C38: 0 | D38: -1992 | E38: 0 | F38: 0 | G38: 0 | H38: -3360 | I38: 0 | J38: 0 | K38: 0 | N38: -2466 | O38: 0 | P38: -1470 | Q38: 0 | R38: -1050 | S38: 0 | T38: -960 | U38: 0 | V38: -2940 | W38: 0 | X38: -120 | Y38: 0 | Z38: =B38+D38+F38+H38+J38+L38+N38+P38+R38+T38+V38+X38 -> -14358 | AA38: =C38+E38+G38+I38+K38+M38+O38+Q38+S38+U38+W38+Y38 -> 0
A39: TOTAL | B39: =SUM(B34:B38) -> 0 | C39: =SUM(C34:C38) -> 390 | D39: =SUM(D34:D38) -> -2222 | E39: =SUM(E34:E38) -> 17731 | F39: =SUM(F34:F38) -> -18853 | G39: =SUM(G34:G38) -> 4560 | H39: =SUM(H34:H38) -> -12039 | I39: =SUM(I34:I38) -> 216 | ... Y39: =SUM(Y34:Y38) -> 7888 | Z39: =B39+D39+F39+H39+J39+L39+N39+P39+R39+T39+V39+X39 -> -166238 | AA39: =C39+E39+G39+I39+K39+M39+O39+Q39+S39+U39+W39+Y39 -> 116986
A41: SANITARYWARE | B41: -42286 | C41: 61764 | D41: -79146 | E41: 99590 | F41: -166184 | G41: 150800 | H41: -100745 | I41: 206151 | J41: -101306 | K41: 108581 | L41: -48191 | M41: 68966 | N41: -77611 | O41: 91691 | P41: -71855 | Q41: 62709 | R41: -113406 | S41: 189905 | T41: -76644 | U41: 216887 | V41: -179085 | W41: 210130 | X41: -122097 | Y41: 327907 | Z41: =B41+D41+F41+H41+J41+L41+N41+P41+R41+T41+V41+X41 -> -1178556 | AA41: =C41+E41+G41+I41+K41+M41+O41+Q41+S41+U41+W41+Y41 -> 1795081
A42: SANITARYWARE PACKING | B42: 0 | C42: 0 | D42: 0 | E42: 0 | F42: 0 | G42: 0 | H42: 0 | I42: 0 | J42: 0 | K42: 0 | L42: 0 | M42: 0 | N42: 0 | O42: 0 | P42: 0 | Q42: 0 | R42: 0 | S42: 0 | T42: 0 | U42: 0 | V42: 0 | W42: 0 | Z42: =B42+D42+F42+H42+J42+L42+N42+P42+R42+T42+V42+X42 -> 0 | AA42: =C42+E42+G42+I42+K42+M42+O42+Q42+S42+U42+W42+Y42 -> 0
A43: TOTAL | B43: =SUM(B41:B42) -> -42286 | C43: =SUM(C41:C42) -> 61764 | D43: =SUM(D41:D42) -> -79146 | E43: =SUM(E41:E42) -> 99590 | F43: =SUM(F41:F42) -> -166184 | G43: =SUM(G41:G42) -> 150800 | H43: =SUM(H41:H42) -> -100745 | I43: =SUM(I41:I42) -> 206151 | ... Y43: =SUM(Y41:Y42) -> 327907 | Z43: =B43+D43+F43+H43+J43+L43+N43+P43+R43+T43+V43+X43 -> -1178556 | AA43: =C43+E43+G43+I43+K43+M43+O43+Q43+S43+U43+W43+Y43 -> 1795081
A45: TEFLON TAPE | B45: 0 | C45: 0 | D45: 0 | E45: 0 | F45: 0 | G45: 0 | H45: 0 | I45: 30960 | J45: 0 | K45: 51600 | L45: 0 | M45: 116502 | N45: 0 | O45: 77200 | P45: 0 | Q45: 57600 | R45: 0 | S45: 60000 | T45: 0 | U45: 57000 | V45: 0 | W45: 130800 | X45: 0 | Y45: 172200 | Z45: =B45+D45+F45+H45+J45+L45+N45+P45+R45+T45+V45+X45 -> 0 | AA45: =C45+E45+G45+I45+K45+M45+O45+Q45+S45+U45+W45+Y45 -> 753862
A47: TOTAL | B47: =SUM(B45:B46) -> 0 | C47: =SUM(C45:C46) -> 0 | D47: =SUM(D45:D46) -> 0 | E47: =SUM(E45:E46) -> 0 | F47: =SUM(F45:F46) -> 0 | G47: =SUM(G45:G46) -> 0 | H47: =SUM(H45:H46) -> 0 | I47: =SUM(I45:I46) -> 30960 | ... Y47: =SUM(Y45:Y46) -> 172200 | Z47: =B47+D47+F47+H47+J47+L47+N47+P47+R47+T47+V47+X47 -> 0 | AA47: =C47+E47+G47+I47+K47+M47+O47+Q47+S47+U47+W47+Y47 -> 753862
A49: GLASS BOP | B49: 0 | C49: 0 | D49: 0 | E49: 0 | F49: 0 | G49: 0 | H49: 0 | I49: 0 | J49: 0 | K49: 0 | L49: 0 | M49: 0 | N49: -1400 | O49: 0 | R49: 0 | S49: 0 | T49: 0 | U49: 0 | V49: 0 | W49: 0 | X49: 0 | Y49: 0 | Z49: =B49+D49+F49+H49+J49+L49+N49+P49+R49+T49+V49 -> -1400 | AA49: =C49+E49+G49+I49+K49+M49+O49+Q49+S49+U49+W49 -> 0
A50: GLASS CONSUMABLE | B50: 0 | C50: 0 | D50: 0 | E50: 0 | F50: 0 | G50: 0 | H50: 0 | I50: 0 | J50: 0 | K50: 0 | L50: 0 | M50: 0 | N50: 0 | O50: 0 | R50: 0 | S50: 0 | T50: 0 | U50: 0 | V50: 0 | W50: 0 | X50: 0 | Y50: 0 | Z50: =B50+D50+F50+H50+J50+L50+N50+P50+R50+T50+V50 -> 0 | AA50: =C50+E50+G50+I50+K50+M50+O50+Q50+S50+U50+W50 -> 0
A51: GLASS RM | B51: 0 | C51: 0 | D51: 0 | E51: 0 | F51: 0 | G51: 0 | H51: 0 | I51: 0 | J51: 0 | K51: 0 | L51: 0 | M51: 0 | N51: 0 | O51: 0 | R51: 0 | S51: 0 | T51: -12000 | U51: 0 | V51: -2000 | W51: 0 | X51: 0 | Y51: 0 | Z51: =B51+D51+F51+H51+J51+L51+N51+P51+R51+T51+V51 -> -14000 | AA51: =C51+E51+G51+I51+K51+M51+O51+Q51+S51+U51+W51 -> 0
A52: TOTAL | B52: =SUM(B49:B51) -> 0 | C52: =SUM(C49:C51) -> 0 | D52: =SUM(D49:D51) -> 0 | E52: =SUM(E49:E51) -> 0 | F52: =SUM(F49:F51) -> 0 | G52: =SUM(G49:G51) -> 0 | H52: =SUM(H49:H51) -> 0 | I52: =SUM(I49:I51) -> 0 | ... O52: =SUM(O49:O51) -> 0 | P52: 0 | Q52: 0 | R52: 0 | S52: 0 | T52: =SUM(T49:T51) -> -12000 | U52: 0 | V52: =SUM(V49:V51) -> -2000 | W52: 0 | X52: 0 | Y52: 0 | Z52: =B52+D52+F52+H52+J52+L52+N52+P52+R52+T52+V52 -> -15400 | AA52: =C52+E52+G52+I52+K52+M52+O52+Q52+S52+U52+W52 -> 0
A54: CONSUMABLE | B54: -794290 | C54: 696867 | D54: -6169278 | E54: 1076223 | F54: -3283537 | G54: 2745660 | H54: 0 | I54: 0 | J54: -541125 | K54: 897865 | L54: -474639 | M54: 1145793 | N54: -848338 | O54: 288993 | P54: -535515 | Q54: 1067915 | R54: -520890 | S54: 517397 | T54: -829324 | U54: 628681 | V54: =-991974-2000 -> -993974 | W54: 532944 | X54: =-669626-480 -> -670106 | Y54: 678876 | Z54: =B54+D54+F54+H54+J54+L54+N54+P54+R54+T54+V54+X54 -> -15661016 | AA54: =C54+E54+G54+I54+K54+M54+O54+Q54+S54+U54+W54+Y54 -> 10277214
A56: TOTAL | B56: =SUM(B54:B55) -> -794290 | C56: =SUM(C54:C55) -> 696867 | D56: =SUM(D54:D55) -> -6169278 | E56: =SUM(E54:E55) -> 1076223 | F56: =SUM(F54:F55) -> -3283537 | G56: =SUM(G54:G55) -> 2745660 | H56: =SUM(H54:H55) -> 0 | I56: =SUM(I54:I55) -> 0 | ... Y56: =SUM(Y54:Y55) -> 678876 | Z56: =B56+D56+F56+H56+J56+L56+N56+P56+R56+T56+V56+X56 -> -15661016 | AA56: =C56+E56+G56+I56+K56+M56+O56+Q56+S56+U56+W56+Y56 -> 10277214
A58: SUB TOTAL | B58: =SUMIF($A$5:$A$56,"TOTAL",B5:B56) -> -3696170 | C58: =SUMIF($A$5:$A$56,"TOTAL",C5:C56) -> 3559004 | D58: =SUMIF($A$5:$A$56,"TOTAL",D5:D56) -> -11838344 | E58: =SUMIF($A$5:$A$56,"TOTAL",E5:E56) -> 3817407 | F58: =SUMIF($A$5:$A$56,"TOTAL",F5:F56) -> -12192111 | G58: =SUMIF($A$5:$A$56,"TOTAL",G5:G56) -> 5932995 | H58: =SUMIF($A$5:$A$56,"TOTAL",H5:H56) -> -6305520.2 | I58: =SUMIF($A$5:$A$56,"TOTAL",I5:I56) -> 3278168.2 | ... Y58: =SUMIF($A$5:$A$56,"TOTAL",Y5:Y56) -> 16705406 | Z58: =B58+D58+F58+H58+J58+L58+N58+P58+R58+T58+V58+X58 -> -70571679 | AA58: =C58+E58+G58+I58+K58+M58+O58+Q58+S58+U58+W58+Y58 -> 84436378
C60: =B58+C58 -> -137166 | E60: =D58+E58 -> -8020937 | G60: =F58+G58 -> -6259116 | I60: =H58+I58 -> -3027352 | K60: =J58+K58 -> 158578 | M60: =L58+M58 -> 4024990.4 | O60: =N58+O58 -> 2438343 | Q60: =P58+Q58 -> 4354312 | S60: =R58+S58 -> 3817610 | U60: =T58+U58 -> 4971320 | W60: =V58+W58 -> 1496937 | Y60: =X58+Y58 -> 10047180 | AA60: =Z58+AA58 -> 13864699

Sheet PURCHASE
B1: PURCHASE FY 2024-25
B2: MONTH | C2: APR | D2: MAY | E2: JUNE | F2: JULY | G2: AUG | H2: SEP | I2: OCT | J2: NOV | K2: DEC | L2: JAN | M2: FEB | N2: MAR
A4: PTMT RM | B4: PTMT RAWMATERIAL | C4: 6620200 | D4: 13281950 | E4: 8180800 | F4: 14456965 | G4: 2887400 | H4: 15210132 | I4: 11164386 | J4: 8569940 | K4: 11041940 | L4: 13242300 | M4: 13138300 | N4: 21380010
A5: PTMT BOP | B5: PTMT BOP | C5: 2832733 | D5: 2987513 | E5: 3048297 | F5: 3634748 | G5: 2992085 | H5: 6371417 | I5: 6076328 | J5: 7199884 | K5: 4451169 | L5: 6826937 | M5: 5844921 | N5: 3354031
A6: PTMT CONSUMABLE | B6: PTMT CONSUMABLE | C6: 369132 | D6: 528541 | E6: 276608 | F6: 358268 | G6: 319720 | H6: 444848 | I6: 496500 | J6: 147430 | K6: 313973 | L6: 466988 | M6: 332314 | N6: 350798
A7: PTMT PACKING | B7: PTMT PACKING | C7: 4310711 | D7: 4750133 | E7: 2850807 | F7: 4715397 | G7: 3332183 | H7: 5553572 | I7: 4723821 | J7: 2861131 | K7: 3889715 | L7: 5332760 | M7: 3925636 | N7: 4027223
A8: PTMT TRADING | B8: PTMT TRADING | C8: 567718 | D8: 660782 | E8: 417550 | F8: 958793 | G8: 564790 | H8: 264326 | I8: 759930 | J8: 282630 | K8: 408935 | L8: 785895 | M8: 496820 | N8: 351840
B9: TOTAL | C9: =SUM(C4:C8) -> 14700494 | D9: =SUM(D4:D8) -> 22208919 | E9: =SUM(E4:E8) -> 14774062 | F9: 24124171 | G9: =SUM(G4:G8) -> 10096178 | H9: =SUM(H4:H8) -> 27844295 | I9: =SUM(I4:I8) -> 23220965 | J9: =SUM(J4:J8) -> 19061015 | K9: =SUM(K4:K8) -> 20105732 | L9: =SUM(L4:L8) -> 26654880 | M9: =SUM(M4:M8) -> 23737991 | N9: =SUM(N4:N8) -> 29463902
A11: CP RM | B11: CP RAWMATERIAL | C11: 16650480 | D11: 13279509 | E11: 5696469 | F11: 11540970 | G11: 3210942 | H11: 11694738 | I11: 14110253 | J11: 4287631 | K11: 11273506 | L11: 11953887 | M11: 13389479 | N11: 17073872
A12: CP BOP | B12: CP BOP | C12: 14865097 | D12: 16636841 | E12: 13097361 | F12: 15716638 | G12: 11221103 | H12: 14910131 | I12: 21566935 | J12: 11361227 | K12: 13880671 | L12: 20964492 | M12: 18112504 | N12: 17434196
A13: CP CONSUMABLE | B13: CP CONSUMABLE | C13: 106018 | D13: 200155 | E13: 195341 | F13: 209025 | G13: 385525 | H13: 287786 | I13: 227779 | J13: 183843 | K13: 207435 | L13: 311506 | M13: 245731 | N13: 387904
A14: CP PACKING | B14: CP PACKING | C14: 1316856 | D14: 1003637 | E14: 828867 | F14: 1009598 | G14: 1148141 | H14: 892312 | I14: 1354702 | J14: 689352 | K14: 1333471 | L14: 1277476 | M14: 1335681 | N14: 1510434
A15: CP TRADING | B15: CP TRADING | C15: 4177526 | D15: 5881705 | E15: 5118570 | F15: 7025278 | G15: 3247518 | H15: 6466813 | I15: 5132994 | J15: 4983944 | K15: 8745196 | L15: 13158188 | M15: 6878140 | N15: 12915916
B16: TOTAL | C16: =SUM(C11:C15) -> 37115977 | D16: =SUM(D11:D15) -> 37001847 | E16: =SUM(E11:E15) -> 24936608 | F16: 35501509 | G16: =SUM(G11:G15) -> 19213229 | H16: =SUM(H11:H15) -> 34251780 | I16: =SUM(I11:I15) -> 42392663 | J16: =SUM(J11:J15) -> 21505997 | K16: =SUM(K11:K15) -> 35440279 | L16: =SUM(L11:L15) -> 47665549 | M16: =SUM(M11:M15) -> 39961535 | N16: =SUM(N11:N15) -> 49322322
A18: SINK RM | B18: SINK RAWMATERIAL | C18: 4101413 | D18: 5941343 | E18: 5543017 | F18: 4641200 | G18: 4231472 | H18: 4908758 | I18: 8466630 | J18: 1073340 | K18: 6571868 | L18: 4532230 | M18: 7039170 | N18: 9991266
A19: SINK BOP | B19: SINK BOP | C19: 648504 | D19: 757146 | E19: 506771 | F19: 625074 | G19: 221007 | H19: 590690 | I19: 667449 | J19: 419503 | K19: 572334 | L19: 924045 | M19: 528969 | N19: 1467747
A20: SINK CONSUMABLE | B20: SINK CONSUMABLE | C20: 96370 | D20: 126430 | E20: 136000 | F20: 180740 | G20: 51800 | H20: 45100 | I20: 69800 | J20: 97800 | K20: 98600 | L20: 129000 | M20: 98100 | N20: 141380
A21: SINK PACKING | B21: SINK PACKING | C21: 735602 | D21: 343251 | E21: 530060 | F21: 488335 | G21: 380606 | H21: 606741 | I21: 633416 | J21: 469329 | K21: 496716 | L21: 647164 | M21: 815462 | N21: 1091909
A22: SINK TRADING | B22: SINK TRADING | C22: 179700 | D22: 272100 | E22: 101150 | F22: 135750 | G22: 117250 | H22: 438220 | I22: 175000 | J22: 366400 | K22: 115400 | L22: 193500 | M22: 252200 | N22: 578650
B23: TOTAL | C23: =SUM(C18:C22) -> 5761589 | D23: =SUM(D18:D22) -> 7440270 | E23: =SUM(E18:E22) -> 6816998 | F23: 6071099 | G23: =SUM(G18:G22) -> 5002135 | H23: =SUM(H18:H22) -> 6589509 | I23: =SUM(I18:I22) -> 10012295 | J23: =SUM(J18:J22) -> 2426372 | K23: =SUM(K18:K22) -> 7854918 | L23: =SUM(L18:L22) -> 6425939 | M23: =SUM(M18:M22) -> 8733901 | N23: =SUM(N18:N22) -> 13270952
A25: PLUMBING RM | B25: C & U RAWMATERIAL | C25: 41882835 | D25: 36217216 | E25: 66025658 | F25: 40422300 | G25: 36269195 | H25: 88338898 | I25: 60046825 | J25: 48625122 | K25: 50938085 | L25: 46928030 | M25: 44030704 | N25: 76675377
A26: PLUMBING BOP | B26: PLUMBING BOP | C26: 2347914 | D26: 2544985 | E26: 6532416 | F26: 4784126 | G26: 2680285 | H26: 7508084 | I26: 5423326 | J26: 4207315 | K26: 4615801 | L26: 4569138 | M26: 4315685 | N26: 6821046
A27: PLUMBING PACKING | B27: PLUMBING PACKING | C27: 770539 | D27: 1030810 | E27: 1195170 | F27: 1389531 | G27: 1188847 | H27: 728844 | I27: 1312157 | J27: 728996 | K27: 1108878 | L27: 977993 | M27: 852946 | N27: 1604659
A28: PLUMBING TRADING | B28: PLUMBING TRADING | C28: 343608 | D28: 0 | E28: 779454 | F28: 319776 | G28: 285720 | H28: 566645 | I28: 438688 | J28: 370728 | K28: 433084 | L28: 630448 | M28: 262410 | N28: 428710
A29: PLUMBING CONSUMABLE | B29: PLUMBING CONSUMABLE | C29: 24327 | D29: 283153 | E29: 512140 | F29: 597790 | G29: 364265 | H29: 381508 | I29: 615174 | J29: 340205 | K29: 639870 | L29: 513245 | M29: 442361 | N29: 476315
B30: TOTAL | C30: =SUM(C25:C29) -> 45369223 | D30: =SUM(D25:D29) -> 40076164 | E30: =SUM(E25:E29) -> 75044838 | F30: 47513523 | G30: =SUM(G25:G29) -> 40788312 | H30: =SUM(H25:H29) -> 97523979 | I30: =SUM(I25:I29) -> 67836170 | J30: =SUM(J25:J29) -> 54272366 | K30: =SUM(K25:K29) -> 57735718 | L30: =SUM(L25:L29) -> 53618854 | M30: =SUM(M25:M29) -> 49904106 | N30: =SUM(N25:N29) -> 86006107
A33: HW BOP | B33: HARDWARE BOP | C33: 45016 | D33: 255154 | E33: 119085 | F33: 683943 | G33: 6000 | H33: 289234 | I33: 302974 | J33: 13000 | K33: 205945 | L33: 328935 | M33: 155205 | N33: 111380
A34: HW CONSUMABLE | B34: HARDWARE CONSUMABLE | C34: 0 | D34: 2700 | E34: 0 | F34: 9100 | G34: 0 | H34: 15610 | I34: 21500 | J34: 0 | K34: 4453 | L34: 2000 | M34: 5050 | N34: 3270
A35: HW PACKING | B35: HARDWARE PACKING | C35: 9110 | D35: 16544 | E35: 5570 | F35: 22417 | G35: 25703 | H35: 23576 | I35: 0 | J35: 17606 | K35: 6604 | L35: 15902 | M35: 8962 | N35: 18580
A36: HARDWARE RM | B36: HARDWARE RM | C36: 0 | D36: 0 | E36: 0 | F36: 657404 | G36: 0 | H36: 0 | I36: 632328 | J36: 0 | K36: 752094 | L36: 0 | M36: 0 | N36: 196637
A37: HW TRADING | B37: HARDWARE TRADING | C37: 0 | D37: 61944 | E37: 0 | F37: 75936 | G37: 0 | H37: 7350 | I37: 315788 | J37: 103950 | K37: 72450 | L37: 43200 | M37: 73164 | N37: 5400
B38: TOTAL | C38: =SUM(C33:C37) -> 54126 | D38: =SUM(D33:D37) -> 336342 | E38: =SUM(E33:E37) -> 124655 | F38: 1448800 | G38: =SUM(G33:G37) -> 31703 | H38: =SUM(H33:H37) -> 335770 | I38: =SUM(I33:I37) -> 1272590 | J38: =SUM(J33:J37) -> 134556 | K38: =SUM(K33:K37) -> 1041546 | L38: =SUM(L33:L37) -> 390037 | M38: =SUM(M33:M37) -> 242381 | N38: =SUM(N33:N37) -> 335267
A40: SANITARYWARE. | B40: SANITARYWARE | C40: 4107513 | D40: 4976335 | E40: 6725061 | F40: 7158925 | G40: 4787397 | H40: 4578646 | I40: 5110980 | J40: 4726158 | K40: 7341373 | L40: 8247624 | M40: 4951234 | N40: 10240029
A41: SANITARYWARE PACKING | B41: SANITARYWARE PACKING | C41: 0 | D41: 94990 | E41: 0 | F41: 0 | G41: 0 | H41: 41170 | I41: 36685 | J41: 0 | K41: 0 | L41: 0 | M41: 0 | N41: 0
B42: TOTAL | C42: =SUM(C40:C41) -> 4107513 | D42: =SUM(D40:D41) -> 5071325 | E42: =SUM(E40:E41) -> 6725061 | F42: 7158925 | G42: =SUM(G40:G41) -> 4787397 | H42: =SUM(H40:H41) -> 4619816 | I42: =SUM(I40:I41) -> 5147665 | J42: =SUM(J40:J41) -> 4726158 | K42: =SUM(K40:K41) -> 7341373 | L42: =SUM(L40:L41) -> 8247624 | M42: =SUM(M40:M41) -> 4951234 | N42: =SUM(N40:N41) -> 10240029
A44: TEFLON TAPE | B44: TEFLON TAPE | C44: 504000 | D44: 27000 | E44: 0 | F44: 354840 | G44: 342000 | H44: 881298 | I44: 528000 | J44: 345600 | K44: 360000 | L44: 455400 | M44: 784800 | N44: 1146600
B46: TOTAL | C46: =SUM(C44:C45) -> 504000 | D46: =SUM(D44:D45) -> 27000 | E46: =SUM(E44:E45) -> 0 | F46: 354840 | G46: =SUM(G44:G45) -> 342000 | H46: =SUM(H44:H45) -> 881298 | I46: =SUM(I44:I45) -> 528000 | J46: =SUM(J44:J45) -> 345600 | K46: =SUM(K44:K45) -> 360000 | L46: =SUM(L44:L45) -> 455400 | M46: =SUM(M44:M45) -> 784800 | N46: =SUM(N44:N45) -> 1146600
A48: GLASS BOP | B48: GLASS BOP | C48: 0 | D48: 0 | E48: 0 | F48: 0 | G48: 0 | H48: 0 | I48: 0 | J48: 0 | K48: 0 | L48: 0 | M48: 0 | N48: 0
A49: GLASS CONSUMABLE | B49: GLASS CONSUMABLE | C49: 0 | D49: 0 | E49: 0 | F49: 0 | G49: 0 | H49: 0 | I49: 0 | J49: 0 | K49: 0 | L49: 0 | M49: 0 | N49: 0
A50: GLASS PACKING | B50: GLASS PACKING | C50: 0 | D50: 0 | E50: 0 | F50: 0 | G50: 0 | H50: 0 | I50: 0 | J50: 0 | K50: 0 | L50: 0 | M50: 0 | N50: 0
A51: GLASS RM | B51: GLASS RM | C51: 56940 | D51: 0 | E51: 0 | F51: 0 | G51: 0 | H51: 0 | I51: 15050 | J51: 0 | K51: 0 | L51: 129000 | M51: 21500 | N51: 0
B52: TOTAL | C52: =SUM(C48:C51) -> 56940 | D52: =SUM(D48:D51) -> 0 | E52: =SUM(E48:E51) -> 0 | F52: 0 | G52: =SUM(G48:G51) -> 0 | H52: =SUM(H48:H51) -> 0 | I52: =SUM(I48:I51) -> 15050 | J52: =SUM(J48:J51) -> 0 | K52: =SUM(K48:K51) -> 0 | L52: =SUM(L48:L51) -> 129000 | M52: =SUM(M48:M51) -> 21500 | N52: 0
A54: CONSUMABLE 1 | B54: CONSUMABLE | C54: 0 | D54: 18240 | E54: 52740 | F54: 24680 | G54: 2400 | H54: 285549 | I54: 43737 | J54: 20397 | K54: 17412 | L54: 9500 | M54: 27000 | N54: 10800
A55: COMMON | B55: COMMON | C55: 2318000 | D55: 8196284 | E55: 5567214 | F55: 5008117 | G55: 1377025 | H55: 2659917 | I55: 2556895 | J55: 1752637 | K55: 1857839 | L55: 2049374 | M55: 2442066 | N55: 2415148
A56: MAINTENANCE | B56: MAINTENANCE | C56: 0 | D56: 0 | E56: 0 | F56: 0 | G56: 0 | H56: 0
B57: TOTAL | C57: =SUM(C54:C56) -> 2318000 | D57: =SUM(D54:D56) -> 8214524 | E57: =SUM(E54:E56) -> 5619954 | F57: 5032797 | G57: =SUM(G54:G56) -> 1379425 | H57: =SUM(H54:H56) -> 2945466 | I57: =SUM(I54:I56) -> 2600632 | J57: =SUM(J54:J56) -> 1773034 | K57: =SUM(K54:K56) -> 1875251 | L57: =SUM(L54:L56) -> 2058874 | M57: =SUM(M54:M56) -> 2469066 | N57: =SUM(N54:N56) -> 2425948
B59: SUB TOTAL | C59: =SUMIF($B$3:$B$57,"TOTAL",C3:C57) -> 109987862 | D59: =SUMIF($B$3:$B$57,"TOTAL",D3:D57) -> 120376391 | E59: =SUMIF($B$3:$B$57,"TOTAL",E3:E57) -> 134042176 | F59: 127205664 | G59: =SUMIF($B$3:$B$57,"TOTAL",G3:G57) -> 81640379 | H59: =SUMIF($B$3:$B$57,"TOTAL",H3:H57) -> 174991913 | I59: =SUMIF($B$3:$B$57,"TOTAL",I3:I57) -> 153026030 | J59: =SUMIF($B$3:$B$57,"TOTAL",J3:J57) -> 104245098 | K59: =SUMIF($B$3:$B$57,"TOTAL",K3:K57) -> 131754817 | L59: =SUMIF($B$3:$B$57,"TOTAL",L3:L57) -> 145646157 | M59: =SUMIF($B$3:$B$57,"TOTAL",M3:M57) -> 130806514 | N59: =SUMIF($B$3:$B$57,"TOTAL",N3:N57) -> 192211127
B61: GRAND TOTAL | C61: =SUM(C59:N59) -> 1605934128

Sheet Sheet8
B3: CONSUMABLE 1 | C3: 343471.33
B4: CP BOP | C4: 16428942
B5: CP CONSUMABLE | C5: 161927.91
B6: CP PACKING | C6: 1180956.2
B7: CP RM | C7: 9725166
B8: CP TRADING | C8: 6604255.3
B9: FIXED ASSET | C9: 4968738.7
B10: HARDWARE PACKING | C10: 27622.6
B11: HW BOP | C11: 291676
B12: HW CONSUMABLE | C12: 5018
B13: HW PACKING | C13: 46036.1
B14: PLUMBING BOP | C14: 4341450.2
... B30: SINK TRADING | C30: 45250

Sheet SUMMARY1
A2: Profit & loss (SALE)
A3: MONTH | B3: 44673 | D3: 44703 | F3: 44734 | H3: 44764 | J3: 44795 | L3: 44826 | N3: 44856 | P3: 44887 | R3: 44917 | T3: 44584 | V3: 44615 | X3: 44643
A4: SENGMENT | B4: LOSE | C4: PROFIT | D4: LOSE | E4: PROFIT | F4: LOSE | G4: PROFIT | H4: LOSE | I4: PROFIT | J4: LOSE | K4: PROFIT | L4: LOSE | M4: PROFIT | N4: LOSE | O4: PROFIT | P4: LOSE | Q4: PROFIT | R4: LOSE | S4: PROFIT | T4: LOSE | U4: PROFIT | V4: LOSE | W4: PROFIT | X4: LOSE | Y4: PROFIT
A5: PTMT | B5: -556429 | C5: 641444 | D5: -877471 | E5: 534917
A6: CISTERN | B6: -49118 | C6: 24128 | D6: -157741 | E6: 15596
A7: CABINET | B7: -24079 | C7: 1977 | D7: -97294 | E7: 2831
A8: SEAT COVER | B8: -29148 | C8: 14663 | D8: -36036 | E8: 18281
A9: QUAA | B9: -548 | C9: 227 | D9: -1666 | E9: 897
A11: TOTAL | B11: =SUM(B5:B9) -> -659322 | C11: =SUM(C5:C9) -> 682439 | D11: =SUM(D5:D9) -> -1170208 | E11: =SUM(E5:E9) -> 572522
A13: CP | B13: -206455 | C13: 3684006
A14: CP ACCESSORIES | B14: -118450 | C14: 425417
A15: GLASS
A18: TOTAL | B18: =SUM(B13:B17) -> -324905 | C18: =SUM(C13:C17) -> 4109423
A20: SINK | B20: -172626 | C20: 556404
A21: JALI | B21: -14153 | C21: 12091
A22: P-RACK | B22: 0 | C22: 17863
A24: TOTAL | B24: =SUM(B20:B23) -> -186779 | C24: =SUM(C20:C23) -> 586358
A26: CPVC | B26: -205501 | C26: 861487
A27: CPVC PIPE | B27: 0 | C27: 1294677
A28: UPVC | B28: -271643 | C28: 63425
A29: UPVC PIPE | B29: -5221 | C29: 141152
A30: SWR | B30: -84862 | C30: 460273
A31: AGRI | B31: -113773 | C31: 107142
A32: WATER TANK | B32: -9385 | C32: 84520
A35: TOTAL | B35: =SUM(B26:B34) -> -690385 | C35: =SUM(C26:C34) -> 3012676
A38: HARDWARE | B38: -35674 | C38: 57478
A43: TOTAL | B43: =SUM(B38:B42) -> -35674 | C43: =SUM(C38:C42) -> 57478
A45: CONNECTION | B45: -85052 | C45: 35344
A46: WASTE-PIPE | B46: -17824 | C46: 70504
A47: TEFLON TAPE | B47: 0 | C47: 3334
A48: TOTAL | B48: =SUM(B45:B47) -> -102876 | C48: =SUM(C45:C47) -> 109182
A50: SANITARYWARE | B50: -288471 | C50: 354634
A52: TOTAL | B52: =SUM(B50:B51) -> -288471 | C52: =SUM(C50:C51) -> 354634
A54: SUBTOTAL | B54: =SUMIF($A$5:$A$52,"TOTAL",B5:B53) -> -2288412 | C54: =SUMIF($A$5:$A$52,"TOTAL",C5:C53) -> 8912190
B56: =B54 -> -2288412 | C56: =C54-D54 -> 8912190
B58: NET | C58: =B56+C56 -> 6623778
