Workbook

Sheet Sheet1
A1: 300005 | B1: 45770 | C1: GULATI TRADERS | D1: GP-345-MW | E1: 45772 | F1: 36 | G1: 365.07 | H1: 12879.67 | I1: GARDEN PIPE | J1: UTTAM NAGAR | K1: DELHI A | L1: ANANT SINGH | M1: PLUMBING GROUP | N1: FY-2025-26 | O1: {=IF(E1:E16335="","",VLOOKUP(E1:E16335,Sheet2!B3:C26,2,0))} -> FY-2025-26
A2: 300005 | B2: 45770 | C2: GULATI TRADERS | D2: GP-364-MW | E2: 45772 | F2: 42 | G2: 730.07 | H2: 30049.68 | I2: GARDEN PIPE | J2: UTTAM NAGAR | K2: DELHI A | L2: ANANT SINGH | M2: PLUMBING GROUP | N2: FY-2025-26 | O2: FY-2025-26
A3: 300005 | B3: 45770 | C3: GULATI TRADERS | D3: GP-346-MW | E3: 45772 | F3: 24 | G3: 540.13 | H3: 12703.86 | I3: GARDEN PIPE | J3: UTTAM NAGAR | K3: DELHI A | L3: ANANT SINGH | M3: PLUMBING GROUP | N3: FY-2025-26 | O3: FY-2025-26
A4: 300005 | B4: 45770 | C4: GULATI TRADERS | D4: GP-367-MW | E4: 45772 | F4: 4 | G4: 1130.32 | H4: 4430.85 | I4: GARDEN PIPE | J4: UTTAM NAGAR | K4: DELHI A | L4: ANANT SINGH | M4: PLUMBING GROUP | N4: FY-2025-26 | O4: FY-2025-26
A5: 300007 | B5: 45770 | C5: LOHIA & SONS (GHAZIABAD) | D5: GP-345-MW | E5: 45772 | F5: 36 | G5: 365.07 | H5: 13142.52 | I5: GARDEN PIPE | J5: SAHIBABAD | K5: UP ( A ) | L5: ANANT SINGH | M5: PLUMBING GROUP | N5: FY-2025-26 | O5: FY-2025-26
A6: 300007 | B6: 45770 | C6: LOHIA & SONS (GHAZIABAD) | D6: GP-346-MW | E6: 45772 | F6: 8 | G6: 540.13 | H6: 4321.04 | I6: GARDEN PIPE | J6: SAHIBABAD | K6: UP ( A ) | L6: ANANT SINGH | M6: PLUMBING GROUP | N6: FY-2025-26 | O6: FY-2025-26
A7: 300007 | B7: 45770 | C7: LOHIA & SONS (GHAZIABAD) | D7: GP-364-MO | E7: 45772 | F7: 12 | G7: 730.07 | H7: 8760.84 | I7: GARDEN PIPE | J7: SAHIBABAD | K7: UP ( A ) | L7: ANANT SINGH | M7: PLUMBING GROUP | N7: FY-2025-26 | O7: FY-2025-26
A8: 300007 | B8: 45770 | C8: LOHIA & SONS (GHAZIABAD) | D8: GP-345-MG | E8: 45772 | F8: 36 | G8: 365.07 | H8: 13142.52 | I8: GARDEN PIPE | J8: SAHIBABAD | K8: UP ( A ) | L8: ANANT SINGH | M8: PLUMBING GROUP | N8: FY-2025-26 | O8: FY-2025-26
A9: 300007 | B9: 45770 | C9: LOHIA & SONS (GHAZIABAD) | D9: GP-364-MW | E9: 45772 | F9: 18 | G9: 730.07 | H9: 13141.26 | I9: GARDEN PIPE | J9: SAHIBABAD | K9: UP ( A ) | L9: ANANT SINGH | M9: PLUMBING GROUP | N9: FY-2025-26 | O9: FY-2025-26
A10: 300007 | B10: 45770 | C10: LOHIA & SONS (GHAZIABAD) | D10: GP-367-MW | E10: 45772 | F10: 4 | G10: 1130.32 | H10: 4521.28 | I10: GARDEN PIPE | J10: SAHIBABAD | K10: UP ( A ) | L10: ANANT SINGH | M10: PLUMBING GROUP | N10: FY-2025-26 | O10: FY-2025-26
A11: 300007 | B11: 45770 | C11: LOHIA & SONS (GHAZIABAD) | D11: GP-345-MO | E11: 45772 | F11: 36 | G11: 365.07 | H11: 13142.52 | I11: GARDEN PIPE | J11: SAHIBABAD | K11: UP ( A ) | L11: ANANT SINGH | M11: PLUMBING GROUP | N11: FY-2025-26 | O11: FY-2025-26
A12: 300007 | B12: 45770 | C12: LOHIA & SONS (GHAZIABAD) | D12: GP-364-MB | E12: 45772 | F12: 18 | G12: 730.07 | H12: 13141.26 | I12: GARDEN PIPE | J12: SAHIBABAD | K12: UP ( A ) | L12: ANANT SINGH | M12: PLUMBING GROUP | N12: FY-2025-26 | O12: FY-2025-26
A13: 300007 | B13: 45770 | C13: LOHIA & SONS (GHAZIABAD) | D13: GP-345-MB | E13: 45772 | F13: 36 | G13: 365.07 | H13: 13142.52 | I13: GARDEN PIPE | J13: SAHIBABAD | K13: UP ( A ) | L13: ANANT SINGH | M13: PLUMBING GROUP | N13: FY-2025-26 | O13: FY-2025-26
A14: 300007 | B14: 45770 | C14: LOHIA & SONS (GHAZIABAD) | D14: GP-364-MG | E14: 45772 | F14: 18 | G14: 730.07 | H14: 13141.26 | I14: GARDEN PIPE | J14: SAHIBABAD | K14: UP ( A ) | L14: ANANT SINGH | M14: PLUMBING GROUP | N14: FY-2025-26 | O14: FY-2025-26
A15: 100166 | B15: 45772 | C15: CHATTAR BHOJ AND SONS (KAROL BAGH) | D15: 103 | E15: 45772 | F15: 108 | G15: 55.68 | H15: 5894.88 | I15: PTMT | J15: DELHI | K15: DELHI A | L15: ANANT SINGH | M15: PTMT GROUP | N15: FY-2025-26 | O15: FY-2025-26
A16: 100166 | B16: 45772 | C16: CHATTAR BHOJ AND SONS (KAROL BAGH) | D16: 187 | E16: 45772 | F16: 66 | G16: 243.84 | H16: 15773.28 | I16: PTMT | J16: DELHI | K16: DELHI A | L16: ANANT SINGH | M16: PTMT GROUP | N16: FY-2025-26 | O16: FY-2025-26
A17: 100166 | B17: 45772 | C17: CHATTAR BHOJ AND SONS (KAROL BAGH) | D17: 121 | E17: 45772 | F17: 216 | G17: 95.52 | H17: 20221.38 | I17: PTMT | J17: DELHI | K17: DELHI A | L17: ANANT SINGH | M17: PTMT GROUP | N17: FY-2025-26 | O17: FY-2025-26
A18: 100167 | B18: 45772 | C18: CHATTAR BHOJ AND SONS (KAROL BAGH) | D18: 190 | E18: 45772 | F18: 56 | G18: 191.04 | H18: 10485.88 | I18: PTMT | J18: DELHI | K18: DELHI A | L18: ANANT SINGH | M18: PTMT GROUP | N18: FY-2025-26 | O18: FY-2025-26
A19: 100167 | B19: 45772 | C19: CHATTAR BHOJ AND SONS (KAROL BAGH) | D19: 187 | E19: 45772 | F19: 66 | G19: 243.84 | H19: 15773.17 | I19: PTMT | J19: DELHI | K19: DELHI A | L19: ANANT SINGH | M19: PTMT GROUP | N19: FY-2025-26 | O19: FY-2025-26
A20: 100167 | B20: 45772 | C20: CHATTAR BHOJ AND SONS (KAROL BAGH) | D20: 121 | E20: 45772 | F20: 216 | G20: 95.52 | H20: 20221.28 | I20: PTMT | J20: DELHI | K20: DELHI A | L20: ANANT SINGH | M20: PTMT GROUP | N20: FY-2025-26 | O20: FY-2025-26
A21: 100167 | B21: 45772 | C21: CHATTAR BHOJ AND SONS (KAROL BAGH) | D21: 103 | E21: 45772 | F21: 108 | G21: 55.68 | H21: 5894.77 | I21: PTMT | J21: DELHI | K21: DELHI A | L21: ANANT SINGH | M21: PTMT GROUP | N21: FY-2025-26 | O21: FY-2025-26
A22: 100255 | B22: 45775 | C22: S S SANITATAION | D22: BEA-88B | E22: 45772 | F22: 120 | G22: 340.4 | H22: 40035.94 | I22: CP ACCESSORIES | J22: NOIDA | K22: DELHI NCR | L22: ANANT SINGH | M22: C P GROUP | N22: FY-2025-26 | O22: FY-2025-26
A23: 100269 | B23: 45775 | C23: SUMIT PAINT AND HARDWARE | D23: 1375-S | E23: 45772 | F23: 6 | G23: 719.04 | H23: 4316.14 | I23: PTMT | J23: NEW DELHI | K23: DELHI A | L23: ANANT SINGH | M23: PTMT GROUP | N23: FY-2025-26 | O23: FY-2025-26
A24: 100269 | B24: 45775 | C24: SUMIT PAINT AND HARDWARE | D24: 124 | E24: 45772 | F24: 92 | G24: 126.72 | H24: 11660.14 | I24: PTMT | J24: NEW DELHI | K24: DELHI A | L24: ANANT SINGH | M24: PTMT GROUP | N24: FY-2025-26 | O24: FY-2025-26
A25: 100269 | B25: 45775 | C25: SUMIT PAINT AND HARDWARE | D25: 151 | E25: 45772 | F25: 70 | G25: 298 | H25: 20861.9 | I25: PTMT | J25: NEW DELHI | K25: DELHI A | L25: ANANT SINGH | M25: PTMT GROUP | N25: FY-2025-26 | O25: FY-2025-26
A26: 100269 | B26: 45775 | C26: SUMIT PAINT AND HARDWARE | D26: 152 | E26: 45772 | F26: 66 | G26: 215.04 | H26: 14194.54 | I26: PTMT | J26: NEW DELHI | K26: DELHI A | L26: ANANT SINGH | M26: PTMT GROUP | N26: FY-2025-26 | O26: FY-2025-26
A27: 100269 | B27: 45775 | C27: SUMIT PAINT AND HARDWARE | D27: 324 | E27: 45772 | F27: 300 | G27: 51.84 | H27: 15553.9 | I27: CONNECTION | J27: NEW DELHI | K27: DELHI A | L27: ANANT SINGH | M27: PTMT GROUP | N27: FY-2025-26 | O27: FY-2025-26
A28: 100269 | B28: 45775 | C28: SUMIT PAINT AND HARDWARE | D28: 129 | E28: 45772 | F28: 24 | G28: 226.56 | H28: 5439.34 | I28: PTMT | J28: NEW DELHI | K28: DELHI A | L28: ANANT SINGH | M28: PTMT GROUP | N28: FY-2025-26 | O28: FY-2025-26
A29: 100269 | B29: 45775 | C29: SUMIT PAINT AND HARDWARE | D29: 132-T | E29: 45772 | F29: 30 | G29: 275.52 | H29: 8267.5 | I29: PTMT | J29: NEW DELHI | K29: DELHI A | L29: ANANT SINGH | M29: PTMT GROUP | N29: FY-2025-26 | O29: FY-2025-26
A30: 100269 | B30: 45775 | C30: SUMIT PAINT AND HARDWARE | D30: 187 | E30: 45772 | F30: 154 | G30: 243.84 | H30: 37553.26 | I30: PTMT | J30: NEW DELHI | K30: DELHI A | L30: ANANT SINGH | M30: PTMT GROUP | N30: FY-2025-26 | O30: FY-2025-26
A31: 100269 | B31: 45775 | C31: SUMIT PAINT AND HARDWARE | D31: 144 | E31: 45772 | F31: 270 | G31: 93.6 | H31: 25273.9 | I31: PTMT | J31: NEW DELHI | K31: DELHI A | L31: ANANT SINGH | M31: PTMT GROUP | N31: FY-2025-26 | O31: FY-2025-26
A32: 100269 | B32: 45775 | C32: SUMIT PAINT AND HARDWARE | D32: 147 | E32: 45772 | F32: 30 | G32: 285.12 | H32: 8555.5 | I32: PTMT | J32: NEW DELHI | K32: DELHI A | L32: ANANT SINGH | M32: PTMT GROUP | N32: FY-2025-26 | O32: FY-2025-26
A33: 100269 | B33: 45775 | C33: SUMIT PAINT AND HARDWARE | D33: 153 | E33: 45772 | F33: 75 | G33: 395.52 | H33: 29665.9 | I33: PTMT | J33: NEW DELHI | K33: DELHI A | L33: ANANT SINGH | M33: PTMT GROUP | N33: FY-2025-26 | O33: FY-2025-26
A34: 100269 | B34: 45775 | C34: SUMIT PAINT AND HARDWARE | D34: 150 | E34: 45772 | F34: 14 | G34: 614.4 | H34: 8603.5 | I34: PTMT | J34: NEW DELHI | K34: DELHI A | L34: ANANT SINGH | M34: PTMT GROUP | N34: FY-2025-26 | O34: FY-2025-26
A35: 100278 | B35: 45775 | C35: S S SANITATAION | D35: 144-QR | E35: 45772 | F35: 66 | G35: 152.64 | H35: 9873.93 | I35: PTMT | J35: NOIDA | K35: DELHI NCR | L35: ANANT SINGH | M35: PTMT GROUP | N35: FY-2025-26 | O35: FY-2025-26
A36: 100278 | B36: 45775 | C36: S S SANITATAION | D36: 144-Q | E36: 45772 | F36: 66 | G36: 143.04 | H36: 9253 | I36: PTMT | J36: NOIDA | K36: DELHI NCR | L36: ANANT SINGH | M36: PTMT GROUP | N36: FY-2025-26 | O36: FY-2025-26
A37: 100280 | B37: 45775 | C37: S S SANITATAION | D37: 123-QR | E37: 45772 | F37: 99 | G37: 156.48 | H37: 15182.81 | I37: PTMT | J37: NOIDA | K37: DELHI NCR | L37: ANANT SINGH | M37: PTMT GROUP | N37: FY-2025-26 | O37: FY-2025-26
A38: 100280 | B38: 45775 | C38: S S SANITATAION | D38: 124 | E38: 45772 | F38: 92 | G38: 126.72 | H38: 11426.19 | I38: PTMT | J38: NOIDA | K38: DELHI NCR | L38: ANANT SINGH | M38: PTMT GROUP | N38: FY-2025-26 | O38: FY-2025-26
A39: 100280 | B39: 45775 | C39: S S SANITATAION | D39: 5211 | E39: 45772 | F39: 26 | G39: 147.84 | H39: 3768.08 | I39: PTMT | J39: NOIDA | K39: DELHI NCR | L39: ANANT SINGH | M39: PTMT GROUP | N39: FY-2025-26 | O39: FY-2025-26
A40: 100280 | B40: 45775 | C40: S S SANITATAION | D40: 1817-C | E40: 45772 | F40: 30 | G40: 218.88 | H40: 6436.19 | I40: PTMT | J40: NOIDA | K40: DELHI NCR | L40: ANANT SINGH | M40: PTMT GROUP | N40: FY-2025-26 | O40: FY-2025-26
A41: 100280 | B41: 45775 | C41: S S SANITATAION | D41: 521 | E41: 45772 | F41: 26 | G41: 147.84 | H41: 3768.08 | I41: PTMT | J41: NOIDA | K41: DELHI NCR | L41: ANANT SINGH | M41: PTMT GROUP | N41: FY-2025-26 | O41: FY-2025-26
A42: 100280 | B42: 45775 | C42: S S SANITATAION | D42: 1375-QR | E42: 45772 | F42: 6 | G42: 846.72 | H42: 4979.83 | I42: PTMT | J42: NOIDA | K42: DELHI NCR | L42: ANANT SINGH | M42: PTMT GROUP | N42: FY-2025-26 | O42: FY-2025-26
A43: 100280 | B43: 45775 | C43: S S SANITATAION | D43: 133-Q | E43: 45772 | F43: 60 | G43: 311.04 | H43: 18290.27 | I43: PTMT | J43: NOIDA | K43: DELHI NCR | L43: ANANT SINGH | M43: PTMT GROUP | N43: FY-2025-26 | O43: FY-2025-26
A44: 100297 | B44: 45776 | C44: CHATTAR BHOJ AND SONS (KAROL BAGH) | D44: HF-190 | E44: 45772 | F44: 58 | G44: 187.2 | H44: 10641.75 | I44: PTMT | J44: DELHI | K44: DELHI A | L44: ANANT SINGH | M44: PTMT GROUP | N44: FY-2025-26 | O44: FY-2025-26
A45: 200092 | B45: 45776 | C45: LOHIA & SONS (GHAZIABAD) | D45: WT-3LL-20 | E45: 45772 | F45: 2000 | G45: 8201.2 | H45: 8203.97 | I45: WATER TANK | J45: SAHIBABAD | K45: UP ( A ) | L45: ANANT SINGH | M45: WATER TANK GROUP | N45: FY-2025-26 | O45: FY-2025-26
A46: 200092 | B46: 45776 | C46: LOHIA & SONS (GHAZIABAD) | D46: WT-3LL-05 | E46: 45772 | F46: 10000 | G46: 2050.3 | H46: 41008.77 | I46: WATER TANK | J46: SAHIBABAD | K46: UP ( A ) | L46: ANANT SINGH | M46: WATER TANK GROUP | N46: FY-2025-26 | O46: FY-2025-26
A47: 200092 | B47: 45776 | C47: LOHIA & SONS (GHAZIABAD) | D47: WT-3LL-10 | E47: 45772 | F47: 6000 | G47: 4100.6 | H47: 24606.37 | I47: WATER TANK | J47: SAHIBABAD | K47: UP ( A ) | L47: ANANT SINGH | M47: WATER TANK GROUP | N47: FY-2025-26 | O47: FY-2025-26
A48: 200092 | B48: 45776 | C48: LOHIA & SONS (GHAZIABAD) | D48: WT-3LL-07 | E48: 45772 | F48: 4500 | G48: 3075.45 | H48: 18455.47 | I48: WATER TANK | J48: SAHIBABAD | K48: UP ( A ) | L48: ANANT SINGH | M48: WATER TANK GROUP | N48: FY-2025-26 | O48: FY-2025-26
A49: 100338 | B49: 45776 | C49: LOHIA & SONS (GHAZIABAD) | D49: BEA-521 | E49: 45772 | F49: 30 | G49: 110.4 | H49: 3312.77 | I49: CP ACCESSORIES | J49: SAHIBABAD | K49: UP ( A ) | L49: ANANT SINGH | M49: C P GROUP | N49: FY-2025-26 | O49: FY-2025-26
A50: 100338 | B50: 45776 | C50: LOHIA & SONS (GHAZIABAD) | D50: BOS-502 | E50: 45772 | F50: 30 | G50: 225.4 | H50: 6762.77 | I50: CP ACCESSORIES | J50: SAHIBABAD | K50: UP ( A ) | L50: ANANT SINGH | M50: C P GROUP | N50: FY-2025-26 | O50: FY-2025-26
A51: 100338 | B51: 45776 | C51: LOHIA & SONS (GHAZIABAD) | D51: BEA-195A | E51: 45772 | F51: 20 | G51: 455.4 | H51: 9108.77 | I51: CP ACCESSORIES | J51: SAHIBABAD | K51: UP ( A ) | L51: ANANT SINGH | M51: C P GROUP | N51: FY-2025-26 | O51: FY-2025-26
A52: 100339 | B52: 45776 | C52: LOHIA & SONS (GHAZIABAD) | D52: 124 | E52: 45772 | F52: 184 | G52: 126.72 | H52: 23318.4 | I52: PTMT | J52: SAHIBABAD | K52: UP ( A ) | L52: ANANT SINGH | M52: PTMT GROUP | N52: FY-2025-26 | O52: FY-2025-26
A53: 100339 | B53: 45776 | C53: LOHIA & SONS (GHAZIABAD) | D53: 133-QR | E53: 45772 | F53: 26 | G53: 329.28 | H53: 8563.2 | I53: PTMT | J53: SAHIBABAD | K53: UP ( A ) | L53: ANANT SINGH | M53: PTMT GROUP | N53: FY-2025-26 | O53: FY-2025-26
A54: 100340 | B54: 45776 | C54: LOHIA & SONS (GHAZIABAD) | D54: 324 | E54: 45772 | F54: 600 | G54: 50.8 | H54: 30482.06 | I54: CONNECTION | J54: SAHIBABAD | K54: UP ( A ) | L54: ANANT SINGH | M54: PTMT GROUP | N54: FY-2025-26 | O54: FY-2025-26
A55: 100340 | B55: 45776 | C55: LOHIA & SONS (GHAZIABAD) | D55: 514-T | E55: 45772 | F55: 40 | G55: 360.01 | H55: 14402.46 | I55: SEAT COVER | J55: SAHIBABAD | K55: UP ( A ) | L55: ANANT SINGH | M55: PTMT GROUP | N55: FY-2025-26 | O55: FY-2025-26
A56: 100340 | B56: 45776 | C56: LOHIA & SONS (GHAZIABAD) | D56: 200 | E56: 45772 | F56: 30 | G56: 228.48 | H56: 6856.46 | I56: PTMT | J56: SAHIBABAD | K56: UP ( A ) | L56: ANANT SINGH | M56: PTMT GROUP | N56: FY-2025-26 | O56: FY-2025-26
A57: 100340 | B57: 45776 | C57: LOHIA & SONS (GHAZIABAD) | D57: 121 | E57: 45772 | F57: 324 | G57: 95.52 | H57: 30950.54 | I57: PTMT | J57: SAHIBABAD | K57: UP ( A ) | L57: ANANT SINGH | M57: PTMT GROUP | N57: FY-2025-26 | O57: FY-2025-26
A58: 100340 | B58: 45776 | C58: LOHIA & SONS (GHAZIABAD) | D58: 323 | E58: 45772 | F58: 600 | G58: 41.4 | H58: 24842.06 | I58: CONNECTION | J58: SAHIBABAD | K58: UP ( A ) | L58: ANANT SINGH | M58: PTMT GROUP | N58: FY-2025-26 | O58: FY-2025-26
A59: 100340 | B59: 45776 | C59: LOHIA & SONS (GHAZIABAD) | D59: CF-03 | E59: 45772 | F59: 10 | G59: 470.02 | H59: 4702.26 | I59: PTMT | J59: SAHIBABAD | K59: UP ( A ) | L59: ANANT SINGH | M59: PTMT GROUP | N59: FY-2025-26 | O59: FY-2025-26
A60: 100340 | B60: 45776 | C60: LOHIA & SONS (GHAZIABAD) | D60: 130 | E60: 45772 | F60: 132 | G60: 142.08 | H60: 18756.62 | I60: PTMT | J60: SAHIBABAD | K60: UP ( A ) | L60: ANANT SINGH | M60: PTMT GROUP | N60: FY-2025-26 | O60: FY-2025-26
A61: 100340 | B61: 45776 | C61: LOHIA & SONS (GHAZIABAD) | D61: LB-01 | E61: 45772 | F61: 100 | G61: 60.01 | H61: 6003.06 | I61: CISTERN | J61: SAHIBABAD | K61: UP ( A ) | L61: ANANT SINGH | M61: PTMT GROUP | N61: FY-2025-26 | O61: FY-2025-26
A62: 100341 | B62: 45776 | C62: LOHIA & SONS (GHAZIABAD) | D62: 944-D | E62: 45772 | F62: 4 | G62: 3755.3 | H62: 15024.37 | I62: SINK | J62: SAHIBABAD | K62: UP ( A ) | L62: ANANT SINGH | M62: SINK GROUP | N62: FY-2025-26 | O62: FY-2025-26
A63: 100341 | B63: 45776 | C63: LOHIA & SONS (GHAZIABAD) | D63: H821-DD | E63: 45772 | F63: 12 | G63: 3144.3 | H63: 37734.77 | I63: SINK | J63: SAHIBABAD | K63: UP ( A ) | L63: ANANT SINGH | M63: SINK GROUP | N63: FY-2025-26 | O63: FY-2025-26
A64: 100342 | B64: 45776 | C64: LOHIA & SONS (GHAZIABAD) | D64: 6810 | E64: 45772 | F64: 50 | G64: 363.4 | H64: 18172.18 | I64: C P | J64: SAHIBABAD | K64: UP ( A ) | L64: ANANT SINGH | M64: C P GROUP | N64: FY-2025-26 | O64: FY-2025-26
A65: 100343 | B65: 45776 | C65: LOHIA & SONS (GHAZIABAD) | D65: 132-HR | E65: 45772 | F65: 13 | G65: 346.56 | H65: 4506.28 | I65: PTMT | J65: SAHIBABAD | K65: UP ( A ) | L65: ANANT SINGH | M65: PTMT GROUP | N65: FY-2025-26 | O65: FY-2025-26
A66: 100343 | B66: 45776 | C66: LOHIA & SONS (GHAZIABAD) | D66: 130-HR | E66: 45772 | F66: 66 | G66: 178.56 | H66: 11785.96 | I66: PTMT | J66: SAHIBABAD | K66: UP ( A ) | L66: ANANT SINGH | M66: PTMT GROUP | N66: FY-2025-26 | O66: FY-2025-26
A67: 100343 | B67: 45776 | C67: LOHIA & SONS (GHAZIABAD) | D67: 1491-HR | E67: 45772 | F67: 30 | G67: 208.32 | H67: 6250.6 | I67: PTMT | J67: SAHIBABAD | K67: UP ( A ) | L67: ANANT SINGH | M67: PTMT GROUP | N67: FY-2025-26 | O67: FY-2025-26
A68: 100343 | B68: 45776 | C68: LOHIA & SONS (GHAZIABAD) | D68: 123-HR | E68: 45772 | F68: 60 | G68: 131.52 | H68: 7892.2 | I68: PTMT | J68: SAHIBABAD | K68: UP ( A ) | L68: ANANT SINGH | M68: PTMT GROUP | N68: FY-2025-26 | O68: FY-2025-26
A69: 100343 | B69: 45776 | C69: LOHIA & SONS (GHAZIABAD) | D69: 147-HR | E69: 45772 | F69: 30 | G69: 315.84 | H69: 9476.2 | I69: PTMT | J69: SAHIBABAD | K69: UP ( A ) | L69: ANANT SINGH | M69: PTMT GROUP | N69: FY-2025-26 | O69: FY-2025-26
A70: 100343 | B70: 45776 | C70: LOHIA & SONS (GHAZIABAD) | D70: 130-Q | E70: 45772 | F70: 30 | G70: 198.72 | H70: 5962.6 | I70: PTMT | J70: SAHIBABAD | K70: UP ( A ) | L70: ANANT SINGH | M70: PTMT GROUP | N70: FY-2025-26 | O70: FY-2025-26
A71: 100343 | B71: 45776 | C71: LOHIA & SONS (GHAZIABAD) | D71: 127-HR | E71: 45772 | F71: 66 | G71: 143.04 | H71: 9441.64 | I71: PTMT | J71: SAHIBABAD | K71: UP ( A ) | L71: ANANT SINGH | M71: PTMT GROUP | N71: FY-2025-26 | O71: FY-2025-26
A72: 100343 | B72: 45776 | C72: LOHIA & SONS (GHAZIABAD) | D72: 144-HR | E72: 45772 | F72: 90 | G72: 126.72 | H72: 11405.8 | I72: PTMT | J72: SAHIBABAD | K72: UP ( A ) | L72: ANANT SINGH | M72: PTMT GROUP | N72: FY-2025-26 | O72: FY-2025-26
A73: 200113 | B73: 45777 | C73: LOHIA & SONS (GHAZIABAD) | D73: PU-16 | E73: 45772 | F73: 200 | G73: 315.72 | H73: 63144 | I73: UPVC | J73: SAHIBABAD | K73: UP ( A ) | L73: ANANT SINGH | M73: PLUMBING GROUP | N73: FY-2025-26 | O73: FY-2025-26
A74: 200113 | B74: 45777 | C74: LOHIA & SONS (GHAZIABAD) | D74: U261 | E74: 45772 | F74: 30 | G74: 49.68 | H74: 1490.4 | I74: UPVC | J74: SAHIBABAD | K74: UP ( A ) | L74: ANANT SINGH | M74: PLUMBING GROUP | N74: FY-2025-26 | O74: FY-2025-26
A75: 200113 | B75: 45777 | C75: LOHIA & SONS (GHAZIABAD) | D75: U832 | E75: 45772 | F75: 400 | G75: 8.64 | H75: 3456 | I75: UPVC | J75: SAHIBABAD | K75: UP ( A ) | L75: ANANT SINGH | M75: PLUMBING GROUP | N75: FY-2025-26 | O75: FY-2025-26
A76: 200113 | B76: 45777 | C76: LOHIA & SONS (GHAZIABAD) | D76: C33 | E76: 45772 | F76: 200 | G76: 40.6 | H76: 8120 | I76: CPVC | J76: SAHIBABAD | K76: UP ( A ) | L76: ANANT SINGH | M76: PLUMBING GROUP | N76: FY-2025-26 | O76: FY-2025-26
... A95: 100466 | B95: 45777 | C95: RAJENDRA PRASAD & CO. | D95: 1814-C | E95: 45772 | F95: 60 | G95: 189.12 | H95: 11349.6 | I95: PTMT | J95: MATHURA | K95: UP ( A ) | L95: ANANT SINGH | M95: PTMT GROUP | N95: FY-2025-26 | O95: FY-2025-26
A96: 100466 | B96: 45777 | C96: RAJENDRA PRASAD & CO. | D96: 704 | E96: 45772 | F96: 100 | G96: 432.04 | H96: 43206 | I96: CISTERN | J96: MATHURA | K96: UP ( A ) | L96: ANANT SINGH | M96: PTMT GROUP | N96: FY-2025-26 | O96: FY-2025-26
A97: 100466 | B97: 45777 | C97: RAJENDRA PRASAD & CO. | D97: 144-QR | E97: 45772 | F97: 66 | G97: 152.64 | H97: 10076.64 | I97: PTMT | J97: MATHURA | K97: UP ( A ) | L97: ANANT SINGH | M97: PTMT GROUP | N97: FY-2025-26 | O97: FY-2025-26
A98: 100466 | B98: 45777 | C98: RAJENDRA PRASAD & CO. | D98: 144-S | E98: 45772 | F98: 180 | G98: 88.32 | H98: 15900 | I98: PTMT | J98: MATHURA | K98: UP ( A ) | L98: ANANT SINGH | M98: PTMT GROUP | N98: FY-2025-26 | O98: FY-2025-26
A99: 100466 | B99: 45777 | C99: RAJENDRA PRASAD & CO. | D99: 1817-C | E99: 45772 | F99: 150 | G99: 218.88 | H99: 32834.4 | I99: PTMT | J99: MATHURA | K99: UP ( A ) | L99: ANANT SINGH | M99: PTMT GROUP | N99: FY-2025-26 | O99: FY-2025-26
A100: 100466 | B100: 45777 | C100: RAJENDRA PRASAD & CO. | D100: 1375-QR | E100: 45772 | F100: 6 | G100: 846.72 | H100: 5082.72 | I100: PTMT | J100: MATHURA | K100: UP ( A ) | L100: ANANT SINGH | M100: PTMT GROUP | N100: FY-2025-26 | O100: FY-2025-26
A101: 100466 | B101: 45777 | C101: RAJENDRA PRASAD & CO. | D101: 1821-C | E101: 45772 | F101: 192 | G101: 302.4 | H101: 58063.2 | I101: PTMT | J101: MATHURA | K101: UP ( A ) | L101: ANANT SINGH | M101: PTMT GROUP | N101: FY-2025-26 | O101: FY-2025-26
A102: 100466 | B102: 45777 | C102: RAJENDRA PRASAD & CO. | D102: 5221 | E102: 45772 | F102: 48 | G102: 178.56 | H102: 8573.28 | I102: PTMT | J102: MATHURA | K102: UP ( A ) | L102: ANANT SINGH | M102: PTMT GROUP | N102: FY-2025-26 | O102: FY-2025-26
A103: 100466 | B103: 45777 | C103: RAJENDRA PRASAD & CO. | D103: 1815-C | E103: 45772 | F103: 30 | G103: 209.28 | H103: 6280.8 | I103: PTMT | J103: MATHURA | K103: UP ( A ) | L103: ANANT SINGH | M103: PTMT GROUP | N103: FY-2025-26 | O103: FY-2025-26
A104: 100466 | B104: 45777 | C104: RAJENDRA PRASAD & CO. | D104: 123-QR | E104: 45772 | F104: 99 | G104: 156.48 | H104: 15493.92 | I104: PTMT | J104: MATHURA | K104: UP ( A ) | L104: ANANT SINGH | M104: PTMT GROUP | N104: FY-2025-26 | O104: FY-2025-26
A105: 100466 | B105: 45777 | C105: RAJENDRA PRASAD & CO. | D105: 124-S | E105: 45772 | F105: 216 | G105: 119.04 | H105: 25715.04 | I105: PTMT | J105: MATHURA | K105: UP ( A ) | L105: ANANT SINGH | M105: PTMT GROUP | N105: FY-2025-26 | O105: FY-2025-26
A106: 100471 | B106: 45777 | C106: MANOJ ENTERPRISES (UTTAM NAGAR) | D106: 144-O | E106: 45772 | F106: 792 | G106: 93.6 | H106: 74138.16 | I106: PTMT | J106: DELHI | K106: DELHI A | L106: ANANT SINGH | M106: PTMT GROUP | N106: FY-2025-26 | O106: FY-2025-26
A107: 100471 | B107: 45777 | C107: MANOJ ENTERPRISES (UTTAM NAGAR) | D107: 1391 | E107: 45772 | F107: 384 | G107: 78.72 | H107: 30235.44 | I107: PTMT | J107: DELHI | K107: DELHI A | L107: ANANT SINGH | M107: PTMT GROUP | N107: FY-2025-26 | O107: FY-2025-26
A108: 100471 | B108: 45777 | C108: MANOJ ENTERPRISES (UTTAM NAGAR) | D108: 323 | E108: 45772 | F108: 1200 | G108: 40.97 | H108: 49174.56 | I108: CONNECTION | J108: DELHI | K108: DELHI A | L108: ANANT SINGH | M108: PTMT GROUP | N108: FY-2025-26 | O108: FY-2025-26
A109: 100471 | B109: 45777 | C109: MANOJ ENTERPRISES (UTTAM NAGAR) | D109: 124-O | E109: 45772 | F109: 960 | G109: 126.72 | H109: 121658.16 | I109: PTMT | J109: DELHI | K109: DELHI A | L109: ANANT SINGH | M109: PTMT GROUP | N109: FY-2025-26 | O109: FY-2025-26
A110: 100471 | B110: 45777 | C110: MANOJ ENTERPRISES (UTTAM NAGAR) | D110: 324 | E110: 45772 | F110: 1200 | G110: 50.29 | H110: 60348.96 | I110: CONNECTION | J110: DELHI | K110: DELHI A | L110: ANANT SINGH | M110: PTMT GROUP | N110: FY-2025-26 | O110: FY-2025-26
A111: 100471 | B111: 45777 | C111: MANOJ ENTERPRISES (UTTAM NAGAR) | D111: 121-O | E111: 45772 | F111: 1080 | G111: 95.52 | H111: 103168.56 | I111: PTMT | J111: DELHI | K111: DELHI A | L111: ANANT SINGH | M111: PTMT GROUP | N111: FY-2025-26 | O111: FY-2025-26
A112: 100471 | B112: 45777 | C112: MANOJ ENTERPRISES (UTTAM NAGAR) | D112: 522 | E112: 45772 | F112: 48 | G112: 178.56 | H112: 8577.84 | I112: PTMT | J112: DELHI | K112: DELHI A | L112: ANANT SINGH | M112: PTMT GROUP | N112: FY-2025-26 | O112: FY-2025-26
A113: 100471 | B113: 45777 | C113: MANOJ ENTERPRISES (UTTAM NAGAR) | D113: 130-O | E113: 45772 | F113: 120 | G113: 140.16 | H113: 16826.16 | I113: PTMT | J113: DELHI | K113: DELHI A | L113: ANANT SINGH | M113: PTMT GROUP | N113: FY-2025-26 | O113: FY-2025-26
A114: 300024 | B114: 45777 | C114: SHARMA PIPE FITTINGS & SANITARY STORE | D114: GP-346-TT | E114: 45772 | F114: 16 | G114: 550.07 | H114: 8805.04 | I114: GARDEN PIPE | J114: MATHURA | K114: UP ( A ) | L114: ANANT SINGH | M114: PLUMBING GROUP | N114: FY-2025-26 | O114: FY-2025-26
A115: 300024 | B115: 45777 | C115: SHARMA PIPE FITTINGS & SANITARY STORE | D115: GP-367-TT | E115: 45772 | F115: 60 | G115: 1149.82 | H115: 68993.12 | I115: GARDEN PIPE | J115: MATHURA | K115: UP ( A ) | L115: ANANT SINGH | M115: PLUMBING GROUP | N115: FY-2025-26 | O115: FY-2025-26
A116: 300024 | B116: 45777 | C116: SHARMA PIPE FITTINGS & SANITARY STORE | D116: GP-345-TT | E116: 45772 | F116: 60 | G116: 369.95 | H116: 22200.92 | I116: GARDEN PIPE | J116: MATHURA | K116: UP ( A ) | L116: ANANT SINGH | M116: PLUMBING GROUP | N116: FY-2025-26 | O116: FY-2025-26
A117: 300031 | B117: 45777 | C117: MAMTA TRADERS | D117: GP-345-TB | E117: 45772 | F117: 24 | G117: 369.95 | H117: 8702.58 | I117: GARDEN PIPE | J117: Dehradun | K117: Uttarakhand | L117: ANANT SINGH | M117: PLUMBING GROUP | N117: FY-2025-26 | O117: FY-2025-26
A118: 300031 | B118: 45777 | C118: MAMTA TRADERS | D118: BR345TT | E118: 45772 | F118: 24 | G118: 575.19 | H118: 13529.83 | I118: GARDEN PIPE | J118: Dehradun | K118: Uttarakhand | L118: ANANT SINGH | M118: PLUMBING GROUP | N118: FY-2025-26 | O118: FY-2025-26
...

Sheet Sale & Collection 
B2: =sum(B4:B28) -> 30335607 | C2: =sum(C4:C28) -> 31530001
A3: Month | B3: Sale With Gst | C3: Collection
A4: 46138 | B4: =sumif(Sheet1!E:E,A4,Sheet1!H:H)+sumif(Sheet1!E:E,A4,Sheet1!H:H)*18% -> 854372.66 | C4: =sumif(Sheet2!X:X,A4,Sheet2!W:W) -> 6313539
A6: 46168 | B6: =sumif(Sheet1!E:E,A6,Sheet1!H:H)+sumif(Sheet1!E:E,A6,Sheet1!H:H)*18% -> 15384793 | C6: =sumif(Sheet2!X:X,A6,Sheet2!W:W) -> 10250015
A8: 46199 | B8: =sumif(Sheet1!E:E,A8,Sheet1!H:H)+sumif(Sheet1!E:E,A8,Sheet1!H:H)*18% -> 13902461 | C8: =sumif(Sheet2!X:X,A8,Sheet2!W:W) -> 12393967
A10: 46229 | B10: =sumif(Sheet1!E:E,A10,Sheet1!H:H)+sumif(Sheet1!E:E,A10,Sheet1!H:H)*18% -> 193980.81 | C10: =sumif(Sheet2!X:X,A10,Sheet2!W:W) -> 2572480
A12: 46260 | B12: =sumif(Sheet1!E:E,A12,Sheet1!H:H)+sumif(Sheet1!E:E,A12,Sheet1!H:H)*18% -> 0 | C12: =sumif(Sheet2!X:X,A12,Sheet2!W:W) -> 0
A14: 46291 | B14: =sumif(Sheet1!E:E,A14,Sheet1!H:H)+sumif(Sheet1!E:E,A14,Sheet1!H:H)*18% -> 0 | C14: =sumif(Sheet2!X:X,A14,Sheet2!W:W) -> 0
A16: 46321 | B16: =sumif(Sheet1!E:E,A16,Sheet1!H:H)+sumif(Sheet1!E:E,A16,Sheet1!H:H)*18% -> 0 | C16: =sumif(Sheet2!X:X,A16,Sheet2!W:W) -> 0
A18: 46352 | B18: =sumif(Sheet1!E:E,A18,Sheet1!H:H)+sumif(Sheet1!E:E,A18,Sheet1!H:H)*18% -> 0 | C18: =sumif(Sheet2!X:X,A18,Sheet2!W:W) -> 0
A20: 46382 | B20: =sumif(Sheet1!E:E,A20,Sheet1!H:H)+sumif(Sheet1!E:E,A20,Sheet1!H:H)*18% -> 0 | C20: =sumif(Sheet2!X:X,A20,Sheet2!W:W) -> 0
A22: 46414 | B22: =sumif(Sheet1!E:E,A22,Sheet1!H:H)+sumif(Sheet1!E:E,A22,Sheet1!H:H)*18% -> 0 | C22: =sumif(Sheet2!X:X,A22,Sheet2!W:W) -> 0
A24: 46445 | B24: =sumif(Sheet1!E:E,A24,Sheet1!H:H)+sumif(Sheet1!E:E,A24,Sheet1!H:H)*18% -> 0 | C24: =sumif(Sheet2!X:X,A24,Sheet2!W:W) -> 0
A26: 46473 | B26: =sumif(Sheet1!E:E,A26,Sheet1!H:H)+sumif(Sheet1!E:E,A26,Sheet1!H:H)*18% -> 0 | C26: =sumif(Sheet2!X:X,A26,Sheet2!W:W) -> 0

Sheet Report 1
C3: =SUM(C5:C1000) -> 23066986 | D3: =SUM(D5:D1000) -> 25708142 | E3: =D3-C3 -> 2641155.8 | F3: =(D3-C3)/C3 -> 0.11449939 | G3: =SUM(G5:G1000) -> 1 | J3: UP ( A ) | K3: Total | L3: =sum(L5:L1000) -> 13402370 | M3: =sum(M5:M1000) -> 13045514 | N3: =M3-L3 -> -356855.76 | O3: =IF(K3="","",IF(M3="","-100%",(M3-L3)/L3)) -> -0.026626317 | P3: =sum(P5:P1000) -> 1
B4: =IFERROR(__xludf.DUMMYFUNCTION("QUERY(Sheet1!A1:O1000,""SELECT K,SUM(H) WHERE O IS NOT NULL GROUP BY K PIVOT N LABEL K 'STATE', SUM(H) 'Sale' FORMAT SUM(H) '##'"")"),"STATE") -> STATE | C4: =IFERROR(__xludf.DUMMYFUNCTION("""COMPUTED_VALUE"""),"FY-2025-26 Sale") -> FY-2025-26 Sale | D4: =IFERROR(__xludf.DUMMYFUNCTION("""COMPUTED_VALUE"""),"FY-2026-27 Sale") -> FY-2026-27 Sale | E4: Difference | F4: Growth % | G4: Share % | K4: =IFERROR(__xludf.DUMMYFUNCTION("SORT(QUERY(Sheet1!A1:O1000,""SELECT C,SUM(H) WHERE O IS NOT NULL AND K CONTAINS '""&J3&""' GROUP BY C PIVOT N LABEL C 'Party' , SUM(H) 'Sale' FORMAT SUM(H) '##' ""),3,0)"),"Party") -> Party | L4: =IFERROR(__xludf.DUMMYFUNCTION("""COMPUTED_VALUE"""),"FY-2025-26 Sale") -> FY-2025-26 Sale | M4: =IFERROR(__xludf.DUMMYFUNCTION("""COMPUTED_VALUE"""),"FY-2026-27 Sale") -> FY-2026-27 Sale
B5: =IFERROR(__xludf.DUMMYFUNCTION("""COMPUTED_VALUE"""),"DELHI A") -> DELHI A | C5: =IFERROR(__xludf.DUMMYFUNCTION("""COMPUTED_VALUE"""),4057826.140000001) -> 4057826.1 | D5: =IFERROR(__xludf.DUMMYFUNCTION("""COMPUTED_VALUE"""),3806216.71) -> 3806216.7 | E5: =IF(D5="","",D5-C5) -> -251609.43 | F5: =IFERROR((D5-C5)/C5,"") -> -0.062005966 | G5: =IF(D5="","",D5/D$3) -> 0.14805491 | J5: =IFERROR(__xludf.DUMMYFUNCTION("ArrayFormula(IF(K5:K1000="""","""",VLOOKUP(K5:K1000,IMPORTRANGE(""https://docs.google.com/spreadsheets/d/1njO-srsS29qiE4t45-zr5njbB7R2Zb-oSnv2NL1ONY4/edit?gid=63200363#gid=63200363"",""Sheet2!A2:D""),2,0)))"),"MATHURA") -> MATHURA | K5: =IFERROR(__xludf.DUMMYFUNCTION("""COMPUTED_VALUE"""),"NITIN TRADERS") -> NITIN TRADERS | L5: =IFERROR(__xludf.DUMMYFUNCTION("""COMPUTED_VALUE"""),2917384.4299999997) -> 2917384.4 | M5: =IFERROR(__xludf.DUMMYFUNCTION("""COMPUTED_VALUE"""),3037012.0) -> 3037012 | N5: =IF(K5="","",M5-L5) -> 119627.57 | O5: =IFERROR(IF(K5="","",IF(M5="","-100%",(M5-L5)/L5)),100%) -> 0.041005076 | P5: =IF(K5="","",M5/$M$3) -> 0.23280125
B6: =IFERROR(__xludf.DUMMYFUNCTION("""COMPUTED_VALUE"""),"DELHI NCR") -> DELHI NCR | C6: =IFERROR(__xludf.DUMMYFUNCTION("""COMPUTED_VALUE"""),2408782.1000000006) -> 2408782.1 | D6: =IFERROR(__xludf.DUMMYFUNCTION("""COMPUTED_VALUE"""),2215644.0) -> 2215644 | E6: =IF(D6="","",D6-C6) -> -193138.1 | F6: =IFERROR((D6-C6)/C6,"") -> -0.08018081 | G6: =IF(D6="","",D6/D$3) -> 0.086184526 | J6: =IFERROR(__xludf.DUMMYFUNCTION("""COMPUTED_VALUE"""),"Aligarh") -> Aligarh | K6: =IFERROR(__xludf.DUMMYFUNCTION("""COMPUTED_VALUE"""),"Vidhya Sales") -> Vidhya Sales | L6: =IFERROR(__xludf.DUMMYFUNCTION("""COMPUTED_VALUE"""),624826.2999999999) -> 624826.3 | M6: =IFERROR(__xludf.DUMMYFUNCTION("""COMPUTED_VALUE"""),2530306.41) -> 2530306.4 | N6: =IF(K6="","",M6-L6) -> 1905480.1 | O6: =IFERROR(IF(K6="","",IF(M6="","-100%",(M6-L6)/L6)),100%) -> 3.0496157 | P6: =IF(K6="","",M6/$M$3) -> 0.19395988
B7: =IFERROR(__xludf.DUMMYFUNCTION("""COMPUTED_VALUE"""),"UP ( A )") -> UP ( A ) | C7: =IFERROR(__xludf.DUMMYFUNCTION("""COMPUTED_VALUE"""),1.3402370129999992E7) -> 13402370 | D7: =IFERROR(__xludf.DUMMYFUNCTION("""COMPUTED_VALUE"""),1.3045514370000001E7) -> 13045514 | E7: =IF(D7="","",D7-C7) -> -356855.76 | F7: =IFERROR((D7-C7)/C7,"") -> -0.026626317 | G7: =IF(D7="","",D7/D$3) -> 0.5074468 | J7: =IFERROR(__xludf.DUMMYFUNCTION("""COMPUTED_VALUE"""),"SAHIBABAD") -> SAHIBABAD | K7: =IFERROR(__xludf.DUMMYFUNCTION("""COMPUTED_VALUE"""),"LOHIA & SONS (GHAZIABAD)") -> LOHIA & SONS (GHAZIABAD) | L7: =IFERROR(__xludf.DUMMYFUNCTION("""COMPUTED_VALUE"""),5487212.180000002) -> 5487212.2 | M7: =IFERROR(__xludf.DUMMYFUNCTION("""COMPUTED_VALUE"""),2515196.0) -> 2515196 | N7: =IF(K7="","",M7-L7) -> -2972016.2 | O7: =IFERROR(IF(K7="","",IF(M7="","-100%",(M7-L7)/L7)),100%) -> -0.54162589 | P7: =IF(K7="","",M7/$M$3) -> 0.1928016
B8: =IFERROR(__xludf.DUMMYFUNCTION("""COMPUTED_VALUE"""),"Uttarakhand") -> Uttarakhand | C8: =IFERROR(__xludf.DUMMYFUNCTION("""COMPUTED_VALUE"""),3198007.619999999) -> 3198007.6 | D8: =IFERROR(__xludf.DUMMYFUNCTION("""COMPUTED_VALUE"""),6640766.660000001) -> 6640766.7 | E8: =IF(D8="","",D8-C8) -> 3442759 | F8: =IFERROR((D8-C8)/C8,"") -> 1.0765325 | G8: =IF(D8="","",D8/D$3) -> 0.25831376 | J8: =IFERROR(__xludf.DUMMYFUNCTION("""COMPUTED_VALUE"""),"MORADABAD") -> MORADABAD | K8: =IFERROR(__xludf.DUMMYFUNCTION("""COMPUTED_VALUE"""),"AVANTI SALES & AGENCIES(MORADABAD)") -> AVANTI SALES & AGENCIES(MORADABAD) | L8: =IFERROR(__xludf.DUMMYFUNCTION("""COMPUTED_VALUE"""),1796357.4499999993) -> 1796357.4 | M8: =IFERROR(__xludf.DUMMYFUNCTION("""COMPUTED_VALUE"""),2333239.2) -> 2333239.2 | N8: =IF(K8="","",M8-L8) -> 536881.75 | O8: =IFERROR(IF(K8="","",IF(M8="","-100%",(M8-L8)/L8)),100%) -> 0.29887245 | P8: =IF(K8="","",M8/$M$3) -> 0.17885375
E9: =IF(D9="","",D9-C9) | F9: =IFERROR((D9-C9)/C9,"") | G9: =IF(D9="","",D9/D$3) | J9: =IFERROR(__xludf.DUMMYFUNCTION("""COMPUTED_VALUE"""),"MEERUT") -> MEERUT | K9: =IFERROR(__xludf.DUMMYFUNCTION("""COMPUTED_VALUE"""),"SUNITA ENTERPRISES") -> SUNITA ENTERPRISES | M9: =IFERROR(__xludf.DUMMYFUNCTION("""COMPUTED_VALUE"""),1554643.7599999998) -> 1554643.8 | N9: =IF(K9="","",M9-L9) -> 1554643.8 | O9: =IFERROR(IF(K9="","",IF(M9="","-100%",(M9-L9)/L9)),100%) -> 1 | P9: =IF(K9="","",M9/$M$3) -> 0.11917075
E10: =IF(D10="","",D10-C10) | F10: =IFERROR((D10-C10)/C10,"") | G10: =IF(D10="","",D10/D$3) | J10: =IFERROR(__xludf.DUMMYFUNCTION("""COMPUTED_VALUE"""),"MATHURA") -> MATHURA | K10: =IFERROR(__xludf.DUMMYFUNCTION("""COMPUTED_VALUE"""),"HARSH TRADING COMPANY") -> HARSH TRADING COMPANY | M10: =IFERROR(__xludf.DUMMYFUNCTION("""COMPUTED_VALUE"""),373800.0) -> 373800 | N10: =IF(K10="","",M10-L10) -> 373800 | O10: =IFERROR(IF(K10="","",IF(M10="","-100%",(M10-L10)/L10)),100%) -> 1 | P10: =IF(K10="","",M10/$M$3) -> 0.028653527
E11: =IF(D11="","",D11-C11) | F11: =IFERROR((D11-C11)/C11,"") | G11: =IF(D11="","",D11/D$3) | J11: =IFERROR(__xludf.DUMMYFUNCTION("""COMPUTED_VALUE"""),"GHAZIABAD") -> GHAZIABAD | K11: =IFERROR(__xludf.DUMMYFUNCTION("""COMPUTED_VALUE"""),"MANSI TRADING COMPANY(UP)") -> MANSI TRADING COMPANY(UP) | M11: =IFERROR(__xludf.DUMMYFUNCTION("""COMPUTED_VALUE"""),291072.0) -> 291072 | N11: =IF(K11="","",M11-L11) -> 291072 | O11: =IFERROR(IF(K11="","",IF(M11="","-100%",(M11-L11)/L11)),100%) -> 1 | P11: =IF(K11="","",M11/$M$3) -> 0.022312037
E12: =IF(D12="","",D12-C12) | F12: =IFERROR((D12-C12)/C12,"") | G12: =IF(D12="","",D12/D$3) | J12: =IFERROR(__xludf.DUMMYFUNCTION("""COMPUTED_VALUE"""),"AGRA") -> AGRA | K12: =IFERROR(__xludf.DUMMYFUNCTION("""COMPUTED_VALUE"""),"VINOD TRADERS") -> VINOD TRADERS | M12: =IFERROR(__xludf.DUMMYFUNCTION("""COMPUTED_VALUE"""),238481.0) -> 238481 | N12: =IF(K12="","",M12-L12) -> 238481 | O12: =IFERROR(IF(K12="","",IF(M12="","-100%",(M12-L12)/L12)),100%) -> 1 | P12: =IF(K12="","",M12/$M$3) -> 0.01828069
E13: =IF(D13="","",D13-C13) | F13: =IFERROR((D13-C13)/C13,"") | G13: =IF(D13="","",D13/D$3) | J13: =IFERROR(__xludf.DUMMYFUNCTION("""COMPUTED_VALUE"""),"GHAZIABAD") -> GHAZIABAD | K13: =IFERROR(__xludf.DUMMYFUNCTION("""COMPUTED_VALUE"""),"AMAN TRADERS") -> AMAN TRADERS | M13: =IFERROR(__xludf.DUMMYFUNCTION("""COMPUTED_VALUE"""),171764.0) -> 171764 | N13: =IF(K13="","",M13-L13) -> 171764 | O13: =IFERROR(IF(K13="","",IF(M13="","-100%",(M13-L13)/L13)),100%) -> 1 | P13: =IF(K13="","",M13/$M$3) -> 0.013166518
E14: =IF(D14="","",D14-C14) | F14: =IFERROR((D14-C14)/C14,"") | G14: =IF(D14="","",D14/D$3) | J14: =IFERROR(__xludf.DUMMYFUNCTION("""COMPUTED_VALUE"""),"MEERUT") -> MEERUT | K14: =IFERROR(__xludf.DUMMYFUNCTION("""COMPUTED_VALUE"""),"DEEPAK SANITORY & ELECTRIC STORE") -> DEEPAK SANITORY & ELECTRIC STORE | L14: =IFERROR(__xludf.DUMMYFUNCTION("""COMPUTED_VALUE"""),374039.0) -> 374039 | N14: =IF(K14="","",M14-L14) -> -374039 | O14: =IFERROR(IF(K14="","",IF(M14="","-100%",(M14-L14)/L14)),100%) -> -100% | P14: =IF(K14="","",M14/$M$3) -> 0
E15: =IF(D15="","",D15-C15) | F15: =IFERROR((D15-C15)/C15,"") | G15: =IF(D15="","",D15/D$3) | J15: =IFERROR(__xludf.DUMMYFUNCTION("""COMPUTED_VALUE"""),"SAHARANPUR") -> SAHARANPUR | K15: =IFERROR(__xludf.DUMMYFUNCTION("""COMPUTED_VALUE"""),"DELUXE SANITARY STORE") -> DELUXE SANITARY STORE | L15: =IFERROR(__xludf.DUMMYFUNCTION("""COMPUTED_VALUE"""),91422.88999999998) -> 91422.89 | N15: =IF(K15="","",M15-L15) -> -91422.89 | O15: =IFERROR(IF(K15="","",IF(M15="","-100%",(M15-L15)/L15)),100%) -> -100% | P15: =IF(K15="","",M15/$M$3) -> 0
E16: =IF(D16="","",D16-C16) | G16: =IF(D16="","",D16/D$3) | J16: =IFERROR(__xludf.DUMMYFUNCTION("""COMPUTED_VALUE"""),"MATHURA") -> MATHURA | K16: =IFERROR(__xludf.DUMMYFUNCTION("""COMPUTED_VALUE"""),"HINDUSTAN SANITARY STORES") -> HINDUSTAN SANITARY STORES | L16: =IFERROR(__xludf.DUMMYFUNCTION("""COMPUTED_VALUE"""),74058.5) -> 74058.5 | N16: =IF(K16="","",M16-L16) -> -74058.5 | O16: =IFERROR(IF(K16="","",IF(M16="","-100%",(M16-L16)/L16)),100%) -> -100% | P16: =IF(K16="","",M16/$M$3) -> 0
G17: =IF(D17="","",D17/D$3) | J17: =IFERROR(__xludf.DUMMYFUNCTION("""COMPUTED_VALUE"""),"MORADABAD") -> MORADABAD | K17: =IFERROR(__xludf.DUMMYFUNCTION("""COMPUTED_VALUE"""),"INDIAN TRADERS") -> INDIAN TRADERS | L17: =IFERROR(__xludf.DUMMYFUNCTION("""COMPUTED_VALUE"""),61490.04) -> 61490.04 | N17: =IF(K17="","",M17-L17) -> -61490.04 | O17: =IFERROR(IF(K17="","",IF(M17="","-100%",(M17-L17)/L17)),100%) -> -100% | P17: =IF(K17="","",M17/$M$3) -> 0
J18: =IFERROR(__xludf.DUMMYFUNCTION("""COMPUTED_VALUE"""),"Rampur") -> Rampur | K18: =IFERROR(__xludf.DUMMYFUNCTION("""COMPUTED_VALUE"""),"JAIN TRADERS") -> JAIN TRADERS | L18: =IFERROR(__xludf.DUMMYFUNCTION("""COMPUTED_VALUE"""),71275.0) -> 71275 | N18: =IF(K18="","",M18-L18) -> -71275 | O18: =IFERROR(IF(K18="","",IF(M18="","-100%",(M18-L18)/L18)),100%) -> -100% | P18: =IF(K18="","",M18/$M$3) -> 0
J19: =IFERROR(__xludf.DUMMYFUNCTION("""COMPUTED_VALUE"""),"AMROHA") -> AMROHA | K19: =IFERROR(__xludf.DUMMYFUNCTION("""COMPUTED_VALUE"""),"KULDEEP AGRICULTURE STORE") -> KULDEEP AGRICULTURE STORE | L19: =IFERROR(__xludf.DUMMYFUNCTION("""COMPUTED_VALUE"""),62021.12) -> 62021.12 | N19: =IF(K19="","",M19-L19) -> -62021.12 | O19: =IFERROR(IF(K19="","",IF(M19="","-100%",(M19-L19)/L19)),100%) -> -100% | P19: =IF(K19="","",M19/$M$3) -> 0
J20: =IFERROR(__xludf.DUMMYFUNCTION("""COMPUTED_VALUE"""),"AMROHA") -> AMROHA | K20: =IFERROR(__xludf.DUMMYFUNCTION("""COMPUTED_VALUE"""),"KUMAR PIPE AND HARDWARE STORE") -> KUMAR PIPE AND HARDWARE STORE | L20: =IFERROR(__xludf.DUMMYFUNCTION("""COMPUTED_VALUE"""),164411.38) -> 164411.38 | N20: =IF(K20="","",M20-L20) -> -164411.38 | O20: =IFERROR(IF(K20="","",IF(M20="","-100%",(M20-L20)/L20)),100%) -> -100% | P20: =IF(K20="","",M20/$M$3) -> 0
J21: =IFERROR(__xludf.DUMMYFUNCTION("""COMPUTED_VALUE"""),"MEERUT") -> MEERUT | K21: =IFERROR(__xludf.DUMMYFUNCTION("""COMPUTED_VALUE"""),"MAHAVEER SANITARY WARE & HARDWARE STORE") -> MAHAVEER SANITARY WARE & HARDWARE STORE | L21: =IFERROR(__xludf.DUMMYFUNCTION("""COMPUTED_VALUE"""),99770.0) -> 99770 | N21: =IF(K21="","",M21-L21) -> -99770 | O21: =IFERROR(IF(K21="","",IF(M21="","-100%",(M21-L21)/L21)),100%) -> -100% | P21: =IF(K21="","",M21/$M$3) -> 0
J22: =IFERROR(__xludf.DUMMYFUNCTION("""COMPUTED_VALUE"""),"MATHURA") -> MATHURA | K22: =IFERROR(__xludf.DUMMYFUNCTION("""COMPUTED_VALUE"""),"RAJENDRA PRASAD & CO.") -> RAJENDRA PRASAD & CO. | L22: =IFERROR(__xludf.DUMMYFUNCTION("""COMPUTED_VALUE"""),353465.16) -> 353465.16 | N22: =IF(K22="","",M22-L22) -> -353465.16 | O22: =IFERROR(IF(K22="","",IF(M22="","-100%",(M22-L22)/L22)),100%) -> -100% | P22: =IF(K22="","",M22/$M$3) -> 0
J23: =IFERROR(__xludf.DUMMYFUNCTION("""COMPUTED_VALUE"""),"Hathras") -> Hathras | K23: =IFERROR(__xludf.DUMMYFUNCTION("""COMPUTED_VALUE"""),"RATHI SALES CORP.") -> RATHI SALES CORP. | L23: =IFERROR(__xludf.DUMMYFUNCTION("""COMPUTED_VALUE"""),673174.05) -> 673174.05 | N23: =IF(K23="","",M23-L23) -> -673174.05 | O23: =IFERROR(IF(K23="","",IF(M23="","-100%",(M23-L23)/L23)),100%) -> -100% | P23: =IF(K23="","",M23/$M$3) -> 0
J24: =IFERROR(__xludf.DUMMYFUNCTION("""COMPUTED_VALUE"""),"Baghpat") -> Baghpat | K24: =IFERROR(__xludf.DUMMYFUNCTION("""COMPUTED_VALUE"""),"SAURABH SANITARY STORE") -> SAURABH SANITARY STORE | L24: =IFERROR(__xludf.DUMMYFUNCTION("""COMPUTED_VALUE"""),246298.55) -> 246298.55 | N24: =IF(K24="","",M24-L24) -> -246298.55 | O24: =IFERROR(IF(K24="","",IF(M24="","-100%",(M24-L24)/L24)),100%) -> -100% | P24: =IF(K24="","",M24/$M$3) -> 0
J25: =IFERROR(__xludf.DUMMYFUNCTION("""COMPUTED_VALUE"""),"MATHURA") -> MATHURA | K25: =IFERROR(__xludf.DUMMYFUNCTION("""COMPUTED_VALUE"""),"SHARMA PIPE FITTINGS & SANITARY STORE") -> SHARMA PIPE FITTINGS & SANITARY STORE | L25: =IFERROR(__xludf.DUMMYFUNCTION("""COMPUTED_VALUE"""),213226.08000000002) -> 213226.08 | N25: =IF(K25="","",M25-L25) -> -213226.08 | O25: =IFERROR(IF(K25="","",IF(M25="","-100%",(M25-L25)/L25)),100%) -> -100% | P25: =IF(K25="","",M25/$M$3) -> 0
J26: =IFERROR(__xludf.DUMMYFUNCTION("""COMPUTED_VALUE"""),"Bulandshahr") -> Bulandshahr | K26: =IFERROR(__xludf.DUMMYFUNCTION("""COMPUTED_VALUE"""),"Vihan Marbles & Tiles") -> Vihan Marbles & Tiles | L26: =IFERROR(__xludf.DUMMYFUNCTION("""COMPUTED_VALUE"""),91938.0) -> 91938 | N26: =IF(K26="","",M26-L26) -> -91938 | O26: =IFERROR(IF(K26="","",IF(M26="","-100%",(M26-L26)/L26)),100%) -> -100% | P26: =IF(K26="","",M26/$M$3) -> 0
J27: =IFERROR(__xludf.DUMMYFUNCTION("""COMPUTED_VALUE"""),"") | N27: =IF(K27="","",M27-L27) | O27: =IFERROR(IF(K27="","",IF(M27="","-100%",(M27-L27)/L27)),100%) | P27: =IF(K27="","",M27/$M$3)
J28: =IFERROR(__xludf.DUMMYFUNCTION("""COMPUTED_VALUE"""),"") | N28: =IF(K28="","",M28-L28) | O28: =IFERROR(IF(K28="","",IF(M28="","-100%",(M28-L28)/L28)),100%) | P28: =IF(K28="","",M28/$M$3)
J29: =IFERROR(__xludf.DUMMYFUNCTION("""COMPUTED_VALUE"""),"") | N29: =IF(K29="","",M29-L29) | O29: =IFERROR(IF(K29="","",IF(M29="","-100%",(M29-L29)/L29)),100%) | P29: =IF(K29="","",M29/$M$3)
J30: =IFERROR(__xludf.DUMMYFUNCTION("""COMPUTED_VALUE"""),"") | N30: =IF(K30="","",M30-L30) | O30: =IFERROR(IF(K30="","",IF(M30="","-100%",(M30-L30)/L30)),100%) | P30: =IF(K30="","",M30/$M$3)
J31: =IFERROR(__xludf.DUMMYFUNCTION("""COMPUTED_VALUE"""),"") | N31: =IF(K31="","",M31-L31) | O31: =IFERROR(IF(K31="","",IF(M31="","-100%",(M31-L31)/L31)),100%) | P31: =IF(K31="","",M31/$M$3)
J32: =IFERROR(__xludf.DUMMYFUNCTION("""COMPUTED_VALUE"""),"") | N32: =IF(K32="","",M32-L32) | O32: =IFERROR(IF(K32="","",IF(M32="","-100%",(M32-L32)/L32)),100%) | P32: =IF(K32="","",M32/$M$3)
J33: =IFERROR(__xludf.DUMMYFUNCTION("""COMPUTED_VALUE"""),"") | N33: =IF(K33="","",M33-L33) | O33: =IFERROR(IF(K33="","",IF(M33="","-100%",(M33-L33)/L33)),100%) | P33: =IF(K33="","",M33/$M$3)
J34: =IFERROR(__xludf.DUMMYFUNCTION("""COMPUTED_VALUE"""),"") | N34: =IF(K34="","",M34-L34) | O34: =IFERROR(IF(K34="","",IF(M34="","-100%",(M34-L34)/L34)),100%) | P34: =IF(K34="","",M34/$M$3)
J35: =IFERROR(__xludf.DUMMYFUNCTION("""COMPUTED_VALUE"""),"") | N35: =IF(K35="","",M35-L35) | O35: =IFERROR(IF(K35="","",IF(M35="","-100%",(M35-L35)/L35)),100%) | P35: =IF(K35="","",M35/$M$3)
J36: =IFERROR(__xludf.DUMMYFUNCTION("""COMPUTED_VALUE"""),"") | N36: =IF(K36="","",M36-L36) | O36: =IFERROR(IF(K36="","",IF(M36="","-100%",(M36-L36)/L36)),100%) | P36: =IF(K36="","",M36/$M$3)
J37: =IFERROR(__xludf.DUMMYFUNCTION("""COMPUTED_VALUE"""),"") | N37: =IF(K37="","",M37-L37) | O37: =IFERROR(IF(K37="","",IF(M37="","-100%",(M37-L37)/L37)),100%) | P37: =IF(K37="","",M37/$M$3)
J38: =IFERROR(__xludf.DUMMYFUNCTION("""COMPUTED_VALUE"""),"") | N38: =IF(K38="","",M38-L38) | O38: =IFERROR(IF(K38="","",IF(M38="","-100%",(M38-L38)/L38)),100%) | P38: =IF(K38="","",M38/$M$3)
... J47: =IFERROR(__xludf.DUMMYFUNCTION("""COMPUTED_VALUE"""),"") | N47: =IF(K47="","",M47-L47) | O47: =IFERROR(IF(K47="","",IF(M47="","-100%",(M47-L47)/L47)),100%) | P47: =IF(K47="","",M47/$M$3)
J48: =IFERROR(__xludf.DUMMYFUNCTION("""COMPUTED_VALUE"""),"")
J49: =IFERROR(__xludf.DUMMYFUNCTION("""COMPUTED_VALUE"""),"")
J50: =IFERROR(__xludf.DUMMYFUNCTION("""COMPUTED_VALUE"""),"")
J51: =IFERROR(__xludf.DUMMYFUNCTION("""COMPUTED_VALUE"""),"")
J52: =IFERROR(__xludf.DUMMYFUNCTION("""COMPUTED_VALUE"""),"")
J53: =IFERROR(__xludf.DUMMYFUNCTION("""COMPUTED_VALUE"""),"")
J54: =IFERROR(__xludf.DUMMYFUNCTION("""COMPUTED_VALUE"""),"")
J55: =IFERROR(__xludf.DUMMYFUNCTION("""COMPUTED_VALUE"""),"")
J56: =IFERROR(__xludf.DUMMYFUNCTION("""COMPUTED_VALUE"""),"")
J57: =IFERROR(__xludf.DUMMYFUNCTION("""COMPUTED_VALUE"""),"")
J58: =IFERROR(__xludf.DUMMYFUNCTION("""COMPUTED_VALUE"""),"")
J59: =IFERROR(__xludf.DUMMYFUNCTION("""COMPUTED_VALUE"""),"")
... J1000: =IFERROR(__xludf.DUMMYFUNCTION("""COMPUTED_VALUE"""),"")

Sheet Report 2
C2: =SUM(C4:C34619) -> 110736294 | D2: =SUM(D4:D34619) -> 23066986 | E2: =SUM(E4:E34619) -> 25708142 | F2: =SUM(F4:F34619) -> 2641155.8 | G2: =IFERROR((E2-D2)/D2,"") -> 0.11449939 | H2: =SUM(H4:H34619) -> 1 | L2: =SUM(L4:L10) -> 5250452.2 | M2: =SUM(M4:M10) -> 724044.63 | N2: =IFERROR((M2-L2)/L2,"") -> -0.86209861 | O2: =SUM(O4:O10) -> 12163461 | P2: =SUM(P4:P10) -> 13037960 | Q2: =IFERROR((P2-O2)/O2,"") -> 0.071895565 | R2: =SUM(R4:R10) -> 5653072.8 | S2: =SUM(S4:S10) -> 11781747 | T2: =IFERROR((S2-R2)/R2,"") -> 1.0841314 | U2: =SUM(U4:U10) -> 11444745 | V2: =SUM(V4:V10) -> 0 | W2: =IFERROR((V2-U2)/U2,"") -> -1 | X2: =SUM(X4:X10) -> 9016596.6 | Y2: =SUM(Y4:Y10) -> 0 | Z2: =IFERROR((Y2-X2)/X2,"") -> -1 | AA2: =SUM(AA4:AA10) -> 9337245.2 | AB2: =SUM(AB4:AB10) -> 0 | AC2: =IFERROR((AB2-AA2)/AA2,"") -> -1 | AD2: =SUM(AD4:AD10) -> 5890747.2 | AE2: =SUM(AE4:AE10) -> 0 | AF2: =IFERROR((AE2-AD2)/AD2,"") -> -1 | AG2: =SUM(AG4:AG10) -> 10463644 | AH2: =SUM(AH4:AH10) -> 0 | AI2: =IFERROR((AH2-AG2)/AG2,"") -> -1 | AJ2: =SUM(AJ4:AJ10) -> 9276350.7 | AK2: =SUM(AK4:AK10) -> 0 | AL2: =IFERROR((AK2-AJ2)/AJ2,"") -> -1 | AM2: =SUM(AM4:AM10) -> 10039760 | AN2: =SUM(AN4:AN10) -> 0 | AO2: =IFERROR((AN2-AM2)/AM2,"") -> -1 | AP2: =SUM(AP4:AP10) -> 7629005.9 | AQ2: =SUM(AQ4:AQ10) -> 0 | AR2: =IFERROR((AQ2-AP2)/AP2,"") -> -1 | AS2: =SUM(AS4:AS10) -> 14571213 | AT2: =SUM(AT4:AT10) -> 0 | AU2: =IFERROR((AT2-AS2)/AS2,"") -> -1
B3: =IFERROR(__xludf.DUMMYFUNCTION("QUERY(Sheet1!A1:O34619,""SELECT K,SUM(H) WHERE N LIKE 'FY-2025-26' GROUP BY K ORDER BY SUM(H) DESC LABEL K 'State', SUM(H) 'Sale Value FY-2025-26' FORMAT SUM(H) '##'"")"),"State") -> State | C3: =IFERROR(__xludf.DUMMYFUNCTION("""COMPUTED_VALUE"""),"Sale Value FY-2025-26") -> Sale Value FY-2025-26 | D3: Last Year Till Month Sale | E3: This Year Till Month Sale | F3: Difference | G3: Growth % | H3: Share % | K3: =B3 -> State | L3: 45772 | M3: 46138 | N3: Growth % | O3: 45802 | P3: 46168 | Q3: Growth % | R3: 45833 | S3: 46199 | T3: Growth % | U3: 45863 | V3: 46229 | W3: Growth % | X3: 45894 | Y3: 46260 | Z3: Growth % | AA3: 45925 | AB3: 46291 | AC3: Growth % | AD3: 45955 | AE3: 46321 | AF3: Growth % | AG3: 45986 | AH3: 46352 | AI3: Growth % | AJ3: 46016 | AK3: 46382 | AL3: Growth % | AM3: 46048 | AN3: 46413 | AO3: Growth % | AP3: 46079 | AQ3: 46444 | AR3: Growth % | AS3: 46107 | AT3: 46472 | AU3: Growth %
B4: =IFERROR(__xludf.DUMMYFUNCTION("""COMPUTED_VALUE"""),"UP ( A )") -> UP ( A ) | C4: =IFERROR(__xludf.DUMMYFUNCTION("""COMPUTED_VALUE"""),6.2969206799999975E7) -> 62969207 | D4: =sumifs(Sheet1!H:H,Sheet1!K:K,B4,Sheet1!O:O,"FY-2025-26") -> 13402370 | E4: =sumifs(Sheet1!H:H,Sheet1!K:K,B4,Sheet1!O:O,"FY-2026-27") -> 13045514 | F4: =E4-D4 -> -356855.76 | G4: =IFERROR((E4-D4)/D4,"") -> -0.026626317 | H4: =E4/E$2 -> 0.5074468 | K4: =B4 -> UP ( A ) | L4: =SUMIFS(Sheet1!$H:$H,Sheet1!$K:$K,$K4,Sheet1!$E:$E,L$3) -> 3012559.5 | M4: =SUMIFS(Sheet1!$H:$H,Sheet1!$K:$K,$K4,Sheet1!$E:$E,M$3) -> 49900 | N4: =IFERROR((M4-L4)/L4,"") -> -0.98343601 | O4: =SUMIFS(Sheet1!$H:$H,Sheet1!$K:$K,$K4,Sheet1!$E:$E,O$3) -> 7378758.7 | P4: =SUMIFS(Sheet1!$H:$H,Sheet1!$K:$K,$K4,Sheet1!$E:$E,P$3) -> 7365341 | Q4: =IFERROR((P4-O4)/O4,"") -> -0.0018184265 | R4: =SUMIFS(Sheet1!$H:$H,Sheet1!$K:$K,$K4,Sheet1!$E:$E,R$3) -> 3011052 | S4: =SUMIFS(Sheet1!$H:$H,Sheet1!$K:$K,$K4,Sheet1!$E:$E,S$3) -> 5630273.4 | T4: =IFERROR((S4-R4)/R4,"") -> 0.86986921 | U4: =SUMIFS(Sheet1!$H:$H,Sheet1!$K:$K,$K4,Sheet1!$E:$E,U$3) -> 5740467.6 | V4: =SUMIFS(Sheet1!$H:$H,Sheet1!$K:$K,$K4,Sheet1!$E:$E,V$3) -> 0 | W4: =IFERROR((V4-U4)/U4,"") -> -1 | X4: =SUMIFS(Sheet1!$H:$H,Sheet1!$K:$K,$K4,Sheet1!$E:$E,X$3) -> 4794170.9 | Y4: =SUMIFS(Sheet1!$H:$H,Sheet1!$K:$K,$K4,Sheet1!$E:$E,Y$3) -> 0 | Z4: =IFERROR((Y4-X4)/X4,"") -> -1 | AA4: =SUMIFS(Sheet1!$H:$H,Sheet1!$K:$K,$K4,Sheet1!$E:$E,AA$3) -> 5094534 | AB4: =SUMIFS(Sheet1!$H:$H,Sheet1!$K:$K,$K4,Sheet1!$E:$E,AB$3) -> 0 | AC4: =IFERROR((AB4-AA4)/AA4,"") -> -1 | AD4: =SUMIFS(Sheet1!$H:$H,Sheet1!$K:$K,$K4,Sheet1!$E:$E,AD$3) -> 3004367.2 | AE4: =SUMIFS(Sheet1!$H:$H,Sheet1!$K:$K,$K4,Sheet1!$E:$E,AE$3) -> 0 | AF4: =IFERROR((AE4-AD4)/AD4,"") -> -1 | AG4: =SUMIFS(Sheet1!$H:$H,Sheet1!$K:$K,$K4,Sheet1!$E:$E,AG$3) -> 6403013.3 | AH4: =SUMIFS(Sheet1!$H:$H,Sheet1!$K:$K,$K4,Sheet1!$E:$E,AH$3) -> 0 | AI4: =IFERROR((AH4-AG4)/AG4,"") -> -1 | AJ4: =SUMIFS(Sheet1!$H:$H,Sheet1!$K:$K,$K4,Sheet1!$E:$E,AJ$3) -> 5051391.6 | AK4: =SUMIFS(Sheet1!$H:$H,Sheet1!$K:$K,$K4,Sheet1!$E:$E,AK$3) -> 0 | AL4: =IFERROR((AK4-AJ4)/AJ4,"") -> -1 | AM4: =SUMIFS(Sheet1!$H:$H,Sheet1!$K:$K,$K4,Sheet1!$E:$E,AM$3) -> 5630977.6 | AN4: =SUMIFS(Sheet1!$H:$H,Sheet1!$K:$K,$K4,Sheet1!$E:$E,AN$3) -> 0 | AO4: =IFERROR((AN4-AM4)/AM4,"") -> -1 | AP4: =SUMIFS(Sheet1!$H:$H,Sheet1!$K:$K,$K4,Sheet1!$E:$E,AP$3) -> 3514045.5 | AQ4: =SUMIFS(Sheet1!$H:$H,Sheet1!$K:$K,$K4,Sheet1!$E:$E,AQ$3) -> 0 | AR4: =IFERROR((AQ4-AP4)/AP4,"") -> -1 | AS4: =SUMIFS(Sheet1!$H:$H,Sheet1!$K:$K,$K4,Sheet1!$E:$E,AS$3) -> 10333869 | AT4: =SUMIFS(Sheet1!$H:$H,Sheet1!$K:$K,$K4,Sheet1!$E:$E,AT$3) -> 0 | AU4: =IFERROR((AT4-AS4)/AS4,"") -> -1
B5: =IFERROR(__xludf.DUMMYFUNCTION("""COMPUTED_VALUE"""),"Uttarakhand") -> Uttarakhand | C5: =IFERROR(__xludf.DUMMYFUNCTION("""COMPUTED_VALUE"""),2.0075689249999996E7) -> 20075689 | D5: =sumifs(Sheet1!H:H,Sheet1!K:K,B5,Sheet1!O:O,"FY-2025-26") -> 3198007.6 | E5: =sumifs(Sheet1!H:H,Sheet1!K:K,B5,Sheet1!O:O,"FY-2026-27") -> 6640766.7 | F5: =E5-D5 -> 3442759 | G5: =IFERROR((E5-D5)/D5,"") -> 1.0765325 | H5: =E5/E$2 -> 0.25831376 | K5: =B5 -> Uttarakhand | L5: =SUMIFS(Sheet1!$H:$H,Sheet1!$K:$K,$K5,Sheet1!$E:$E,L$3) -> 183667.49 | M5: =SUMIFS(Sheet1!$H:$H,Sheet1!$K:$K,$K5,Sheet1!$E:$E,M$3) -> 64994 | N5: =IFERROR((M5-L5)/L5,"") -> -0.64613226 | O5: =SUMIFS(Sheet1!$H:$H,Sheet1!$K:$K,$K5,Sheet1!$E:$E,O$3) -> 1876624.3 | P5: =SUMIFS(Sheet1!$H:$H,Sheet1!$K:$K,$K5,Sheet1!$E:$E,P$3) -> 4008538.4 | Q5: =IFERROR((P5-O5)/O5,"") -> 1.1360367 | R5: =SUMIFS(Sheet1!$H:$H,Sheet1!$K:$K,$K5,Sheet1!$E:$E,R$3) -> 1137715.8 | S5: =SUMIFS(Sheet1!$H:$H,Sheet1!$K:$K,$K5,Sheet1!$E:$E,S$3) -> 2402843.7 | T5: =IFERROR((S5-R5)/R5,"") -> 1.1119893 | U5: =SUMIFS(Sheet1!$H:$H,Sheet1!$K:$K,$K5,Sheet1!$E:$E,U$3) -> 2889144.3 | V5: =SUMIFS(Sheet1!$F:$F,Sheet1!$I:$I,$K5,Sheet1!$C:$C,V$3) -> 0 | W5: =IFERROR((V5-U5)/U5,"") -> -1 | X5: =SUMIFS(Sheet1!$H:$H,Sheet1!$K:$K,$K5,Sheet1!$E:$E,X$3) -> 1744088.5 | Y5: =SUMIFS(Sheet1!$F:$F,Sheet1!$I:$I,$K5,Sheet1!$C:$C,Y$3) -> 0 | Z5: =IFERROR((Y5-X5)/X5,"") -> -1 | AA5: =SUMIFS(Sheet1!$H:$H,Sheet1!$K:$K,$K5,Sheet1!$E:$E,AA$3) -> 795491 | AB5: =SUMIFS(Sheet1!$F:$F,Sheet1!$I:$I,$K5,Sheet1!$C:$C,AB$3) -> 0 | AC5: =IFERROR((AB5-AA5)/AA5,"") -> -1 | AD5: =SUMIFS(Sheet1!$H:$H,Sheet1!$K:$K,$K5,Sheet1!$E:$E,AD$3) -> 1807383 | AE5: =SUMIFS(Sheet1!$F:$F,Sheet1!$I:$I,$K5,Sheet1!$C:$C,AE$3) -> 0 | AF5: =IFERROR((AE5-AD5)/AD5,"") -> -1 | AG5: =SUMIFS(Sheet1!$H:$H,Sheet1!$K:$K,$K5,Sheet1!$E:$E,AG$3) -> 1057606.9 | AH5: =SUMIFS(Sheet1!$F:$F,Sheet1!$I:$I,$K5,Sheet1!$C:$C,AH$3) -> 0 | AI5: =IFERROR((AH5-AG5)/AG5,"") -> -1 | AJ5: =SUMIFS(Sheet1!$H:$H,Sheet1!$K:$K,$K5,Sheet1!$E:$E,AJ$3) -> 2338282 | AK5: =SUMIFS(Sheet1!$F:$F,Sheet1!$I:$I,$K5,Sheet1!$C:$C,AK$3) -> 0 | AL5: =IFERROR((AK5-AJ5)/AJ5,"") -> -1 | AM5: =SUMIFS(Sheet1!$H:$H,Sheet1!$K:$K,$K5,Sheet1!$E:$E,AM$3) -> 2075241 | AN5: =SUMIFS(Sheet1!$F:$F,Sheet1!$I:$I,$K5,Sheet1!$C:$C,AN$3) -> 0 | AO5: =IFERROR((AN5-AM5)/AM5,"") -> -1 | AP5: =SUMIFS(Sheet1!$H:$H,Sheet1!$K:$K,$K5,Sheet1!$E:$E,AP$3) -> 2143058.9 | AQ5: =SUMIFS(Sheet1!$F:$F,Sheet1!$I:$I,$K5,Sheet1!$C:$C,AQ$3) -> 0 | AR5: =IFERROR((AQ5-AP5)/AP5,"") -> -1 | AS5: =SUMIFS(Sheet1!$H:$H,Sheet1!$K:$K,$K5,Sheet1!$E:$E,AS$3) -> 2027386.1 | AT5: =SUMIFS(Sheet1!$F:$F,Sheet1!$I:$I,$K5,Sheet1!$C:$C,AT$3) -> 0 | AU5: =IFERROR((AT5-AS5)/AS5,"") -> -1
B6: =IFERROR(__xludf.DUMMYFUNCTION("""COMPUTED_VALUE"""),"DELHI A") -> DELHI A | C6: =IFERROR(__xludf.DUMMYFUNCTION("""COMPUTED_VALUE"""),1.693441684000001E7) -> 16934417 | D6: =sumifs(Sheet1!H:H,Sheet1!K:K,B6,Sheet1!O:O,"FY-2025-26") -> 4057826.1 | E6: =sumifs(Sheet1!H:H,Sheet1!K:K,B6,Sheet1!O:O,"FY-2026-27") -> 3806216.7 | F6: =E6-D6 -> -251609.43 | G6: =IFERROR((E6-D6)/D6,"") -> -0.062005966 | H6: =E6/E$2 -> 0.14805491 | K6: =B6 -> DELHI A | L6: =SUMIFS(Sheet1!$H:$H,Sheet1!$K:$K,$K6,Sheet1!$E:$E,L$3) -> 1894229.4 | M6: =SUMIFS(Sheet1!$H:$H,Sheet1!$K:$K,$K6,Sheet1!$E:$E,M$3) -> 294989.63 | N6: =IFERROR((M6-L6)/L6,"") -> -0.84426932 | O6: =SUMIFS(Sheet1!$H:$H,Sheet1!$K:$K,$K6,Sheet1!$E:$E,O$3) -> 1500603.8 | P6: =SUMIFS(Sheet1!$H:$H,Sheet1!$K:$K,$K6,Sheet1!$E:$E,P$3) -> 1330932.6 | Q6: =IFERROR((P6-O6)/O6,"") -> -0.11306863 | R6: =SUMIFS(Sheet1!$H:$H,Sheet1!$K:$K,$K6,Sheet1!$E:$E,R$3) -> 662992.93 | S6: =SUMIFS(Sheet1!$H:$H,Sheet1!$K:$K,$K6,Sheet1!$E:$E,S$3) -> 2180294.5 | T6: =IFERROR((S6-R6)/R6,"") -> 2.2885637 | U6: =SUMIFS(Sheet1!$H:$H,Sheet1!$K:$K,$K6,Sheet1!$E:$E,U$3) -> 1565819.6 | V6: =SUMIFS(Sheet1!$F:$F,Sheet1!$I:$I,$K6,Sheet1!$C:$C,V$3) -> 0 | W6: =IFERROR((V6-U6)/U6,"") -> -1 | X6: =SUMIFS(Sheet1!$H:$H,Sheet1!$K:$K,$K6,Sheet1!$E:$E,X$3) -> 1826658 | Y6: =SUMIFS(Sheet1!$F:$F,Sheet1!$I:$I,$K6,Sheet1!$C:$C,Y$3) -> 0 | Z6: =IFERROR((Y6-X6)/X6,"") -> -1 | AA6: =SUMIFS(Sheet1!$H:$H,Sheet1!$K:$K,$K6,Sheet1!$E:$E,AA$3) -> 2064462.3 | AB6: =SUMIFS(Sheet1!$F:$F,Sheet1!$I:$I,$K6,Sheet1!$C:$C,AB$3) -> 0 | AC6: =IFERROR((AB6-AA6)/AA6,"") -> -1 | AD6: =SUMIFS(Sheet1!$H:$H,Sheet1!$K:$K,$K6,Sheet1!$E:$E,AD$3) -> 856754 | AE6: =SUMIFS(Sheet1!$F:$F,Sheet1!$I:$I,$K6,Sheet1!$C:$C,AE$3) -> 0 | AF6: =IFERROR((AE6-AD6)/AD6,"") -> -1 | AG6: =SUMIFS(Sheet1!$H:$H,Sheet1!$K:$K,$K6,Sheet1!$E:$E,AG$3) -> 1690168.1 | AH6: =SUMIFS(Sheet1!$F:$F,Sheet1!$I:$I,$K6,Sheet1!$C:$C,AH$3) -> 0 | AI6: =IFERROR((AH6-AG6)/AG6,"") -> -1 | AJ6: =SUMIFS(Sheet1!$H:$H,Sheet1!$K:$K,$K6,Sheet1!$E:$E,AJ$3) -> 925450.05 | AK6: =SUMIFS(Sheet1!$F:$F,Sheet1!$I:$I,$K6,Sheet1!$C:$C,AK$3) -> 0 | AL6: =IFERROR((AK6-AJ6)/AJ6,"") -> -1 | AM6: =SUMIFS(Sheet1!$H:$H,Sheet1!$K:$K,$K6,Sheet1!$E:$E,AM$3) -> 1412645.5 | AN6: =SUMIFS(Sheet1!$F:$F,Sheet1!$I:$I,$K6,Sheet1!$C:$C,AN$3) -> 0 | AO6: =IFERROR((AN6-AM6)/AM6,"") -> -1 | AP6: =SUMIFS(Sheet1!$H:$H,Sheet1!$K:$K,$K6,Sheet1!$E:$E,AP$3) -> 1377741.3 | AQ6: =SUMIFS(Sheet1!$F:$F,Sheet1!$I:$I,$K6,Sheet1!$C:$C,AQ$3) -> 0 | AR6: =IFERROR((AQ6-AP6)/AP6,"") -> -1 | AS6: =SUMIFS(Sheet1!$H:$H,Sheet1!$K:$K,$K6,Sheet1!$E:$E,AS$3) -> 1156891.9 | AT6: =SUMIFS(Sheet1!$F:$F,Sheet1!$I:$I,$K6,Sheet1!$C:$C,AT$3) -> 0 | AU6: =IFERROR((AT6-AS6)/AS6,"") -> -1
B7: =IFERROR(__xludf.DUMMYFUNCTION("""COMPUTED_VALUE"""),"DELHI NCR") -> DELHI NCR | C7: =IFERROR(__xludf.DUMMYFUNCTION("""COMPUTED_VALUE"""),1.0756981070000002E7) -> 10756981 | D7: =sumifs(Sheet1!H:H,Sheet1!K:K,B7,Sheet1!O:O,"FY-2025-26") -> 2408782.1 | E7: =sumifs(Sheet1!H:H,Sheet1!K:K,B7,Sheet1!O:O,"FY-2026-27") -> 2215644 | F7: =E7-D7 -> -193138.1 | G7: =IFERROR((E7-D7)/D7,"") -> -0.08018081 | H7: =E7/E$2 -> 0.086184526 | K7: =B7 -> DELHI NCR | L7: =SUMIFS(Sheet1!$H:$H,Sheet1!$K:$K,$K7,Sheet1!$E:$E,L$3) -> 159995.82 | M7: =SUMIFS(Sheet1!$H:$H,Sheet1!$K:$K,$K7,Sheet1!$E:$E,M$3) -> 314161 | N7: =IFERROR((M7-L7)/L7,"") -> 0.96355755 | O7: =SUMIFS(Sheet1!$H:$H,Sheet1!$K:$K,$K7,Sheet1!$E:$E,O$3) -> 1407474.3 | P7: =SUMIFS(Sheet1!$H:$H,Sheet1!$K:$K,$K7,Sheet1!$E:$E,P$3) -> 333148 | Q7: =IFERROR((P7-O7)/O7,"") -> -0.76330083 | R7: =SUMIFS(Sheet1!$H:$H,Sheet1!$K:$K,$K7,Sheet1!$E:$E,R$3) -> 841312 | S7: =SUMIFS(Sheet1!$H:$H,Sheet1!$K:$K,$K7,Sheet1!$E:$E,S$3) -> 1568335 | T7: =IFERROR((S7-R7)/R7,"") -> 0.86415385 | U7: =SUMIFS(Sheet1!$H:$H,Sheet1!$K:$K,$K7,Sheet1!$E:$E,U$3) -> 1249313.6 | V7: =SUMIFS(Sheet1!$F:$F,Sheet1!$I:$I,$K7,Sheet1!$C:$C,V$3) -> 0 | W7: =IFERROR((V7-U7)/U7,"") -> -1 | X7: =SUMIFS(Sheet1!$H:$H,Sheet1!$K:$K,$K7,Sheet1!$E:$E,X$3) -> 651679.18 | Y7: =SUMIFS(Sheet1!$F:$F,Sheet1!$I:$I,$K7,Sheet1!$C:$C,Y$3) -> 0 | Z7: =IFERROR((Y7-X7)/X7,"") -> -1 | AA7: =SUMIFS(Sheet1!$H:$H,Sheet1!$K:$K,$K7,Sheet1!$E:$E,AA$3) -> 1382758 | AB7: =SUMIFS(Sheet1!$F:$F,Sheet1!$I:$I,$K7,Sheet1!$C:$C,AB$3) -> 0 | AC7: =IFERROR((AB7-AA7)/AA7,"") -> -1 | AD7: =SUMIFS(Sheet1!$H:$H,Sheet1!$K:$K,$K7,Sheet1!$E:$E,AD$3) -> 222243 | AE7: =SUMIFS(Sheet1!$F:$F,Sheet1!$I:$I,$K7,Sheet1!$C:$C,AE$3) -> 0 | AF7: =IFERROR((AE7-AD7)/AD7,"") -> -1 | AG7: =SUMIFS(Sheet1!$H:$H,Sheet1!$K:$K,$K7,Sheet1!$E:$E,AG$3) -> 1312856 | AH7: =SUMIFS(Sheet1!$F:$F,Sheet1!$I:$I,$K7,Sheet1!$C:$C,AH$3) -> 0 | AI7: =IFERROR((AH7-AG7)/AG7,"") -> -1 | AJ7: =SUMIFS(Sheet1!$H:$H,Sheet1!$K:$K,$K7,Sheet1!$E:$E,AJ$3) -> 961227 | AK7: =SUMIFS(Sheet1!$F:$F,Sheet1!$I:$I,$K7,Sheet1!$C:$C,AK$3) -> 0 | AL7: =IFERROR((AK7-AJ7)/AJ7,"") -> -1 | AM7: =SUMIFS(Sheet1!$H:$H,Sheet1!$K:$K,$K7,Sheet1!$E:$E,AM$3) -> 920896 | AN7: =SUMIFS(Sheet1!$F:$F,Sheet1!$I:$I,$K7,Sheet1!$C:$C,AN$3) -> 0 | AO7: =IFERROR((AN7-AM7)/AM7,"") -> -1 | AP7: =SUMIFS(Sheet1!$H:$H,Sheet1!$K:$K,$K7,Sheet1!$E:$E,AP$3) -> 594160.17 | AQ7: =SUMIFS(Sheet1!$F:$F,Sheet1!$I:$I,$K7,Sheet1!$C:$C,AQ$3) -> 0 | AR7: =IFERROR((AQ7-AP7)/AP7,"") -> -1 | AS7: =SUMIFS(Sheet1!$H:$H,Sheet1!$K:$K,$K7,Sheet1!$E:$E,AS$3) -> 1053066 | AT7: =SUMIFS(Sheet1!$F:$F,Sheet1!$I:$I,$K7,Sheet1!$C:$C,AT$3) -> 0 | AU7: =IFERROR((AT7-AS7)/AS7,"") -> -1
D8: =sumifs(Sheet1!H:H,Sheet1!K:K,B8,Sheet1!O:O,"FY-2025-26") -> 0 | E8: =sumifs(Sheet1!F:F,Sheet1!I:I,B8,Sheet1!M:M,"FY-2025-26") -> 0 | F8: =E8-D8 -> 0 | G8: =IFERROR((E8-D8)/D8,"") | K8: =B8 | L8: =SUMIFS(Sheet1!$H:$H,Sheet1!$K:$K,$K8,Sheet1!$E:$E,L$3) -> 0 | M8: =SUMIFS(Sheet1!$H:$H,Sheet1!$K:$K,$K8,Sheet1!$E:$E,M$3) -> 0 | N8: =IFERROR((M8-L8)/L8,"") | O8: =SUMIFS(Sheet1!$H:$H,Sheet1!$K:$K,$K8,Sheet1!$E:$E,O$3) -> 0 | P8: =SUMIFS(Sheet1!$H:$H,Sheet1!$K:$K,$K8,Sheet1!$E:$E,P$3) -> 0 | Q8: =IFERROR((P8-O8)/O8,"") | R8: =SUMIFS(Sheet1!$H:$H,Sheet1!$K:$K,$K8,Sheet1!$E:$E,R$3) -> 0 | S8: =SUMIFS(Sheet1!$H:$H,Sheet1!$K:$K,$K8,Sheet1!$E:$E,S$3) -> 0 | T8: =IFERROR((S8-R8)/R8,"") | U8: =SUMIFS(Sheet1!$H:$H,Sheet1!$K:$K,$K8,Sheet1!$E:$E,U$3) -> 0 | V8: =SUMIFS(Sheet1!$F:$F,Sheet1!$I:$I,$K8,Sheet1!$C:$C,V$3) -> 0 | W8: =IFERROR((V8-U8)/U8,"") | X8: =SUMIFS(Sheet1!$H:$H,Sheet1!$K:$K,$K8,Sheet1!$E:$E,X$3) -> 0 | Y8: =SUMIFS(Sheet1!$F:$F,Sheet1!$I:$I,$K8,Sheet1!$C:$C,Y$3) -> 0 | Z8: =IFERROR((Y8-X8)/X8,"") | AA8: =SUMIFS(Sheet1!$H:$H,Sheet1!$K:$K,$K8,Sheet1!$E:$E,AA$3) -> 0 | AB8: =SUMIFS(Sheet1!$F:$F,Sheet1!$I:$I,$K8,Sheet1!$C:$C,AB$3) -> 0 | AC8: =IFERROR((AB8-AA8)/AA8,"") | AD8: =SUMIFS(Sheet1!$H:$H,Sheet1!$K:$K,$K8,Sheet1!$E:$E,AD$3) -> 0 | AE8: =SUMIFS(Sheet1!$F:$F,Sheet1!$I:$I,$K8,Sheet1!$C:$C,AE$3) -> 0 | AF8: =IFERROR((AE8-AD8)/AD8,"") | AG8: =SUMIFS(Sheet1!$H:$H,Sheet1!$K:$K,$K8,Sheet1!$E:$E,AG$3) -> 0 | AH8: =SUMIFS(Sheet1!$F:$F,Sheet1!$I:$I,$K8,Sheet1!$C:$C,AH$3) -> 0 | AI8: =IFERROR((AH8-AG8)/AG8,"") | AJ8: =SUMIFS(Sheet1!$H:$H,Sheet1!$K:$K,$K8,Sheet1!$E:$E,AJ$3) -> 0 | AK8: =SUMIFS(Sheet1!$F:$F,Sheet1!$I:$I,$K8,Sheet1!$C:$C,AK$3) -> 0 | AL8: =IFERROR((AK8-AJ8)/AJ8,"") | AM8: =SUMIFS(Sheet1!$H:$H,Sheet1!$K:$K,$K8,Sheet1!$E:$E,AM$3) -> 0 | AN8: =SUMIFS(Sheet1!$F:$F,Sheet1!$I:$I,$K8,Sheet1!$C:$C,AN$3) -> 0 | AO8: =IFERROR((AN8-AM8)/AM8,"") | AP8: =SUMIFS(Sheet1!$H:$H,Sheet1!$K:$K,$K8,Sheet1!$E:$E,AP$3) -> 0 | AQ8: =SUMIFS(Sheet1!$F:$F,Sheet1!$I:$I,$K8,Sheet1!$C:$C,AQ$3) -> 0 | AR8: =IFERROR((AQ8-AP8)/AP8,"") | AS8: =SUMIFS(Sheet1!$H:$H,Sheet1!$K:$K,$K8,Sheet1!$E:$E,AS$3) -> 0 | AT8: =SUMIFS(Sheet1!$F:$F,Sheet1!$I:$I,$K8,Sheet1!$C:$C,AT$3) -> 0 | AU8: =IFERROR((AT8-AS8)/AS8,"")
D9: =sumifs(Sheet1!H:H,Sheet1!K:K,B9,Sheet1!O:O,"FY-2025-26") -> 0 | E9: =sumifs(Sheet1!F:F,Sheet1!I:I,B9,Sheet1!M:M,"FY-2025-26") -> 0 | F9: =E9-D9 -> 0 | G9: =IFERROR((E9-D9)/D9,"") | K9: =B9 | L9: =SUMIFS(Sheet1!$H:$H,Sheet1!$K:$K,$K9,Sheet1!$E:$E,L$3) -> 0 | M9: =SUMIFS(Sheet1!$H:$H,Sheet1!$K:$K,$K9,Sheet1!$E:$E,M$3) -> 0 | N9: =IFERROR((M9-L9)/L9,"") | O9: =SUMIFS(Sheet1!$H:$H,Sheet1!$K:$K,$K9,Sheet1!$E:$E,O$3) -> 0 | P9: =SUMIFS(Sheet1!$F:$F,Sheet1!$I:$I,$K9,Sheet1!$C:$C,P$3) -> 0 | Q9: =IFERROR((P9-O9)/O9,"") | R9: =SUMIFS(Sheet1!$H:$H,Sheet1!$K:$K,$K9,Sheet1!$E:$E,R$3) -> 0 | S9: =SUMIFS(Sheet1!$H:$H,Sheet1!$K:$K,$K9,Sheet1!$E:$E,S$3) -> 0 | T9: =IFERROR((S9-R9)/R9,"") | U9: =SUMIFS(Sheet1!$H:$H,Sheet1!$K:$K,$K9,Sheet1!$E:$E,U$3) -> 0 | V9: =SUMIFS(Sheet1!$F:$F,Sheet1!$I:$I,$K9,Sheet1!$C:$C,V$3) -> 0 | W9: =IFERROR((V9-U9)/U9,"") | X9: =SUMIFS(Sheet1!$H:$H,Sheet1!$K:$K,$K9,Sheet1!$E:$E,X$3) -> 0 | Y9: =SUMIFS(Sheet1!$F:$F,Sheet1!$I:$I,$K9,Sheet1!$C:$C,Y$3) -> 0 | Z9: =IFERROR((Y9-X9)/X9,"") | AA9: =SUMIFS(Sheet1!$H:$H,Sheet1!$K:$K,$K9,Sheet1!$E:$E,AA$3) -> 0 | AB9: =SUMIFS(Sheet1!$F:$F,Sheet1!$I:$I,$K9,Sheet1!$C:$C,AB$3) -> 0 | AC9: =IFERROR((AB9-AA9)/AA9,"") | AD9: =SUMIFS(Sheet1!$H:$H,Sheet1!$K:$K,$K9,Sheet1!$E:$E,AD$3) -> 0 | AE9: =SUMIFS(Sheet1!$F:$F,Sheet1!$I:$I,$K9,Sheet1!$C:$C,AE$3) -> 0 | AF9: =IFERROR((AE9-AD9)/AD9,"") | AG9: =SUMIFS(Sheet1!$H:$H,Sheet1!$K:$K,$K9,Sheet1!$E:$E,AG$3) -> 0 | AH9: =SUMIFS(Sheet1!$F:$F,Sheet1!$I:$I,$K9,Sheet1!$C:$C,AH$3) -> 0 | AI9: =IFERROR((AH9-AG9)/AG9,"") | AJ9: =SUMIFS(Sheet1!$H:$H,Sheet1!$K:$K,$K9,Sheet1!$E:$E,AJ$3) -> 0 | AK9: =SUMIFS(Sheet1!$F:$F,Sheet1!$I:$I,$K9,Sheet1!$C:$C,AK$3) -> 0 | AL9: =IFERROR((AK9-AJ9)/AJ9,"") | AM9: =SUMIFS(Sheet1!$H:$H,Sheet1!$K:$K,$K9,Sheet1!$E:$E,AM$3) -> 0 | AN9: =SUMIFS(Sheet1!$F:$F,Sheet1!$I:$I,$K9,Sheet1!$C:$C,AN$3) -> 0 | AO9: =IFERROR((AN9-AM9)/AM9,"") | AP9: =SUMIFS(Sheet1!$F:$F,Sheet1!$I:$I,$K9,Sheet1!$C:$C,AP$3) -> 0 | AQ9: =SUMIFS(Sheet1!$F:$F,Sheet1!$I:$I,$K9,Sheet1!$C:$C,AQ$3) -> 0 | AR9: =IFERROR((AQ9-AP9)/AP9,"") | AS9: =SUMIFS(Sheet1!$F:$F,Sheet1!$I:$I,$K9,Sheet1!$C:$C,AS$3) -> 0 | AT9: =SUMIFS(Sheet1!$F:$F,Sheet1!$I:$I,$K9,Sheet1!$C:$C,AT$3) -> 0 | AU9: =IFERROR((AT9-AS9)/AS9,"")
D10: =sumifs(Sheet1!H:H,Sheet1!K:K,B10,Sheet1!O:O,"FY-2025-26") -> 0 | E10: =sumifs(Sheet1!F:F,Sheet1!I:I,B10,Sheet1!M:M,"FY-2025-26") -> 0 | F10: =E10-D10 -> 0 | G10: =IFERROR((E10-D10)/D10,"") | K10: =B10 | L10: =SUMIFS(Sheet1!$H:$H,Sheet1!$K:$K,$K10,Sheet1!$E:$E,L$3) -> 0 | M10: =SUMIFS(Sheet1!$F:$F,Sheet1!$I:$I,$K10,Sheet1!$C:$C,M$3) -> 0 | N10: =IFERROR((M10-L10)/L10,"") | O10: =SUMIFS(Sheet1!$H:$H,Sheet1!$K:$K,$K10,Sheet1!$E:$E,O$3) -> 0 | P10: =SUMIFS(Sheet1!$F:$F,Sheet1!$I:$I,$K10,Sheet1!$C:$C,P$3) -> 0 | Q10: =IFERROR((P10-O10)/O10,"") | R10: =SUMIFS(Sheet1!$H:$H,Sheet1!$K:$K,$K10,Sheet1!$E:$E,R$3) -> 0 | S10: =SUMIFS(Sheet1!$H:$H,Sheet1!$K:$K,$K10,Sheet1!$E:$E,S$3) -> 0 | T10: =IFERROR((S10-R10)/R10,"") | U10: =SUMIFS(Sheet1!$H:$H,Sheet1!$K:$K,$K10,Sheet1!$E:$E,U$3) -> 0 | V10: =SUMIFS(Sheet1!$F:$F,Sheet1!$I:$I,$K10,Sheet1!$C:$C,V$3) -> 0 | W10: =IFERROR((V10-U10)/U10,"") | X10: =SUMIFS(Sheet1!$F:$F,Sheet1!$I:$I,$K10,Sheet1!$C:$C,X$3) -> 0 | Y10: =SUMIFS(Sheet1!$F:$F,Sheet1!$I:$I,$K10,Sheet1!$C:$C,Y$3) -> 0 | Z10: =IFERROR((Y10-X10)/X10,"") | AA10: =SUMIFS(Sheet1!$H:$H,Sheet1!$K:$K,$K10,Sheet1!$E:$E,AA$3) -> 0 | AB10: =SUMIFS(Sheet1!$F:$F,Sheet1!$I:$I,$K10,Sheet1!$C:$C,AB$3) -> 0 | AC10: =IFERROR((AB10-AA10)/AA10,"") | AD10: =SUMIFS(Sheet1!$F:$F,Sheet1!$I:$I,$K10,Sheet1!$C:$C,AD$3) -> 0 | AE10: =SUMIFS(Sheet1!$F:$F,Sheet1!$I:$I,$K10,Sheet1!$C:$C,AE$3) -> 0 | AF10: =IFERROR((AE10-AD10)/AD10,"") | AG10: =SUMIFS(Sheet1!$H:$H,Sheet1!$K:$K,$K10,Sheet1!$E:$E,AG$3) -> 0 | AH10: =SUMIFS(Sheet1!$F:$F,Sheet1!$I:$I,$K10,Sheet1!$C:$C,AH$3) -> 0 | AI10: =IFERROR((AH10-AG10)/AG10,"") | AJ10: =SUMIFS(Sheet1!$H:$H,Sheet1!$K:$K,$K10,Sheet1!$E:$E,AJ$3) -> 0 | AK10: =SUMIFS(Sheet1!$F:$F,Sheet1!$I:$I,$K10,Sheet1!$C:$C,AK$3) -> 0 | AL10: =IFERROR((AK10-AJ10)/AJ10,"") | AM10: =SUMIFS(Sheet1!$F:$F,Sheet1!$I:$I,$K10,Sheet1!$C:$C,AM$3) -> 0 | AN10: =SUMIFS(Sheet1!$F:$F,Sheet1!$I:$I,$K10,Sheet1!$C:$C,AN$3) -> 0 | AO10: =IFERROR((AN10-AM10)/AM10,"") | AP10: =SUMIFS(Sheet1!$F:$F,Sheet1!$I:$I,$K10,Sheet1!$C:$C,AP$3) -> 0 | AQ10: =SUMIFS(Sheet1!$F:$F,Sheet1!$I:$I,$K10,Sheet1!$C:$C,AQ$3) -> 0 | AR10: =IFERROR((AQ10-AP10)/AP10,"") | AS10: =SUMIFS(Sheet1!$F:$F,Sheet1!$I:$I,$K10,Sheet1!$C:$C,AS$3) -> 0 | AT10: =SUMIFS(Sheet1!$F:$F,Sheet1!$I:$I,$K10,Sheet1!$C:$C,AT$3) -> 0 | AU10: =IFERROR((AT10-AS10)/AS10,"")
D11: =sumifs(Sheet1!F:F,Sheet1!I:I,B11,Sheet1!M:M,"FY-2024-25") -> 0 | E11: =sumifs(Sheet1!F:F,Sheet1!I:I,B11,Sheet1!M:M,"FY-2025-26") -> 0
D12: =sumifs(Sheet1!F:F,Sheet1!I:I,B12,Sheet1!M:M,"FY-2024-25") -> 0 | E12: =sumifs(Sheet1!F:F,Sheet1!I:I,B12,Sheet1!M:M,"FY-2025-26") -> 0
E13: =sumifs(Sheet1!F:F,Sheet1!I:I,B13,Sheet1!M:M,"FY-2025-26") -> 0
E14: =sumifs(Sheet1!F:F,Sheet1!I:I,B14,Sheet1!M:M,"FY-2025-26") -> 0
J15: Select State
J16: DELHI NCR | L16: =SUM(L18:L34619) -> 159995.82 | M16: =SUM(M18:M34619) -> 314161 | N16: =IFERROR((M16-L16)/L16,"") -> 0.96355755 | O16: =SUM(O18:O34619) -> 1407474.3 | P16: =SUM(P18:P34619) -> 333148 | Q16: =IFERROR((P16-O16)/O16,"") -> -0.76330083 | R16: =SUM(R18:R34619) -> 841312 | S16: =SUM(S18:S34619) -> 1568335 | T16: =IFERROR((S16-R16)/R16,"") -> 0.86415385 | U16: =SUM(U18:U34619) -> 1249313.6 | V16: =SUM(V18:V34619) -> 0 | W16: =IFERROR((V16-U16)/U16,"") -> -1 | X16: =SUM(X18:X34619) -> 651679.18 | Y16: =SUM(Y18:Y34619) -> 0 | Z16: =IFERROR((Y16-X16)/X16,"") -> -1 | AA16: =SUM(AA18:AA34619) -> 1382758 | AB16: =SUM(AB18:AB34619) -> 0 | AC16: =IFERROR((AB16-AA16)/AA16,"") -> -1 | AD16: =SUM(AD18:AD34619) -> 222243 | AE16: =SUM(AE18:AE34619) -> 0 | AF16: =IFERROR((AE16-AD16)/AD16,"") -> -1 | AG16: =SUM(AG18:AG34619) -> 1312856 | AH16: =SUM(AH18:AH34619) -> 0 | AI16: =IFERROR((AH16-AG16)/AG16,"") -> -1 | AJ16: =SUM(AJ18:AJ34619) -> 961227 | AK16: =SUM(AK18:AK34619) -> 0 | AL16: =IFERROR((AK16-AJ16)/AJ16,"") -> -1 | AM16: =SUM(AM18:AM34619) -> 920896 | AN16: =SUM(AN18:AN34619) -> 0 | AO16: =IFERROR((AN16-AM16)/AM16,"") -> -1 | AP16: =SUM(AP18:AP34619) -> 594160.17 | AQ16: =SUM(AQ18:AQ34619) -> 0 | AR16: =IFERROR((AQ16-AP16)/AP16,"") -> -1 | AS16: =SUM(AS18:AS34619) -> 1053066 | AT16: =SUM(AT18:AT34619) -> 0 | AU16: =IFERROR((AT16-AS16)/AS16,"") -> -1
J17: =IFERROR(__xludf.DUMMYFUNCTION("UNIQUE(QUERY(Sheet1!A1:O34619,""SELECT SUM(H),C WHERE K CONTAINS '""&J16&""' GROUP BY C ORDER BY SUM(H) DESC LABEL SUM(H) '' ,C 'Party Name'""))"),"") | K17: =IFERROR(__xludf.DUMMYFUNCTION("""COMPUTED_VALUE"""),"Party Name") -> Party Name | L17: 45772 | M17: 46138 | N17: Growth % | O17: 45802 | P17: 46168 | Q17: Growth % | R17: 45833 | S17: 46199 | T17: Growth % | U17: 45863 | V17: 46229 | W17: Growth % | X17: 45894 | Y17: 46260 | Z17: Growth % | AA17: 45925 | AB17: 46291 | AC17: Growth % | AD17: 45955 | AE17: 46321 | AF17: Growth % | AG17: 45986 | AH17: 46352 | AI17: Growth % | AJ17: 46016 | AK17: 46382 | AL17: Growth % | AM17: 46048 | AN17: 46413 | AO17: Growth % | AP17: 46079 | AQ17: 46444 | AR17: Growth % | AS17: 46107 | AT17: 46472 | AU17: Growth %
J18: =IFERROR(__xludf.DUMMYFUNCTION("""COMPUTED_VALUE"""),5731076.120000001) -> 5731076.1 | K18: =IFERROR(__xludf.DUMMYFUNCTION("""COMPUTED_VALUE"""),"S S SANITATAION") -> S S SANITATAION | L18: =SUMIFS(Sheet1!$H:$H,Sheet1!$C:$C,$K18,Sheet1!$E:$E,L$3) -> 159995.82 | M18: =SUMIFS(Sheet1!$H:$H,Sheet1!$C:$C,$K18,Sheet1!$E:$E,M$3) -> 0 | N18: =IFERROR((M18-L18)/L18,"") -> -1 | O18: =SUMIFS(Sheet1!$H:$H,Sheet1!$C:$C,$K18,Sheet1!$E:$E,O$3) -> 364588.2 | P18: =SUMIFS(Sheet1!$H:$H,Sheet1!$C:$C,$K18,Sheet1!$E:$E,P$3) -> 0 | Q18: =IFERROR((P18-O18)/O18,"") -> -1 | R18: =SUMIFS(Sheet1!$H:$H,Sheet1!$C:$C,$K18,Sheet1!$E:$E,R$3) -> 197337 | S18: =SUMIFS(Sheet1!$H:$H,Sheet1!$C:$C,$K18,Sheet1!$E:$E,S$3) -> 0 | T18: =IFERROR((S18-R18)/R18,"") -> -1 | U18: =SUMIFS(Sheet1!$H:$H,Sheet1!$C:$C,$K18,Sheet1!$E:$E,U$3) -> 991671.66 | V18: =SUMIFS(Sheet1!$H:$H,Sheet1!$C:$C,$K18,Sheet1!$E:$E,V$3) -> 0 | W18: =IFERROR((V18-U18)/U18,"") -> -1 | X18: =SUMIFS(Sheet1!$H:$H,Sheet1!$C:$C,$K18,Sheet1!$E:$E,X$3) -> 126959.27 | Y18: =SUMIFS(Sheet1!$H:$H,Sheet1!$C:$C,$K18,Sheet1!$E:$E,Y$3) -> 0 | Z18: =IFERROR((Y18-X18)/X18,"") -> -1 | AA18: =SUMIFS(Sheet1!$H:$H,Sheet1!$C:$C,$K18,Sheet1!$E:$E,AA$3) -> 744326 | AB18: =SUMIFS(Sheet1!$H:$H,Sheet1!$C:$C,$K18,Sheet1!$E:$E,AB$3) -> 0 | AC18: =IFERROR((AB18-AA18)/AA18,"") -> -1 | AD18: =SUMIFS(Sheet1!$H:$H,Sheet1!$C:$C,$K18,Sheet1!$E:$E,AD$3) -> 99871 | AE18: =SUMIFS(Sheet1!$H:$H,Sheet1!$C:$C,$K18,Sheet1!$E:$E,AE$3) -> 0 | AF18: =IFERROR((AE18-AD18)/AD18,"") -> -1 | AG18: =SUMIFS(Sheet1!$H:$H,Sheet1!$C:$C,$K18,Sheet1!$E:$E,AG$3) -> 605555 | AH18: =SUMIFS(Sheet1!$H:$H,Sheet1!$C:$C,$K18,Sheet1!$E:$E,AH$3) -> 0 | AI18: =IFERROR((AH18-AG18)/AG18,"") -> -1 | AJ18: =SUMIFS(Sheet1!$H:$H,Sheet1!$C:$C,$K18,Sheet1!$E:$E,AJ$3) -> 457868 | AK18: =SUMIFS(Sheet1!$H:$H,Sheet1!$C:$C,$K18,Sheet1!$E:$E,AK$3) -> 0 | AL18: =IFERROR((AK18-AJ18)/AJ18,"") -> -1 | AM18: =SUMIFS(Sheet1!$H:$H,Sheet1!$C:$C,$K18,Sheet1!$E:$E,AM$3) -> 476841 | AN18: =SUMIFS(Sheet1!$H:$H,Sheet1!$C:$C,$K18,Sheet1!$E:$E,AN$3) -> 0 | AO18: =IFERROR((AN18-AM18)/AM18,"") -> -1 | AP18: =SUMIFS(Sheet1!$H:$H,Sheet1!$C:$C,$K18,Sheet1!$E:$E,AP$3) -> 452997.17 | AQ18: =SUMIFS(Sheet1!$H:$H,Sheet1!$C:$C,$K18,Sheet1!$E:$E,AQ$3) -> 0 | AR18: =IFERROR((AQ18-AP18)/AP18,"") -> -1 | AS18: =SUMIFS(Sheet1!$H:$H,Sheet1!$C:$C,$K18,Sheet1!$E:$E,AS$3) -> 1053066 | AT18: =SUMIFS(Sheet1!$H:$H,Sheet1!$C:$C,$K18,Sheet1!$E:$E,AT$3) -> 0 | AU18: =IFERROR((AT18-AS18)/AS18,"") -> -1
J19: =IFERROR(__xludf.DUMMYFUNCTION("""COMPUTED_VALUE"""),4161744.0300000007) -> 4161744 | K19: =IFERROR(__xludf.DUMMYFUNCTION("""COMPUTED_VALUE"""),"ANIK TRADERS") -> ANIK TRADERS | L19: =SUMIFS(Sheet1!$H:$H,Sheet1!$C:$C,$K19,Sheet1!$E:$E,L$3) -> 0 | M19: =SUMIFS(Sheet1!$H:$H,Sheet1!$C:$C,$K19,Sheet1!$E:$E,M$3) -> 0 | N19: =IFERROR((M19-L19)/L19,"") | O19: =SUMIFS(Sheet1!$H:$H,Sheet1!$C:$C,$K19,Sheet1!$E:$E,O$3) -> 952233.16 | P19: =SUMIFS(Sheet1!$H:$H,Sheet1!$C:$C,$K19,Sheet1!$E:$E,P$3) -> 0 | Q19: =IFERROR((P19-O19)/O19,"") -> -1 | R19: =SUMIFS(Sheet1!$H:$H,Sheet1!$C:$C,$K19,Sheet1!$E:$E,R$3) -> 551834 | S19: =SUMIFS(Sheet1!$H:$H,Sheet1!$C:$C,$K19,Sheet1!$E:$E,S$3) -> 0 | T19: =IFERROR((S19-R19)/R19,"") -> -1 | U19: =SUMIFS(Sheet1!$H:$H,Sheet1!$C:$C,$K19,Sheet1!$E:$E,U$3) -> 257641.96 | V19: =SUMIFS(Sheet1!$H:$H,Sheet1!$C:$C,$K19,Sheet1!$E:$E,V$3) -> 0 | W19: =IFERROR((V19-U19)/U19,"") -> -1 | X19: =SUMIFS(Sheet1!$H:$H,Sheet1!$C:$C,$K19,Sheet1!$E:$E,X$3) -> 524719.91 | Y19: =SUMIFS(Sheet1!$H:$H,Sheet1!$C:$C,$K19,Sheet1!$E:$E,Y$3) -> 0 | Z19: =IFERROR((Y19-X19)/X19,"") -> -1 | AA19: =SUMIFS(Sheet1!$H:$H,Sheet1!$C:$C,$K19,Sheet1!$E:$E,AA$3) -> 600953 | AB19: =SUMIFS(Sheet1!$H:$H,Sheet1!$C:$C,$K19,Sheet1!$E:$E,AB$3) -> 0 | AC19: =IFERROR((AB19-AA19)/AA19,"") -> -1 | AD19: =SUMIFS(Sheet1!$H:$H,Sheet1!$C:$C,$K19,Sheet1!$E:$E,AD$3) -> 103632 | AE19: =SUMIFS(Sheet1!$H:$H,Sheet1!$C:$C,$K19,Sheet1!$E:$E,AE$3) -> 0 | AF19: =IFERROR((AE19-AD19)/AD19,"") -> -1 | AG19: =SUMIFS(Sheet1!$H:$H,Sheet1!$C:$C,$K19,Sheet1!$E:$E,AG$3) -> 661664 | AH19: =SUMIFS(Sheet1!$H:$H,Sheet1!$C:$C,$K19,Sheet1!$E:$E,AH$3) -> 0 | AI19: =IFERROR((AH19-AG19)/AG19,"") -> -1 | AJ19: =SUMIFS(Sheet1!$H:$H,Sheet1!$C:$C,$K19,Sheet1!$E:$E,AJ$3) -> 379248 | AK19: =SUMIFS(Sheet1!$H:$H,Sheet1!$C:$C,$K19,Sheet1!$E:$E,AK$3) -> 0 | AL19: =IFERROR((AK19-AJ19)/AJ19,"") -> -1 | AM19: =SUMIFS(Sheet1!$H:$H,Sheet1!$C:$C,$K19,Sheet1!$E:$E,AM$3) -> 129818 | AN19: =SUMIFS(Sheet1!$H:$H,Sheet1!$C:$C,$K19,Sheet1!$E:$E,AN$3) -> 0 | AO19: =IFERROR((AN19-AM19)/AM19,"") -> -1 | AP19: =SUMIFS(Sheet1!$H:$H,Sheet1!$C:$C,$K19,Sheet1!$E:$E,AP$3) -> 0 | AQ19: =SUMIFS(Sheet1!$H:$H,Sheet1!$C:$C,$K19,Sheet1!$E:$E,AQ$3) -> 0 | AR19: =IFERROR((AQ19-AP19)/AP19,"") | AS19: =SUMIFS(Sheet1!$H:$H,Sheet1!$C:$C,$K19,Sheet1!$E:$E,AS$3) -> 0 | AT19: =SUMIFS(Sheet1!$H:$H,Sheet1!$C:$C,$K19,Sheet1!$E:$E,AT$3) -> 0 | AU19: =IFERROR((AT19-AS19)/AS19,"")
J20: =IFERROR(__xludf.DUMMYFUNCTION("""COMPUTED_VALUE"""),1022204.0) -> 1022204 | K20: =IFERROR(__xludf.DUMMYFUNCTION("""COMPUTED_VALUE"""),"HYDURE PIPE FITTING COMPANY (HR)") -> HYDURE PIPE FITTING COMPANY (HR) | L20: =SUMIFS(Sheet1!$H:$H,Sheet1!$C:$C,$K20,Sheet1!$E:$E,L$3) -> 0 | M20: =SUMIFS(Sheet1!$H:$H,Sheet1!$C:$C,$K20,Sheet1!$E:$E,M$3) -> 0 | N20: =IFERROR((M20-L20)/L20,"") | O20: =SUMIFS(Sheet1!$H:$H,Sheet1!$C:$C,$K20,Sheet1!$E:$E,O$3) -> 0 | P20: =SUMIFS(Sheet1!$H:$H,Sheet1!$C:$C,$K20,Sheet1!$E:$E,P$3) -> 0 | Q20: =IFERROR((P20-O20)/O20,"") | R20: =SUMIFS(Sheet1!$H:$H,Sheet1!$C:$C,$K20,Sheet1!$E:$E,R$3) -> 0 | S20: =SUMIFS(Sheet1!$H:$H,Sheet1!$C:$C,$K20,Sheet1!$E:$E,S$3) -> 1022204 | T20: =IFERROR((S20-R20)/R20,"") | U20: =SUMIFS(Sheet1!$H:$H,Sheet1!$C:$C,$K20,Sheet1!$E:$E,U$3) -> 0 | V20: =SUMIFS(Sheet1!$H:$H,Sheet1!$C:$C,$K20,Sheet1!$E:$E,V$3) -> 0 | W20: =IFERROR((V20-U20)/U20,"") | X20: =SUMIFS(Sheet1!$H:$H,Sheet1!$C:$C,$K20,Sheet1!$E:$E,X$3) -> 0 | Y20: =SUMIFS(Sheet1!$H:$H,Sheet1!$C:$C,$K20,Sheet1!$E:$E,Y$3) -> 0 | Z20: =IFERROR((Y20-X20)/X20,"") | AA20: =SUMIFS(Sheet1!$H:$H,Sheet1!$C:$C,$K20,Sheet1!$E:$E,AA$3) -> 0 | AB20: =SUMIFS(Sheet1!$H:$H,Sheet1!$C:$C,$K20,Sheet1!$E:$E,AB$3) -> 0 | AC20: =IFERROR((AB20-AA20)/AA20,"") | AD20: =SUMIFS(Sheet1!$H:$H,Sheet1!$C:$C,$K20,Sheet1!$E:$E,AD$3) -> 0 | AE20: =SUMIFS(Sheet1!$H:$H,Sheet1!$C:$C,$K20,Sheet1!$E:$E,AE$3) -> 0 | AF20: =IFERROR((AE20-AD20)/AD20,"") | AG20: =SUMIFS(Sheet1!$H:$H,Sheet1!$C:$C,$K20,Sheet1!$E:$E,AG$3) -> 0 | AH20: =SUMIFS(Sheet1!$H:$H,Sheet1!$C:$C,$K20,Sheet1!$E:$E,AH$3) -> 0 | AI20: =IFERROR((AH20-AG20)/AG20,"") | AJ20: =SUMIFS(Sheet1!$H:$H,Sheet1!$C:$C,$K20,Sheet1!$E:$E,AJ$3) -> 0 | AK20: =SUMIFS(Sheet1!$H:$H,Sheet1!$C:$C,$K20,Sheet1!$E:$E,AK$3) -> 0 | AL20: =IFERROR((AK20-AJ20)/AJ20,"") | AM20: =SUMIFS(Sheet1!$H:$H,Sheet1!$C:$C,$K20,Sheet1!$E:$E,AM$3) -> 0 | AN20: =SUMIFS(Sheet1!$H:$H,Sheet1!$C:$C,$K20,Sheet1!$E:$E,AN$3) -> 0 | AO20: =IFERROR((AN20-AM20)/AM20,"") | AP20: =SUMIFS(Sheet1!$H:$H,Sheet1!$C:$C,$K20,Sheet1!$E:$E,AP$3) -> 0 | AQ20: =SUMIFS(Sheet1!$H:$H,Sheet1!$C:$C,$K20,Sheet1!$E:$E,AQ$3) -> 0 | AR20: =IFERROR((AQ20-AP20)/AP20,"") | AS20: =SUMIFS(Sheet1!$H:$H,Sheet1!$C:$C,$K20,Sheet1!$E:$E,AS$3) -> 0 | AT20: =SUMIFS(Sheet1!$H:$H,Sheet1!$C:$C,$K20,Sheet1!$E:$E,AT$3) -> 0 | AU20: =IFERROR((AT20-AS20)/AS20,"")
J21: =IFERROR(__xludf.DUMMYFUNCTION("""COMPUTED_VALUE"""),1015488.0) -> 1015488 | K21: =IFERROR(__xludf.DUMMYFUNCTION("""COMPUTED_VALUE"""),"JULUCK ENTERPRISES") -> JULUCK ENTERPRISES | L21: =SUMIFS(Sheet1!$H:$H,Sheet1!$C:$C,$K21,Sheet1!$E:$E,L$3) -> 0 | M21: =SUMIFS(Sheet1!$H:$H,Sheet1!$C:$C,$K21,Sheet1!$E:$E,M$3) -> 314161 | N21: =IFERROR((M21-L21)/L21,"") | O21: =SUMIFS(Sheet1!$H:$H,Sheet1!$C:$C,$K21,Sheet1!$E:$E,O$3) -> 0 | P21: =SUMIFS(Sheet1!$H:$H,Sheet1!$C:$C,$K21,Sheet1!$E:$E,P$3) -> 333148 | Q21: =IFERROR((P21-O21)/O21,"") | R21: =SUMIFS(Sheet1!$H:$H,Sheet1!$C:$C,$K21,Sheet1!$E:$E,R$3) -> 0 | S21: =SUMIFS(Sheet1!$H:$H,Sheet1!$C:$C,$K21,Sheet1!$E:$E,S$3) -> 368179 | T21: =IFERROR((S21-R21)/R21,"") | U21: =SUMIFS(Sheet1!$H:$H,Sheet1!$C:$C,$K21,Sheet1!$E:$E,U$3) -> 0 | V21: =SUMIFS(Sheet1!$H:$H,Sheet1!$C:$C,$K21,Sheet1!$E:$E,V$3) -> 0 | W21: =IFERROR((V21-U21)/U21,"") | X21: =SUMIFS(Sheet1!$H:$H,Sheet1!$C:$C,$K21,Sheet1!$E:$E,X$3) -> 0 | Y21: =SUMIFS(Sheet1!$H:$H,Sheet1!$C:$C,$K21,Sheet1!$E:$E,Y$3) -> 0 | Z21: =IFERROR((Y21-X21)/X21,"") | AA21: =SUMIFS(Sheet1!$H:$H,Sheet1!$C:$C,$K21,Sheet1!$E:$E,AA$3) -> 0 | AB21: =SUMIFS(Sheet1!$H:$H,Sheet1!$C:$C,$K21,Sheet1!$E:$E,AB$3) -> 0 | AC21: =IFERROR((AB21-AA21)/AA21,"") | AD21: =SUMIFS(Sheet1!$H:$H,Sheet1!$C:$C,$K21,Sheet1!$E:$E,AD$3) -> 0 | AE21: =SUMIFS(Sheet1!$H:$H,Sheet1!$C:$C,$K21,Sheet1!$E:$E,AE$3) -> 0 | AF21: =IFERROR((AE21-AD21)/AD21,"") | AG21: =SUMIFS(Sheet1!$H:$H,Sheet1!$C:$C,$K21,Sheet1!$E:$E,AG$3) -> 0 | AH21: =SUMIFS(Sheet1!$H:$H,Sheet1!$C:$C,$K21,Sheet1!$E:$E,AH$3) -> 0 | AI21: =IFERROR((AH21-AG21)/AG21,"") | AJ21: =SUMIFS(Sheet1!$H:$H,Sheet1!$C:$C,$K21,Sheet1!$E:$E,AJ$3) -> 0 | AK21: =SUMIFS(Sheet1!$H:$H,Sheet1!$C:$C,$K21,Sheet1!$E:$E,AK$3) -> 0 | AL21: =IFERROR((AK21-AJ21)/AJ21,"") | AM21: =SUMIFS(Sheet1!$H:$H,Sheet1!$C:$C,$K21,Sheet1!$E:$E,AM$3) -> 0 | AN21: =SUMIFS(Sheet1!$H:$H,Sheet1!$C:$C,$K21,Sheet1!$E:$E,AN$3) -> 0 | AO21: =IFERROR((AN21-AM21)/AM21,"") | AP21: =SUMIFS(Sheet1!$H:$H,Sheet1!$C:$C,$K21,Sheet1!$E:$E,AP$3) -> 0 | AQ21: =SUMIFS(Sheet1!$H:$H,Sheet1!$C:$C,$K21,Sheet1!$E:$E,AQ$3) -> 0 | AR21: =IFERROR((AQ21-AP21)/AP21,"") | AS21: =SUMIFS(Sheet1!$H:$H,Sheet1!$C:$C,$K21,Sheet1!$E:$E,AS$3) -> 0 | AT21: =SUMIFS(Sheet1!$H:$H,Sheet1!$C:$C,$K21,Sheet1!$E:$E,AT$3) -> 0 | AU21: =IFERROR((AT21-AS21)/AS21,"")
J22: =IFERROR(__xludf.DUMMYFUNCTION("""COMPUTED_VALUE"""),637223.0) -> 637223 | K22: =IFERROR(__xludf.DUMMYFUNCTION("""COMPUTED_VALUE"""),"BHARAT SANITARY WARE") -> BHARAT SANITARY WARE | L22: =SUMIFS(Sheet1!$H:$H,Sheet1!$C:$C,$K22,Sheet1!$E:$E,L$3) -> 0 | M22: =SUMIFS(Sheet1!$H:$H,Sheet1!$C:$C,$K22,Sheet1!$E:$E,M$3) -> 0 | N22: =IFERROR((M22-L22)/L22,"") | O22: =SUMIFS(Sheet1!$H:$H,Sheet1!$C:$C,$K22,Sheet1!$E:$E,O$3) -> 0 | P22: =SUMIFS(Sheet1!$H:$H,Sheet1!$C:$C,$K22,Sheet1!$E:$E,P$3) -> 0 | Q22: =IFERROR((P22-O22)/O22,"") | R22: =SUMIFS(Sheet1!$H:$H,Sheet1!$C:$C,$K22,Sheet1!$E:$E,R$3) -> 92141 | S22: =SUMIFS(Sheet1!$H:$H,Sheet1!$C:$C,$K22,Sheet1!$E:$E,S$3) -> 177952 | T22: =IFERROR((S22-R22)/R22,"") -> 0.93130094 | U22: =SUMIFS(Sheet1!$H:$H,Sheet1!$C:$C,$K22,Sheet1!$E:$E,U$3) -> 0 | V22: =SUMIFS(Sheet1!$H:$H,Sheet1!$C:$C,$K22,Sheet1!$E:$E,V$3) -> 0 | W22: =IFERROR((V22-U22)/U22,"") | X22: =SUMIFS(Sheet1!$H:$H,Sheet1!$C:$C,$K22,Sheet1!$E:$E,X$3) -> 0 | Y22: =SUMIFS(Sheet1!$H:$H,Sheet1!$C:$C,$K22,Sheet1!$E:$E,Y$3) -> 0 | Z22: =IFERROR((Y22-X22)/X22,"") | AA22: =SUMIFS(Sheet1!$H:$H,Sheet1!$C:$C,$K22,Sheet1!$E:$E,AA$3) -> 37479 | AB22: =SUMIFS(Sheet1!$H:$H,Sheet1!$C:$C,$K22,Sheet1!$E:$E,AB$3) -> 0 | AC22: =IFERROR((AB22-AA22)/AA22,"") -> -1 | AD22: =SUMIFS(Sheet1!$H:$H,Sheet1!$C:$C,$K22,Sheet1!$E:$E,AD$3) -> 18740 | AE22: =SUMIFS(Sheet1!$H:$H,Sheet1!$C:$C,$K22,Sheet1!$E:$E,AE$3) -> 0 | AF22: =IFERROR((AE22-AD22)/AD22,"") -> -1 | AG22: =SUMIFS(Sheet1!$H:$H,Sheet1!$C:$C,$K22,Sheet1!$E:$E,AG$3) -> 45637 | AH22: =SUMIFS(Sheet1!$H:$H,Sheet1!$C:$C,$K22,Sheet1!$E:$E,AH$3) -> 0 | AI22: =IFERROR((AH22-AG22)/AG22,"") -> -1 | AJ22: =SUMIFS(Sheet1!$H:$H,Sheet1!$C:$C,$K22,Sheet1!$E:$E,AJ$3) -> 124111 | AK22: =SUMIFS(Sheet1!$H:$H,Sheet1!$C:$C,$K22,Sheet1!$E:$E,AK$3) -> 0 | AL22: =IFERROR((AK22-AJ22)/AJ22,"") -> -1 | AM22: =SUMIFS(Sheet1!$H:$H,Sheet1!$C:$C,$K22,Sheet1!$E:$E,AM$3) -> 0 | AN22: =SUMIFS(Sheet1!$H:$H,Sheet1!$C:$C,$K22,Sheet1!$E:$E,AN$3) -> 0 | AO22: =IFERROR((AN22-AM22)/AM22,"") | AP22: =SUMIFS(Sheet1!$H:$H,Sheet1!$C:$C,$K22,Sheet1!$E:$E,AP$3) -> 141163 | AQ22: =SUMIFS(Sheet1!$H:$H,Sheet1!$C:$C,$K22,Sheet1!$E:$E,AQ$3) -> 0 | AR22: =IFERROR((AQ22-AP22)/AP22,"") -> -1 | AS22: =SUMIFS(Sheet1!$H:$H,Sheet1!$C:$C,$K22,Sheet1!$E:$E,AS$3) -> 0 | AT22: =SUMIFS(Sheet1!$H:$H,Sheet1!$C:$C,$K22,Sheet1!$E:$E,AT$3) -> 0 | AU22: =IFERROR((AT22-AS22)/AS22,"")
J23: =IFERROR(__xludf.DUMMYFUNCTION("""COMPUTED_VALUE"""),314237.0) -> 314237 | K23: =IFERROR(__xludf.DUMMYFUNCTION("""COMPUTED_VALUE"""),"MAA JAGDAMBA ECTRL. & PAINTS H/W STORE") -> MAA JAGDAMBA ECTRL. & PAINTS H/W STORE | L23: =SUMIFS(Sheet1!$H:$H,Sheet1!$C:$C,$K23,Sheet1!$E:$E,L$3) -> 0 | M23: =SUMIFS(Sheet1!$H:$H,Sheet1!$C:$C,$K23,Sheet1!$E:$E,M$3) -> 0 | N23: =IFERROR((M23-L23)/L23,"") | O23: =SUMIFS(Sheet1!$H:$H,Sheet1!$C:$C,$K23,Sheet1!$E:$E,O$3) -> 0 | P23: =SUMIFS(Sheet1!$H:$H,Sheet1!$C:$C,$K23,Sheet1!$E:$E,P$3) -> 0 | Q23: =IFERROR((P23-O23)/O23,"") | R23: =SUMIFS(Sheet1!$H:$H,Sheet1!$C:$C,$K23,Sheet1!$E:$E,R$3) -> 0 | S23: =SUMIFS(Sheet1!$H:$H,Sheet1!$C:$C,$K23,Sheet1!$E:$E,S$3) -> 0 | T23: =IFERROR((S23-R23)/R23,"") | U23: =SUMIFS(Sheet1!$H:$H,Sheet1!$C:$C,$K23,Sheet1!$E:$E,U$3) -> 0 | V23: =SUMIFS(Sheet1!$H:$H,Sheet1!$C:$C,$K23,Sheet1!$E:$E,V$3) -> 0 | W23: =IFERROR((V23-U23)/U23,"") | X23: =SUMIFS(Sheet1!$H:$H,Sheet1!$C:$C,$K23,Sheet1!$E:$E,X$3) -> 0 | Y23: =SUMIFS(Sheet1!$H:$H,Sheet1!$C:$C,$K23,Sheet1!$E:$E,Y$3) -> 0 | Z23: =IFERROR((Y23-X23)/X23,"") | AA23: =SUMIFS(Sheet1!$H:$H,Sheet1!$C:$C,$K23,Sheet1!$E:$E,AA$3) -> 0 | AB23: =SUMIFS(Sheet1!$H:$H,Sheet1!$C:$C,$K23,Sheet1!$E:$E,AB$3) -> 0 | AC23: =IFERROR((AB23-AA23)/AA23,"") | AD23: =SUMIFS(Sheet1!$H:$H,Sheet1!$C:$C,$K23,Sheet1!$E:$E,AD$3) -> 0 | AE23: =SUMIFS(Sheet1!$H:$H,Sheet1!$C:$C,$K23,Sheet1!$E:$E,AE$3) -> 0 | AF23: =IFERROR((AE23-AD23)/AD23,"") | AG23: =SUMIFS(Sheet1!$H:$H,Sheet1!$C:$C,$K23,Sheet1!$E:$E,AG$3) -> 0 | AH23: =SUMIFS(Sheet1!$H:$H,Sheet1!$C:$C,$K23,Sheet1!$E:$E,AH$3) -> 0 | AI23: =IFERROR((AH23-AG23)/AG23,"") | AJ23: =SUMIFS(Sheet1!$H:$H,Sheet1!$C:$C,$K23,Sheet1!$E:$E,AJ$3) -> 0 | AK23: =SUMIFS(Sheet1!$H:$H,Sheet1!$C:$C,$K23,Sheet1!$E:$E,AK$3) -> 0 | AL23: =IFERROR((AK23-AJ23)/AJ23,"") | AM23: =SUMIFS(Sheet1!$H:$H,Sheet1!$C:$C,$K23,Sheet1!$E:$E,AM$3) -> 314237 | AN23: =SUMIFS(Sheet1!$H:$H,Sheet1!$C:$C,$K23,Sheet1!$E:$E,AN$3) -> 0 | AO23: =IFERROR((AN23-AM23)/AM23,"") -> -1 | AP23: =SUMIFS(Sheet1!$H:$H,Sheet1!$C:$C,$K23,Sheet1!$E:$E,AP$3) -> 0 | AQ23: =SUMIFS(Sheet1!$H:$H,Sheet1!$C:$C,$K23,Sheet1!$E:$E,AQ$3) -> 0 | AR23: =IFERROR((AQ23-AP23)/AP23,"") | AS23: =SUMIFS(Sheet1!$H:$H,Sheet1!$C:$C,$K23,Sheet1!$E:$E,AS$3) -> 0 | AT23: =SUMIFS(Sheet1!$H:$H,Sheet1!$C:$C,$K23,Sheet1!$E:$E,AT$3) -> 0 | AU23: =IFERROR((AT23-AS23)/AS23,"")
J24: =IFERROR(__xludf.DUMMYFUNCTION("""COMPUTED_VALUE"""),90652.92) -> 90652.92 | K24: =IFERROR(__xludf.DUMMYFUNCTION("""COMPUTED_VALUE"""),"SAH TRADING CO.") -> SAH TRADING CO. | L24: =SUMIFS(Sheet1!$H:$H,Sheet1!$C:$C,$K24,Sheet1!$E:$E,L$3) -> 0 | M24: =SUMIFS(Sheet1!$H:$H,Sheet1!$C:$C,$K24,Sheet1!$E:$E,M$3) -> 0 | N24: =IFERROR((M24-L24)/L24,"") | O24: =SUMIFS(Sheet1!$H:$H,Sheet1!$C:$C,$K24,Sheet1!$E:$E,O$3) -> 90652.92 | P24: =SUMIFS(Sheet1!$H:$H,Sheet1!$C:$C,$K24,Sheet1!$E:$E,P$3) -> 0 | Q24: =IFERROR((P24-O24)/O24,"") -> -1 | R24: =SUMIFS(Sheet1!$H:$H,Sheet1!$C:$C,$K24,Sheet1!$E:$E,R$3) -> 0 | S24: =SUMIFS(Sheet1!$H:$H,Sheet1!$C:$C,$K24,Sheet1!$E:$E,S$3) -> 0 | T24: =IFERROR((S24-R24)/R24,"") | U24: =SUMIFS(Sheet1!$H:$H,Sheet1!$C:$C,$K24,Sheet1!$E:$E,U$3) -> 0 | V24: =SUMIFS(Sheet1!$H:$H,Sheet1!$C:$C,$K24,Sheet1!$E:$E,V$3) -> 0 | W24: =IFERROR((V24-U24)/U24,"") | X24: =SUMIFS(Sheet1!$H:$H,Sheet1!$C:$C,$K24,Sheet1!$E:$E,X$3) -> 0 | Y24: =SUMIFS(Sheet1!$H:$H,Sheet1!$C:$C,$K24,Sheet1!$E:$E,Y$3) -> 0 | Z24: =IFERROR((Y24-X24)/X24,"") | AA24: =SUMIFS(Sheet1!$H:$H,Sheet1!$C:$C,$K24,Sheet1!$E:$E,AA$3) -> 0 | AB24: =SUMIFS(Sheet1!$H:$H,Sheet1!$C:$C,$K24,Sheet1!$E:$E,AB$3) -> 0 | AC24: =IFERROR((AB24-AA24)/AA24,"") | AD24: =SUMIFS(Sheet1!$H:$H,Sheet1!$C:$C,$K24,Sheet1!$E:$E,AD$3) -> 0 | AE24: =SUMIFS(Sheet1!$H:$H,Sheet1!$C:$C,$K24,Sheet1!$E:$E,AE$3) -> 0 | AF24: =IFERROR((AE24-AD24)/AD24,"") | AG24: =SUMIFS(Sheet1!$H:$H,Sheet1!$C:$C,$K24,Sheet1!$E:$E,AG$3) -> 0 | AH24: =SUMIFS(Sheet1!$H:$H,Sheet1!$C:$C,$K24,Sheet1!$E:$E,AH$3) -> 0 | AI24: =IFERROR((AH24-AG24)/AG24,"") | AJ24: =SUMIFS(Sheet1!$H:$H,Sheet1!$C:$C,$K24,Sheet1!$E:$E,AJ$3) -> 0 | AK24: =SUMIFS(Sheet1!$H:$H,Sheet1!$C:$C,$K24,Sheet1!$E:$E,AK$3) -> 0 | AL24: =IFERROR((AK24-AJ24)/AJ24,"") | AM24: =SUMIFS(Sheet1!$H:$H,Sheet1!$C:$C,$K24,Sheet1!$E:$E,AM$3) -> 0 | AN24: =SUMIFS(Sheet1!$H:$H,Sheet1!$C:$C,$K24,Sheet1!$E:$E,AN$3) -> 0 | AO24: =IFERROR((AN24-AM24)/AM24,"") | AP24: =SUMIFS(Sheet1!$H:$H,Sheet1!$C:$C,$K24,Sheet1!$E:$E,AP$3) -> 0 | AQ24: =SUMIFS(Sheet1!$H:$H,Sheet1!$C:$C,$K24,Sheet1!$E:$E,AQ$3) -> 0 | AR24: =IFERROR((AQ24-AP24)/AP24,"") | AS24: =SUMIFS(Sheet1!$H:$H,Sheet1!$C:$C,$K24,Sheet1!$E:$E,AS$3) -> 0 | AT24: =SUMIFS(Sheet1!$H:$H,Sheet1!$C:$C,$K24,Sheet1!$E:$E,AT$3) -> 0 | AU24: =IFERROR((AT24-AS24)/AS24,"")
L25: =SUMIFS(Sheet1!$H:$H,Sheet1!$C:$C,$K25,Sheet1!$E:$E,L$3) -> 0 | M25: =SUMIFS(Sheet1!$H:$H,Sheet1!$C:$C,$K25,Sheet1!$E:$E,M$3) -> 0 | N25: =IFERROR((M25-L25)/L25,"") | O25: =SUMIFS(Sheet1!$H:$H,Sheet1!$C:$C,$K25,Sheet1!$E:$E,O$3) -> 0 | P25: =SUMIFS(Sheet1!$H:$H,Sheet1!$C:$C,$K25,Sheet1!$E:$E,P$3) -> 0 | Q25: =IFERROR((P25-O25)/O25,"") | R25: =SUMIFS(Sheet1!$H:$H,Sheet1!$C:$C,$K25,Sheet1!$E:$E,R$3) -> 0 | S25: =SUMIFS(Sheet1!$H:$H,Sheet1!$C:$C,$K25,Sheet1!$E:$E,S$3) -> 0 | T25: =IFERROR((S25-R25)/R25,"") | U25: =SUMIFS(Sheet1!$H:$H,Sheet1!$C:$C,$K25,Sheet1!$E:$E,U$3) -> 0 | V25: =SUMIFS(Sheet1!$H:$H,Sheet1!$C:$C,$K25,Sheet1!$E:$E,V$3) -> 0 | W25: =IFERROR((V25-U25)/U25,"") | X25: =SUMIFS(Sheet1!$H:$H,Sheet1!$C:$C,$K25,Sheet1!$E:$E,X$3) -> 0 | Y25: =SUMIFS(Sheet1!$H:$H,Sheet1!$C:$C,$K25,Sheet1!$E:$E,Y$3) -> 0 | Z25: =IFERROR((Y25-X25)/X25,"") | AA25: =SUMIFS(Sheet1!$H:$H,Sheet1!$C:$C,$K25,Sheet1!$E:$E,AA$3) -> 0 | AB25: =SUMIFS(Sheet1!$H:$H,Sheet1!$C:$C,$K25,Sheet1!$E:$E,AB$3) -> 0 | AC25: =IFERROR((AB25-AA25)/AA25,"") | AD25: =SUMIFS(Sheet1!$H:$H,Sheet1!$C:$C,$K25,Sheet1!$E:$E,AD$3) -> 0 | AE25: =SUMIFS(Sheet1!$H:$H,Sheet1!$C:$C,$K25,Sheet1!$E:$E,AE$3) -> 0 | AF25: =IFERROR((AE25-AD25)/AD25,"") | AG25: =SUMIFS(Sheet1!$H:$H,Sheet1!$C:$C,$K25,Sheet1!$E:$E,AG$3) -> 0 | AH25: =SUMIFS(Sheet1!$H:$H,Sheet1!$C:$C,$K25,Sheet1!$E:$E,AH$3) -> 0 | AI25: =IFERROR((AH25-AG25)/AG25,"") | AJ25: =SUMIFS(Sheet1!$H:$H,Sheet1!$C:$C,$K25,Sheet1!$E:$E,AJ$3) -> 0 | AK25: =SUMIFS(Sheet1!$H:$H,Sheet1!$C:$C,$K25,Sheet1!$E:$E,AK$3) -> 0 | AL25: =IFERROR((AK25-AJ25)/AJ25,"") | AM25: =SUMIFS(Sheet1!$H:$H,Sheet1!$C:$C,$K25,Sheet1!$E:$E,AM$3) -> 0 | AN25: =SUMIFS(Sheet1!$H:$H,Sheet1!$C:$C,$K25,Sheet1!$E:$E,AN$3) -> 0 | AO25: =IFERROR((AN25-AM25)/AM25,"") | AP25: =SUMIFS(Sheet1!$H:$H,Sheet1!$C:$C,$K25,Sheet1!$E:$E,AP$3) -> 0 | AQ25: =SUMIFS(Sheet1!$H:$H,Sheet1!$C:$C,$K25,Sheet1!$E:$E,AQ$3) -> 0 | AR25: =IFERROR((AQ25-AP25)/AP25,"") | AS25: =SUMIFS(Sheet1!$H:$H,Sheet1!$C:$C,$K25,Sheet1!$E:$E,AS$3) -> 0 | AT25: =SUMIFS(Sheet1!$H:$H,Sheet1!$C:$C,$K25,Sheet1!$E:$E,AT$3) -> 0 | AU25: =IFERROR((AT25-AS25)/AS25,"")
L26: =SUMIFS(Sheet1!$H:$H,Sheet1!$C:$C,$K26,Sheet1!$E:$E,L$3) -> 0 | M26: =SUMIFS(Sheet1!$H:$H,Sheet1!$C:$C,$K26,Sheet1!$E:$E,M$3) -> 0 | N26: =IFERROR((M26-L26)/L26,"") | O26: =SUMIFS(Sheet1!$H:$H,Sheet1!$C:$C,$K26,Sheet1!$E:$E,O$3) -> 0 | P26: =SUMIFS(Sheet1!$H:$H,Sheet1!$C:$C,$K26,Sheet1!$E:$E,P$3) -> 0 | Q26: =IFERROR((P26-O26)/O26,"") | R26: =SUMIFS(Sheet1!$H:$H,Sheet1!$C:$C,$K26,Sheet1!$E:$E,R$3) -> 0 | S26: =SUMIFS(Sheet1!$H:$H,Sheet1!$C:$C,$K26,Sheet1!$E:$E,S$3) -> 0 | T26: =IFERROR((S26-R26)/R26,"") | U26: =SUMIFS(Sheet1!$H:$H,Sheet1!$C:$C,$K26,Sheet1!$E:$E,U$3) -> 0 | V26: =SUMIFS(Sheet1!$H:$H,Sheet1!$C:$C,$K26,Sheet1!$E:$E,V$3) -> 0 | W26: =IFERROR((V26-U26)/U26,"") | X26: =SUMIFS(Sheet1!$H:$H,Sheet1!$C:$C,$K26,Sheet1!$E:$E,X$3) -> 0 | Y26: =SUMIFS(Sheet1!$H:$H,Sheet1!$C:$C,$K26,Sheet1!$E:$E,Y$3) -> 0 | Z26: =IFERROR((Y26-X26)/X26,"") | AA26: =SUMIFS(Sheet1!$H:$H,Sheet1!$C:$C,$K26,Sheet1!$E:$E,AA$3) -> 0 | AB26: =SUMIFS(Sheet1!$H:$H,Sheet1!$C:$C,$K26,Sheet1!$E:$E,AB$3) -> 0 | AC26: =IFERROR((AB26-AA26)/AA26,"") | AD26: =SUMIFS(Sheet1!$H:$H,Sheet1!$C:$C,$K26,Sheet1!$E:$E,AD$3) -> 0 | AE26: =SUMIFS(Sheet1!$H:$H,Sheet1!$C:$C,$K26,Sheet1!$E:$E,AE$3) -> 0 | AF26: =IFERROR((AE26-AD26)/AD26,"") | AG26: =SUMIFS(Sheet1!$H:$H,Sheet1!$C:$C,$K26,Sheet1!$E:$E,AG$3) -> 0 | AH26: =SUMIFS(Sheet1!$H:$H,Sheet1!$C:$C,$K26,Sheet1!$E:$E,AH$3) -> 0 | AI26: =IFERROR((AH26-AG26)/AG26,"") | AJ26: =SUMIFS(Sheet1!$H:$H,Sheet1!$C:$C,$K26,Sheet1!$E:$E,AJ$3) -> 0 | AK26: =SUMIFS(Sheet1!$H:$H,Sheet1!$C:$C,$K26,Sheet1!$E:$E,AK$3) -> 0 | AL26: =IFERROR((AK26-AJ26)/AJ26,"") | AM26: =SUMIFS(Sheet1!$H:$H,Sheet1!$C:$C,$K26,Sheet1!$E:$E,AM$3) -> 0 | AN26: =SUMIFS(Sheet1!$H:$H,Sheet1!$C:$C,$K26,Sheet1!$E:$E,AN$3) -> 0 | AO26: =IFERROR((AN26-AM26)/AM26,"") | AP26: =SUMIFS(Sheet1!$H:$H,Sheet1!$C:$C,$K26,Sheet1!$E:$E,AP$3) -> 0 | AQ26: =SUMIFS(Sheet1!$H:$H,Sheet1!$C:$C,$K26,Sheet1!$E:$E,AQ$3) -> 0 | AR26: =IFERROR((AQ26-AP26)/AP26,"") | AS26: =SUMIFS(Sheet1!$H:$H,Sheet1!$C:$C,$K26,Sheet1!$E:$E,AS$3) -> 0 | AT26: =SUMIFS(Sheet1!$H:$H,Sheet1!$C:$C,$K26,Sheet1!$E:$E,AT$3) -> 0 | AU26: =IFERROR((AT26-AS26)/AS26,"")
L27: =SUMIFS(Sheet1!$H:$H,Sheet1!$C:$C,$K27,Sheet1!$E:$E,L$3) -> 0 | M27: =SUMIFS(Sheet1!$H:$H,Sheet1!$C:$C,$K27,Sheet1!$E:$E,M$3) -> 0 | N27: =IFERROR((M27-L27)/L27,"") | O27: =SUMIFS(Sheet1!$H:$H,Sheet1!$C:$C,$K27,Sheet1!$E:$E,O$3) -> 0 | P27: =SUMIFS(Sheet1!$H:$H,Sheet1!$C:$C,$K27,Sheet1!$E:$E,P$3) -> 0 | Q27: =IFERROR((P27-O27)/O27,"") | R27: =SUMIFS(Sheet1!$H:$H,Sheet1!$C:$C,$K27,Sheet1!$E:$E,R$3) -> 0 | S27: =SUMIFS(Sheet1!$H:$H,Sheet1!$C:$C,$K27,Sheet1!$E:$E,S$3) -> 0 | T27: =IFERROR((S27-R27)/R27,"") | U27: =SUMIFS(Sheet1!$H:$H,Sheet1!$C:$C,$K27,Sheet1!$E:$E,U$3) -> 0 | V27: =SUMIFS(Sheet1!$H:$H,Sheet1!$C:$C,$K27,Sheet1!$E:$E,V$3) -> 0 | W27: =IFERROR((V27-U27)/U27,"") | X27: =SUMIFS(Sheet1!$H:$H,Sheet1!$C:$C,$K27,Sheet1!$E:$E,X$3) -> 0 | Y27: =SUMIFS(Sheet1!$H:$H,Sheet1!$C:$C,$K27,Sheet1!$E:$E,Y$3) -> 0 | Z27: =IFERROR((Y27-X27)/X27,"") | AA27: =SUMIFS(Sheet1!$H:$H,Sheet1!$C:$C,$K27,Sheet1!$E:$E,AA$3) -> 0 | AB27: =SUMIFS(Sheet1!$H:$H,Sheet1!$C:$C,$K27,Sheet1!$E:$E,AB$3) -> 0 | AC27: =IFERROR((AB27-AA27)/AA27,"") | AD27: =SUMIFS(Sheet1!$H:$H,Sheet1!$C:$C,$K27,Sheet1!$E:$E,AD$3) -> 0 | AE27: =SUMIFS(Sheet1!$H:$H,Sheet1!$C:$C,$K27,Sheet1!$E:$E,AE$3) -> 0 | AF27: =IFERROR((AE27-AD27)/AD27,"") | AG27: =SUMIFS(Sheet1!$H:$H,Sheet1!$C:$C,$K27,Sheet1!$E:$E,AG$3) -> 0 | AH27: =SUMIFS(Sheet1!$H:$H,Sheet1!$C:$C,$K27,Sheet1!$E:$E,AH$3) -> 0 | AI27: =IFERROR((AH27-AG27)/AG27,"") | AJ27: =SUMIFS(Sheet1!$H:$H,Sheet1!$C:$C,$K27,Sheet1!$E:$E,AJ$3) -> 0 | AK27: =SUMIFS(Sheet1!$H:$H,Sheet1!$C:$C,$K27,Sheet1!$E:$E,AK$3) -> 0 | AL27: =IFERROR((AK27-AJ27)/AJ27,"") | AM27: =SUMIFS(Sheet1!$H:$H,Sheet1!$C:$C,$K27,Sheet1!$E:$E,AM$3) -> 0 | AN27: =SUMIFS(Sheet1!$H:$H,Sheet1!$C:$C,$K27,Sheet1!$E:$E,AN$3) -> 0 | AO27: =IFERROR((AN27-AM27)/AM27,"") | AP27: =SUMIFS(Sheet1!$H:$H,Sheet1!$C:$C,$K27,Sheet1!$E:$E,AP$3) -> 0 | AQ27: =SUMIFS(Sheet1!$H:$H,Sheet1!$C:$C,$K27,Sheet1!$E:$E,AQ$3) -> 0 | AR27: =IFERROR((AQ27-AP27)/AP27,"") | AS27: =SUMIFS(Sheet1!$H:$H,Sheet1!$C:$C,$K27,Sheet1!$E:$E,AS$3) -> 0 | AT27: =SUMIFS(Sheet1!$H:$H,Sheet1!$C:$C,$K27,Sheet1!$E:$E,AT$3) -> 0 | AU27: =IFERROR((AT27-AS27)/AS27,"")
L28: =SUMIFS(Sheet1!$H:$H,Sheet1!$C:$C,$K28,Sheet1!$E:$E,L$3) -> 0 | M28: =SUMIFS(Sheet1!$H:$H,Sheet1!$C:$C,$K28,Sheet1!$E:$E,M$3) -> 0 | N28: =IFERROR((M28-L28)/L28,"") | O28: =SUMIFS(Sheet1!$H:$H,Sheet1!$C:$C,$K28,Sheet1!$E:$E,O$3) -> 0 | P28: =SUMIFS(Sheet1!$H:$H,Sheet1!$C:$C,$K28,Sheet1!$E:$E,P$3) -> 0 | Q28: =IFERROR((P28-O28)/O28,"") | R28: =SUMIFS(Sheet1!$H:$H,Sheet1!$C:$C,$K28,Sheet1!$E:$E,R$3) -> 0 | S28: =SUMIFS(Sheet1!$H:$H,Sheet1!$C:$C,$K28,Sheet1!$E:$E,S$3) -> 0 | T28: =IFERROR((S28-R28)/R28,"") | U28: =SUMIFS(Sheet1!$H:$H,Sheet1!$C:$C,$K28,Sheet1!$E:$E,U$3) -> 0 | V28: =SUMIFS(Sheet1!$H:$H,Sheet1!$C:$C,$K28,Sheet1!$E:$E,V$3) -> 0 | W28: =IFERROR((V28-U28)/U28,"") | X28: =SUMIFS(Sheet1!$H:$H,Sheet1!$C:$C,$K28,Sheet1!$E:$E,X$3) -> 0 | Y28: =SUMIFS(Sheet1!$H:$H,Sheet1!$C:$C,$K28,Sheet1!$E:$E,Y$3) -> 0 | Z28: =IFERROR((Y28-X28)/X28,"") | AA28: =SUMIFS(Sheet1!$H:$H,Sheet1!$C:$C,$K28,Sheet1!$E:$E,AA$3) -> 0 | AB28: =SUMIFS(Sheet1!$H:$H,Sheet1!$C:$C,$K28,Sheet1!$E:$E,AB$3) -> 0 | AC28: =IFERROR((AB28-AA28)/AA28,"") | AD28: =SUMIFS(Sheet1!$H:$H,Sheet1!$C:$C,$K28,Sheet1!$E:$E,AD$3) -> 0 | AE28: =SUMIFS(Sheet1!$H:$H,Sheet1!$C:$C,$K28,Sheet1!$E:$E,AE$3) -> 0 | AF28: =IFERROR((AE28-AD28)/AD28,"") | AG28: =SUMIFS(Sheet1!$H:$H,Sheet1!$C:$C,$K28,Sheet1!$E:$E,AG$3) -> 0 | AH28: =SUMIFS(Sheet1!$H:$H,Sheet1!$C:$C,$K28,Sheet1!$E:$E,AH$3) -> 0 | AI28: =IFERROR((AH28-AG28)/AG28,"") | AJ28: =SUMIFS(Sheet1!$H:$H,Sheet1!$C:$C,$K28,Sheet1!$E:$E,AJ$3) -> 0 | AK28: =SUMIFS(Sheet1!$H:$H,Sheet1!$C:$C,$K28,Sheet1!$E:$E,AK$3) -> 0 | AL28: =IFERROR((AK28-AJ28)/AJ28,"") | AM28: =SUMIFS(Sheet1!$H:$H,Sheet1!$C:$C,$K28,Sheet1!$E:$E,AM$3) -> 0 | AN28: =SUMIFS(Sheet1!$H:$H,Sheet1!$C:$C,$K28,Sheet1!$E:$E,AN$3) -> 0 | AO28: =IFERROR((AN28-AM28)/AM28,"") | AP28: =SUMIFS(Sheet1!$H:$H,Sheet1!$C:$C,$K28,Sheet1!$E:$E,AP$3) -> 0 | AQ28: =SUMIFS(Sheet1!$H:$H,Sheet1!$C:$C,$K28,Sheet1!$E:$E,AQ$3) -> 0 | AR28: =IFERROR((AQ28-AP28)/AP28,"") | AS28: =SUMIFS(Sheet1!$H:$H,Sheet1!$C:$C,$K28,Sheet1!$E:$E,AS$3) -> 0 | AT28: =SUMIFS(Sheet1!$H:$H,Sheet1!$C:$C,$K28,Sheet1!$E:$E,AT$3) -> 0 | AU28: =IFERROR((AT28-AS28)/AS28,"")
L29: =SUMIFS(Sheet1!$H:$H,Sheet1!$C:$C,$K29,Sheet1!$E:$E,L$3) -> 0 | M29: =SUMIFS(Sheet1!$H:$H,Sheet1!$C:$C,$K29,Sheet1!$E:$E,M$3) -> 0 | N29: =IFERROR((M29-L29)/L29,"") | O29: =SUMIFS(Sheet1!$H:$H,Sheet1!$C:$C,$K29,Sheet1!$E:$E,O$3) -> 0 | P29: =SUMIFS(Sheet1!$H:$H,Sheet1!$C:$C,$K29,Sheet1!$E:$E,P$3) -> 0 | Q29: =IFERROR((P29-O29)/O29,"") | R29: =SUMIFS(Sheet1!$H:$H,Sheet1!$C:$C,$K29,Sheet1!$E:$E,R$3) -> 0 | S29: =SUMIFS(Sheet1!$H:$H,Sheet1!$C:$C,$K29,Sheet1!$E:$E,S$3) -> 0 | T29: =IFERROR((S29-R29)/R29,"") | U29: =SUMIFS(Sheet1!$H:$H,Sheet1!$C:$C,$K29,Sheet1!$E:$E,U$3) -> 0 | V29: =SUMIFS(Sheet1!$H:$H,Sheet1!$C:$C,$K29,Sheet1!$E:$E,V$3) -> 0 | W29: =IFERROR((V29-U29)/U29,"") | X29: =SUMIFS(Sheet1!$H:$H,Sheet1!$C:$C,$K29,Sheet1!$E:$E,X$3) -> 0 | Y29: =SUMIFS(Sheet1!$H:$H,Sheet1!$C:$C,$K29,Sheet1!$E:$E,Y$3) -> 0 | Z29: =IFERROR((Y29-X29)/X29,"") | AA29: =SUMIFS(Sheet1!$H:$H,Sheet1!$C:$C,$K29,Sheet1!$E:$E,AA$3) -> 0 | AB29: =SUMIFS(Sheet1!$H:$H,Sheet1!$C:$C,$K29,Sheet1!$E:$E,AB$3) -> 0 | AC29: =IFERROR((AB29-AA29)/AA29,"") | AD29: =SUMIFS(Sheet1!$H:$H,Sheet1!$C:$C,$K29,Sheet1!$E:$E,AD$3) -> 0 | AE29: =SUMIFS(Sheet1!$H:$H,Sheet1!$C:$C,$K29,Sheet1!$E:$E,AE$3) -> 0 | AF29: =IFERROR((AE29-AD29)/AD29,"") | AG29: =SUMIFS(Sheet1!$H:$H,Sheet1!$C:$C,$K29,Sheet1!$E:$E,AG$3) -> 0 | AH29: =SUMIFS(Sheet1!$H:$H,Sheet1!$C:$C,$K29,Sheet1!$E:$E,AH$3) -> 0 | AI29: =IFERROR((AH29-AG29)/AG29,"") | AJ29: =SUMIFS(Sheet1!$H:$H,Sheet1!$C:$C,$K29,Sheet1!$E:$E,AJ$3) -> 0 | AK29: =SUMIFS(Sheet1!$H:$H,Sheet1!$C:$C,$K29,Sheet1!$E:$E,AK$3) -> 0 | AL29: =IFERROR((AK29-AJ29)/AJ29,"") | AM29: =SUMIFS(Sheet1!$H:$H,Sheet1!$C:$C,$K29,Sheet1!$E:$E,AM$3) -> 0 | AN29: =SUMIFS(Sheet1!$H:$H,Sheet1!$C:$C,$K29,Sheet1!$E:$E,AN$3) -> 0 | AO29: =IFERROR((AN29-AM29)/AM29,"") | AP29: =SUMIFS(Sheet1!$H:$H,Sheet1!$C:$C,$K29,Sheet1!$E:$E,AP$3) -> 0 | AQ29: =SUMIFS(Sheet1!$H:$H,Sheet1!$C:$C,$K29,Sheet1!$E:$E,AQ$3) -> 0 | AR29: =IFERROR((AQ29-AP29)/AP29,"") | AS29: =SUMIFS(Sheet1!$H:$H,Sheet1!$C:$C,$K29,Sheet1!$E:$E,AS$3) -> 0 | AT29: =SUMIFS(Sheet1!$H:$H,Sheet1!$C:$C,$K29,Sheet1!$E:$E,AT$3) -> 0 | AU29: =IFERROR((AT29-AS29)/AS29,"")
L30: =SUMIFS(Sheet1!$H:$H,Sheet1!$C:$C,$K30,Sheet1!$E:$E,L$3) -> 0 | M30: =SUMIFS(Sheet1!$H:$H,Sheet1!$C:$C,$K30,Sheet1!$E:$E,M$3) -> 0 | N30: =IFERROR((M30-L30)/L30,"") | O30: =SUMIFS(Sheet1!$H:$H,Sheet1!$C:$C,$K30,Sheet1!$E:$E,O$3) -> 0 | P30: =SUMIFS(Sheet1!$H:$H,Sheet1!$C:$C,$K30,Sheet1!$E:$E,P$3) -> 0 | Q30: =IFERROR((P30-O30)/O30,"") | R30: =SUMIFS(Sheet1!$H:$H,Sheet1!$C:$C,$K30,Sheet1!$E:$E,R$3) -> 0 | S30: =SUMIFS(Sheet1!$H:$H,Sheet1!$C:$C,$K30,Sheet1!$E:$E,S$3) -> 0 | T30: =IFERROR((S30-R30)/R30,"") | U30: =SUMIFS(Sheet1!$H:$H,Sheet1!$C:$C,$K30,Sheet1!$E:$E,U$3) -> 0 | V30: =SUMIFS(Sheet1!$H:$H,Sheet1!$C:$C,$K30,Sheet1!$E:$E,V$3) -> 0 | W30: =IFERROR((V30-U30)/U30,"") | X30: =SUMIFS(Sheet1!$H:$H,Sheet1!$C:$C,$K30,Sheet1!$E:$E,X$3) -> 0 | Y30: =SUMIFS(Sheet1!$H:$H,Sheet1!$C:$C,$K30,Sheet1!$E:$E,Y$3) -> 0 | Z30: =IFERROR((Y30-X30)/X30,"") | AA30: =SUMIFS(Sheet1!$H:$H,Sheet1!$C:$C,$K30,Sheet1!$E:$E,AA$3) -> 0 | AB30: =SUMIFS(Sheet1!$H:$H,Sheet1!$C:$C,$K30,Sheet1!$E:$E,AB$3) -> 0 | AC30: =IFERROR((AB30-AA30)/AA30,"") | AD30: =SUMIFS(Sheet1!$H:$H,Sheet1!$C:$C,$K30,Sheet1!$E:$E,AD$3) -> 0 | AE30: =SUMIFS(Sheet1!$H:$H,Sheet1!$C:$C,$K30,Sheet1!$E:$E,AE$3) -> 0 | AF30: =IFERROR((AE30-AD30)/AD30,"") | AG30: =SUMIFS(Sheet1!$H:$H,Sheet1!$C:$C,$K30,Sheet1!$E:$E,AG$3) -> 0 | AH30: =SUMIFS(Sheet1!$H:$H,Sheet1!$C:$C,$K30,Sheet1!$E:$E,AH$3) -> 0 | AI30: =IFERROR((AH30-AG30)/AG30,"") | AJ30: =SUMIFS(Sheet1!$H:$H,Sheet1!$C:$C,$K30,Sheet1!$E:$E,AJ$3) -> 0 | AK30: =SUMIFS(Sheet1!$H:$H,Sheet1!$C:$C,$K30,Sheet1!$E:$E,AK$3) -> 0 | AL30: =IFERROR((AK30-AJ30)/AJ30,"") | AM30: =SUMIFS(Sheet1!$H:$H,Sheet1!$C:$C,$K30,Sheet1!$E:$E,AM$3) -> 0 | AN30: =SUMIFS(Sheet1!$H:$H,Sheet1!$C:$C,$K30,Sheet1!$E:$E,AN$3) -> 0 | AO30: =IFERROR((AN30-AM30)/AM30,"") | AP30: =SUMIFS(Sheet1!$H:$H,Sheet1!$C:$C,$K30,Sheet1!$E:$E,AP$3) -> 0 | AQ30: =SUMIFS(Sheet1!$H:$H,Sheet1!$C:$C,$K30,Sheet1!$E:$E,AQ$3) -> 0 | AR30: =IFERROR((AQ30-AP30)/AP30,"") | AS30: =SUMIFS(Sheet1!$H:$H,Sheet1!$C:$C,$K30,Sheet1!$E:$E,AS$3) -> 0 | AT30: =SUMIFS(Sheet1!$H:$H,Sheet1!$C:$C,$K30,Sheet1!$E:$E,AT$3) -> 0 | AU30: =IFERROR((AT30-AS30)/AS30,"")
L31: =SUMIFS(Sheet1!$H:$H,Sheet1!$C:$C,$K31,Sheet1!$E:$E,L$3) -> 0 | M31: =SUMIFS(Sheet1!$H:$H,Sheet1!$C:$C,$K31,Sheet1!$E:$E,M$3) -> 0 | N31: =IFERROR((M31-L31)/L31,"") | O31: =SUMIFS(Sheet1!$H:$H,Sheet1!$C:$C,$K31,Sheet1!$E:$E,O$3) -> 0 | P31: =SUMIFS(Sheet1!$H:$H,Sheet1!$C:$C,$K31,Sheet1!$E:$E,P$3) -> 0 | Q31: =IFERROR((P31-O31)/O31,"") | R31: =SUMIFS(Sheet1!$H:$H,Sheet1!$C:$C,$K31,Sheet1!$E:$E,R$3) -> 0 | S31: =SUMIFS(Sheet1!$H:$H,Sheet1!$C:$C,$K31,Sheet1!$E:$E,S$3) -> 0 | T31: =IFERROR((S31-R31)/R31,"") | U31: =SUMIFS(Sheet1!$H:$H,Sheet1!$C:$C,$K31,Sheet1!$E:$E,U$3) -> 0 | V31: =SUMIFS(Sheet1!$H:$H,Sheet1!$C:$C,$K31,Sheet1!$E:$E,V$3) -> 0 | W31: =IFERROR((V31-U31)/U31,"") | X31: =SUMIFS(Sheet1!$H:$H,Sheet1!$C:$C,$K31,Sheet1!$E:$E,X$3) -> 0 | Y31: =SUMIFS(Sheet1!$H:$H,Sheet1!$C:$C,$K31,Sheet1!$E:$E,Y$3) -> 0 | Z31: =IFERROR((Y31-X31)/X31,"") | AA31: =SUMIFS(Sheet1!$H:$H,Sheet1!$C:$C,$K31,Sheet1!$E:$E,AA$3) -> 0 | AB31: =SUMIFS(Sheet1!$H:$H,Sheet1!$C:$C,$K31,Sheet1!$E:$E,AB$3) -> 0 | AC31: =IFERROR((AB31-AA31)/AA31,"") | AD31: =SUMIFS(Sheet1!$H:$H,Sheet1!$C:$C,$K31,Sheet1!$E:$E,AD$3) -> 0 | AE31: =SUMIFS(Sheet1!$H:$H,Sheet1!$C:$C,$K31,Sheet1!$E:$E,AE$3) -> 0 | AF31: =IFERROR((AE31-AD31)/AD31,"") | AG31: =SUMIFS(Sheet1!$H:$H,Sheet1!$C:$C,$K31,Sheet1!$E:$E,AG$3) -> 0 | AH31: =SUMIFS(Sheet1!$H:$H,Sheet1!$C:$C,$K31,Sheet1!$E:$E,AH$3) -> 0 | AI31: =IFERROR((AH31-AG31)/AG31,"") | AJ31: =SUMIFS(Sheet1!$H:$H,Sheet1!$C:$C,$K31,Sheet1!$E:$E,AJ$3) -> 0 | AK31: =SUMIFS(Sheet1!$H:$H,Sheet1!$C:$C,$K31,Sheet1!$E:$E,AK$3) -> 0 | AL31: =IFERROR((AK31-AJ31)/AJ31,"") | AM31: =SUMIFS(Sheet1!$H:$H,Sheet1!$C:$C,$K31,Sheet1!$E:$E,AM$3) -> 0 | AN31: =SUMIFS(Sheet1!$H:$H,Sheet1!$C:$C,$K31,Sheet1!$E:$E,AN$3) -> 0 | AO31: =IFERROR((AN31-AM31)/AM31,"") | AP31: =SUMIFS(Sheet1!$H:$H,Sheet1!$C:$C,$K31,Sheet1!$E:$E,AP$3) -> 0 | AQ31: =SUMIFS(Sheet1!$H:$H,Sheet1!$C:$C,$K31,Sheet1!$E:$E,AQ$3) -> 0 | AR31: =IFERROR((AQ31-AP31)/AP31,"") | AS31: =SUMIFS(Sheet1!$H:$H,Sheet1!$C:$C,$K31,Sheet1!$E:$E,AS$3) -> 0 | AT31: =SUMIFS(Sheet1!$H:$H,Sheet1!$C:$C,$K31,Sheet1!$E:$E,AT$3) -> 0 | AU31: =IFERROR((AT31-AS31)/AS31,"")
L32: =SUMIFS(Sheet1!$H:$H,Sheet1!$C:$C,$K32,Sheet1!$E:$E,L$3) -> 0 | M32: =SUMIFS(Sheet1!$H:$H,Sheet1!$C:$C,$K32,Sheet1!$E:$E,M$3) -> 0 | N32: =IFERROR((M32-L32)/L32,"") | O32: =SUMIFS(Sheet1!$H:$H,Sheet1!$C:$C,$K32,Sheet1!$E:$E,O$3) -> 0 | P32: =SUMIFS(Sheet1!$H:$H,Sheet1!$C:$C,$K32,Sheet1!$E:$E,P$3) -> 0 | Q32: =IFERROR((P32-O32)/O32,"") | R32: =SUMIFS(Sheet1!$H:$H,Sheet1!$C:$C,$K32,Sheet1!$E:$E,R$3) -> 0 | S32: =SUMIFS(Sheet1!$H:$H,Sheet1!$C:$C,$K32,Sheet1!$E:$E,S$3) -> 0 | T32: =IFERROR((S32-R32)/R32,"") | U32: =SUMIFS(Sheet1!$H:$H,Sheet1!$C:$C,$K32,Sheet1!$E:$E,U$3) -> 0 | V32: =SUMIFS(Sheet1!$H:$H,Sheet1!$C:$C,$K32,Sheet1!$E:$E,V$3) -> 0 | W32: =IFERROR((V32-U32)/U32,"") | X32: =SUMIFS(Sheet1!$H:$H,Sheet1!$C:$C,$K32,Sheet1!$E:$E,X$3) -> 0 | Y32: =SUMIFS(Sheet1!$H:$H,Sheet1!$C:$C,$K32,Sheet1!$E:$E,Y$3) -> 0 | Z32: =IFERROR((Y32-X32)/X32,"") | AA32: =SUMIFS(Sheet1!$H:$H,Sheet1!$C:$C,$K32,Sheet1!$E:$E,AA$3) -> 0 | AB32: =SUMIFS(Sheet1!$H:$H,Sheet1!$C:$C,$K32,Sheet1!$E:$E,AB$3) -> 0 | AC32: =IFERROR((AB32-AA32)/AA32,"") | AD32: =SUMIFS(Sheet1!$H:$H,Sheet1!$C:$C,$K32,Sheet1!$E:$E,AD$3) -> 0 | AE32: =SUMIFS(Sheet1!$H:$H,Sheet1!$C:$C,$K32,Sheet1!$E:$E,AE$3) -> 0 | AF32: =IFERROR((AE32-AD32)/AD32,"") | AG32: =SUMIFS(Sheet1!$H:$H,Sheet1!$C:$C,$K32,Sheet1!$E:$E,AG$3) -> 0 | AH32: =SUMIFS(Sheet1!$H:$H,Sheet1!$C:$C,$K32,Sheet1!$E:$E,AH$3) -> 0 | AI32: =IFERROR((AH32-AG32)/AG32,"") | AJ32: =SUMIFS(Sheet1!$H:$H,Sheet1!$C:$C,$K32,Sheet1!$E:$E,AJ$3) -> 0 | AK32: =SUMIFS(Sheet1!$H:$H,Sheet1!$C:$C,$K32,Sheet1!$E:$E,AK$3) -> 0 | AL32: =IFERROR((AK32-AJ32)/AJ32,"") | AM32: =SUMIFS(Sheet1!$H:$H,Sheet1!$C:$C,$K32,Sheet1!$E:$E,AM$3) -> 0 | AN32: =SUMIFS(Sheet1!$H:$H,Sheet1!$C:$C,$K32,Sheet1!$E:$E,AN$3) -> 0 | AO32: =IFERROR((AN32-AM32)/AM32,"") | AP32: =SUMIFS(Sheet1!$H:$H,Sheet1!$C:$C,$K32,Sheet1!$E:$E,AP$3) -> 0 | AQ32: =SUMIFS(Sheet1!$H:$H,Sheet1!$C:$C,$K32,Sheet1!$E:$E,AQ$3) -> 0 | AR32: =IFERROR((AQ32-AP32)/AP32,"") | AS32: =SUMIFS(Sheet1!$H:$H,Sheet1!$C:$C,$K32,Sheet1!$E:$E,AS$3) -> 0 | AT32: =SUMIFS(Sheet1!$H:$H,Sheet1!$C:$C,$K32,Sheet1!$E:$E,AT$3) -> 0 | AU32: =IFERROR((AT32-AS32)/AS32,"")
L33: =SUMIFS(Sheet1!$H:$H,Sheet1!$C:$C,$K33,Sheet1!$E:$E,L$3) -> 0 | M33: =SUMIFS(Sheet1!$H:$H,Sheet1!$C:$C,$K33,Sheet1!$E:$E,M$3) -> 0 | N33: =IFERROR((M33-L33)/L33,"") | O33: =SUMIFS(Sheet1!$H:$H,Sheet1!$C:$C,$K33,Sheet1!$E:$E,O$3) -> 0 | P33: =SUMIFS(Sheet1!$H:$H,Sheet1!$C:$C,$K33,Sheet1!$E:$E,P$3) -> 0 | Q33: =IFERROR((P33-O33)/O33,"") | R33: =SUMIFS(Sheet1!$H:$H,Sheet1!$C:$C,$K33,Sheet1!$E:$E,R$3) -> 0 | S33: =SUMIFS(Sheet1!$H:$H,Sheet1!$C:$C,$K33,Sheet1!$E:$E,S$3) -> 0 | T33: =IFERROR((S33-R33)/R33,"") | U33: =SUMIFS(Sheet1!$H:$H,Sheet1!$C:$C,$K33,Sheet1!$E:$E,U$3) -> 0 | V33: =SUMIFS(Sheet1!$H:$H,Sheet1!$C:$C,$K33,Sheet1!$E:$E,V$3) -> 0 | W33: =IFERROR((V33-U33)/U33,"") | X33: =SUMIFS(Sheet1!$H:$H,Sheet1!$C:$C,$K33,Sheet1!$E:$E,X$3) -> 0 | Y33: =SUMIFS(Sheet1!$H:$H,Sheet1!$C:$C,$K33,Sheet1!$E:$E,Y$3) -> 0 | Z33: =IFERROR((Y33-X33)/X33,"") | AA33: =SUMIFS(Sheet1!$H:$H,Sheet1!$C:$C,$K33,Sheet1!$E:$E,AA$3) -> 0 | AB33: =SUMIFS(Sheet1!$H:$H,Sheet1!$C:$C,$K33,Sheet1!$E:$E,AB$3) -> 0 | AC33: =IFERROR((AB33-AA33)/AA33,"") | AD33: =SUMIFS(Sheet1!$H:$H,Sheet1!$C:$C,$K33,Sheet1!$E:$E,AD$3) -> 0 | AE33: =SUMIFS(Sheet1!$H:$H,Sheet1!$C:$C,$K33,Sheet1!$E:$E,AE$3) -> 0 | AF33: =IFERROR((AE33-AD33)/AD33,"") | AG33: =SUMIFS(Sheet1!$H:$H,Sheet1!$C:$C,$K33,Sheet1!$E:$E,AG$3) -> 0 | AH33: =SUMIFS(Sheet1!$H:$H,Sheet1!$C:$C,$K33,Sheet1!$E:$E,AH$3) -> 0 | AI33: =IFERROR((AH33-AG33)/AG33,"") | AJ33: =SUMIFS(Sheet1!$H:$H,Sheet1!$C:$C,$K33,Sheet1!$E:$E,AJ$3) -> 0 | AK33: =SUMIFS(Sheet1!$H:$H,Sheet1!$C:$C,$K33,Sheet1!$E:$E,AK$3) -> 0 | AL33: =IFERROR((AK33-AJ33)/AJ33,"") | AM33: =SUMIFS(Sheet1!$H:$H,Sheet1!$C:$C,$K33,Sheet1!$E:$E,AM$3) -> 0 | AN33: =SUMIFS(Sheet1!$H:$H,Sheet1!$C:$C,$K33,Sheet1!$E:$E,AN$3) -> 0 | AO33: =IFERROR((AN33-AM33)/AM33,"") | AP33: =SUMIFS(Sheet1!$H:$H,Sheet1!$C:$C,$K33,Sheet1!$E:$E,AP$3) -> 0 | AQ33: =SUMIFS(Sheet1!$H:$H,Sheet1!$C:$C,$K33,Sheet1!$E:$E,AQ$3) -> 0 | AR33: =IFERROR((AQ33-AP33)/AP33,"") | AS33: =SUMIFS(Sheet1!$H:$H,Sheet1!$C:$C,$K33,Sheet1!$E:$E,AS$3) -> 0 | AT33: =SUMIFS(Sheet1!$H:$H,Sheet1!$C:$C,$K33,Sheet1!$E:$E,AT$3) -> 0 | AU33: =IFERROR((AT33-AS33)/AS33,"")
L34: =SUMIFS(Sheet1!$H:$H,Sheet1!$C:$C,$K34,Sheet1!$E:$E,L$3) -> 0 | M34: =SUMIFS(Sheet1!$H:$H,Sheet1!$C:$C,$K34,Sheet1!$E:$E,M$3) -> 0 | N34: =IFERROR((M34-L34)/L34,"") | O34: =SUMIFS(Sheet1!$H:$H,Sheet1!$C:$C,$K34,Sheet1!$E:$E,O$3) -> 0 | P34: =SUMIFS(Sheet1!$H:$H,Sheet1!$C:$C,$K34,Sheet1!$E:$E,P$3) -> 0 | Q34: =IFERROR((P34-O34)/O34,"") | R34: =SUMIFS(Sheet1!$H:$H,Sheet1!$C:$C,$K34,Sheet1!$E:$E,R$3) -> 0 | S34: =SUMIFS(Sheet1!$H:$H,Sheet1!$C:$C,$K34,Sheet1!$E:$E,S$3) -> 0 | T34: =IFERROR((S34-R34)/R34,"") | U34: =SUMIFS(Sheet1!$H:$H,Sheet1!$C:$C,$K34,Sheet1!$E:$E,U$3) -> 0 | V34: =SUMIFS(Sheet1!$H:$H,Sheet1!$C:$C,$K34,Sheet1!$E:$E,V$3) -> 0 | W34: =IFERROR((V34-U34)/U34,"") | X34: =SUMIFS(Sheet1!$H:$H,Sheet1!$C:$C,$K34,Sheet1!$E:$E,X$3) -> 0 | Y34: =SUMIFS(Sheet1!$H:$H,Sheet1!$C:$C,$K34,Sheet1!$E:$E,Y$3) -> 0 | Z34: =IFERROR((Y34-X34)/X34,"") | AA34: =SUMIFS(Sheet1!$H:$H,Sheet1!$C:$C,$K34,Sheet1!$E:$E,AA$3) -> 0 | AB34: =SUMIFS(Sheet1!$H:$H,Sheet1!$C:$C,$K34,Sheet1!$E:$E,AB$3) -> 0 | AC34: =IFERROR((AB34-AA34)/AA34,"") | AD34: =SUMIFS(Sheet1!$H:$H,Sheet1!$C:$C,$K34,Sheet1!$E:$E,AD$3) -> 0 | AE34: =SUMIFS(Sheet1!$H:$H,Sheet1!$C:$C,$K34,Sheet1!$E:$E,AE$3) -> 0 | AF34: =IFERROR((AE34-AD34)/AD34,"") | AG34: =SUMIFS(Sheet1!$H:$H,Sheet1!$C:$C,$K34,Sheet1!$E:$E,AG$3) -> 0 | AH34: =SUMIFS(Sheet1!$H:$H,Sheet1!$C:$C,$K34,Sheet1!$E:$E,AH$3) -> 0 | AI34: =IFERROR((AH34-AG34)/AG34,"") | AJ34: =SUMIFS(Sheet1!$H:$H,Sheet1!$C:$C,$K34,Sheet1!$E:$E,AJ$3) -> 0 | AK34: =SUMIFS(Sheet1!$H:$H,Sheet1!$C:$C,$K34,Sheet1!$E:$E,AK$3) -> 0 | AL34: =IFERROR((AK34-AJ34)/AJ34,"") | AM34: =SUMIFS(Sheet1!$H:$H,Sheet1!$C:$C,$K34,Sheet1!$E:$E,AM$3) -> 0 | AN34: =SUMIFS(Sheet1!$H:$H,Sheet1!$C:$C,$K34,Sheet1!$E:$E,AN$3) -> 0 | AO34: =IFERROR((AN34-AM34)/AM34,"") | AP34: =SUMIFS(Sheet1!$H:$H,Sheet1!$C:$C,$K34,Sheet1!$E:$E,AP$3) -> 0 | AQ34: =SUMIFS(Sheet1!$H:$H,Sheet1!$C:$C,$K34,Sheet1!$E:$E,AQ$3) -> 0 | AR34: =IFERROR((AQ34-AP34)/AP34,"") | AS34: =SUMIFS(Sheet1!$H:$H,Sheet1!$C:$C,$K34,Sheet1!$E:$E,AS$3) -> 0 | AT34: =SUMIFS(Sheet1!$H:$H,Sheet1!$C:$C,$K34,Sheet1!$E:$E,AT$3) -> 0 | AU34: =IFERROR((AT34-AS34)/AS34,"")
L35: =SUMIFS(Sheet1!$H:$H,Sheet1!$C:$C,$K35,Sheet1!$E:$E,L$3) -> 0 | M35: =SUMIFS(Sheet1!$H:$H,Sheet1!$C:$C,$K35,Sheet1!$E:$E,M$3) -> 0 | N35: =IFERROR((M35-L35)/L35,"") | O35: =SUMIFS(Sheet1!$H:$H,Sheet1!$C:$C,$K35,Sheet1!$E:$E,O$3) -> 0 | P35: =SUMIFS(Sheet1!$H:$H,Sheet1!$C:$C,$K35,Sheet1!$E:$E,P$3) -> 0 | Q35: =IFERROR((P35-O35)/O35,"") | R35: =SUMIFS(Sheet1!$H:$H,Sheet1!$C:$C,$K35,Sheet1!$E:$E,R$3) -> 0 | S35: =SUMIFS(Sheet1!$H:$H,Sheet1!$C:$C,$K35,Sheet1!$E:$E,S$3) -> 0 | T35: =IFERROR((S35-R35)/R35,"") | U35: =SUMIFS(Sheet1!$H:$H,Sheet1!$C:$C,$K35,Sheet1!$E:$E,U$3) -> 0 | V35: =SUMIFS(Sheet1!$H:$H,Sheet1!$C:$C,$K35,Sheet1!$E:$E,V$3) -> 0 | W35: =IFERROR((V35-U35)/U35,"") | X35: =SUMIFS(Sheet1!$H:$H,Sheet1!$C:$C,$K35,Sheet1!$E:$E,X$3) -> 0 | Y35: =SUMIFS(Sheet1!$H:$H,Sheet1!$C:$C,$K35,Sheet1!$E:$E,Y$3) -> 0 | Z35: =IFERROR((Y35-X35)/X35,"") | AA35: =SUMIFS(Sheet1!$H:$H,Sheet1!$C:$C,$K35,Sheet1!$E:$E,AA$3) -> 0 | AB35: =SUMIFS(Sheet1!$H:$H,Sheet1!$C:$C,$K35,Sheet1!$E:$E,AB$3) -> 0 | AC35: =IFERROR((AB35-AA35)/AA35,"") | AD35: =SUMIFS(Sheet1!$H:$H,Sheet1!$C:$C,$K35,Sheet1!$E:$E,AD$3) -> 0 | AE35: =SUMIFS(Sheet1!$H:$H,Sheet1!$C:$C,$K35,Sheet1!$E:$E,AE$3) -> 0 | AF35: =IFERROR((AE35-AD35)/AD35,"") | AG35: =SUMIFS(Sheet1!$H:$H,Sheet1!$C:$C,$K35,Sheet1!$E:$E,AG$3) -> 0 | AH35: =SUMIFS(Sheet1!$H:$H,Sheet1!$C:$C,$K35,Sheet1!$E:$E,AH$3) -> 0 | AI35: =IFERROR((AH35-AG35)/AG35,"") | AJ35: =SUMIFS(Sheet1!$H:$H,Sheet1!$C:$C,$K35,Sheet1!$E:$E,AJ$3) -> 0 | AK35: =SUMIFS(Sheet1!$H:$H,Sheet1!$C:$C,$K35,Sheet1!$E:$E,AK$3) -> 0 | AL35: =IFERROR((AK35-AJ35)/AJ35,"") | AM35: =SUMIFS(Sheet1!$H:$H,Sheet1!$C:$C,$K35,Sheet1!$E:$E,AM$3) -> 0 | AN35: =SUMIFS(Sheet1!$H:$H,Sheet1!$C:$C,$K35,Sheet1!$E:$E,AN$3) -> 0 | AO35: =IFERROR((AN35-AM35)/AM35,"") | AP35: =SUMIFS(Sheet1!$H:$H,Sheet1!$C:$C,$K35,Sheet1!$E:$E,AP$3) -> 0 | AQ35: =SUMIFS(Sheet1!$H:$H,Sheet1!$C:$C,$K35,Sheet1!$E:$E,AQ$3) -> 0 | AR35: =IFERROR((AQ35-AP35)/AP35,"") | AS35: =SUMIFS(Sheet1!$H:$H,Sheet1!$C:$C,$K35,Sheet1!$E:$E,AS$3) -> 0 | AT35: =SUMIFS(Sheet1!$H:$H,Sheet1!$C:$C,$K35,Sheet1!$E:$E,AT$3) -> 0 | AU35: =IFERROR((AT35-AS35)/AS35,"")
L36: =SUMIFS(Sheet1!$H:$H,Sheet1!$C:$C,$K36,Sheet1!$E:$E,L$3) -> 0 | M36: =SUMIFS(Sheet1!$H:$H,Sheet1!$C:$C,$K36,Sheet1!$E:$E,M$3) -> 0 | N36: =IFERROR((M36-L36)/L36,"") | O36: =SUMIFS(Sheet1!$H:$H,Sheet1!$C:$C,$K36,Sheet1!$E:$E,O$3) -> 0 | P36: =SUMIFS(Sheet1!$H:$H,Sheet1!$C:$C,$K36,Sheet1!$E:$E,P$3) -> 0 | Q36: =IFERROR((P36-O36)/O36,"") | R36: =SUMIFS(Sheet1!$H:$H,Sheet1!$C:$C,$K36,Sheet1!$E:$E,R$3) -> 0 | S36: =SUMIFS(Sheet1!$H:$H,Sheet1!$C:$C,$K36,Sheet1!$E:$E,S$3) -> 0 | T36: =IFERROR((S36-R36)/R36,"") | U36: =SUMIFS(Sheet1!$H:$H,Sheet1!$C:$C,$K36,Sheet1!$E:$E,U$3) -> 0 | V36: =SUMIFS(Sheet1!$H:$H,Sheet1!$C:$C,$K36,Sheet1!$E:$E,V$3) -> 0 | W36: =IFERROR((V36-U36)/U36,"") | X36: =SUMIFS(Sheet1!$H:$H,Sheet1!$C:$C,$K36,Sheet1!$E:$E,X$3) -> 0 | Y36: =SUMIFS(Sheet1!$H:$H,Sheet1!$C:$C,$K36,Sheet1!$E:$E,Y$3) -> 0 | Z36: =IFERROR((Y36-X36)/X36,"") | AA36: =SUMIFS(Sheet1!$H:$H,Sheet1!$C:$C,$K36,Sheet1!$E:$E,AA$3) -> 0 | AB36: =SUMIFS(Sheet1!$H:$H,Sheet1!$C:$C,$K36,Sheet1!$E:$E,AB$3) -> 0 | AC36: =IFERROR((AB36-AA36)/AA36,"") | AD36: =SUMIFS(Sheet1!$H:$H,Sheet1!$C:$C,$K36,Sheet1!$E:$E,AD$3) -> 0 | AE36: =SUMIFS(Sheet1!$H:$H,Sheet1!$C:$C,$K36,Sheet1!$E:$E,AE$3) -> 0 | AF36: =IFERROR((AE36-AD36)/AD36,"") | AG36: =SUMIFS(Sheet1!$H:$H,Sheet1!$C:$C,$K36,Sheet1!$E:$E,AG$3) -> 0 | AH36: =SUMIFS(Sheet1!$H:$H,Sheet1!$C:$C,$K36,Sheet1!$E:$E,AH$3) -> 0 | AI36: =IFERROR((AH36-AG36)/AG36,"") | AJ36: =SUMIFS(Sheet1!$H:$H,Sheet1!$C:$C,$K36,Sheet1!$E:$E,AJ$3) -> 0 | AK36: =SUMIFS(Sheet1!$H:$H,Sheet1!$C:$C,$K36,Sheet1!$E:$E,AK$3) -> 0 | AL36: =IFERROR((AK36-AJ36)/AJ36,"") | AM36: =SUMIFS(Sheet1!$H:$H,Sheet1!$C:$C,$K36,Sheet1!$E:$E,AM$3) -> 0 | AN36: =SUMIFS(Sheet1!$H:$H,Sheet1!$C:$C,$K36,Sheet1!$E:$E,AN$3) -> 0 | AO36: =IFERROR((AN36-AM36)/AM36,"") | AP36: =SUMIFS(Sheet1!$H:$H,Sheet1!$C:$C,$K36,Sheet1!$E:$E,AP$3) -> 0 | AQ36: =SUMIFS(Sheet1!$H:$H,Sheet1!$C:$C,$K36,Sheet1!$E:$E,AQ$3) -> 0 | AR36: =IFERROR((AQ36-AP36)/AP36,"") | AS36: =SUMIFS(Sheet1!$H:$H,Sheet1!$C:$C,$K36,Sheet1!$E:$E,AS$3) -> 0 | AT36: =SUMIFS(Sheet1!$H:$H,Sheet1!$C:$C,$K36,Sheet1!$E:$E,AT$3) -> 0 | AU36: =IFERROR((AT36-AS36)/AS36,"")
... L44: =SUMIFS(Sheet1!$H:$H,Sheet1!$C:$C,$K44,Sheet1!$E:$E,L$3) -> 0 | M44: =SUMIFS(Sheet1!$H:$H,Sheet1!$C:$C,$K44,Sheet1!$E:$E,M$3) -> 0 | N44: =IFERROR((M44-L44)/L44,"") | O44: =SUMIFS(Sheet1!$H:$H,Sheet1!$C:$C,$K44,Sheet1!$E:$E,O$3) -> 0 | P44: =SUMIFS(Sheet1!$H:$H,Sheet1!$C:$C,$K44,Sheet1!$E:$E,P$3) -> 0 | Q44: =IFERROR((P44-O44)/O44,"") | R44: =SUMIFS(Sheet1!$H:$H,Sheet1!$C:$C,$K44,Sheet1!$E:$E,R$3) -> 0 | S44: =SUMIFS(Sheet1!$H:$H,Sheet1!$C:$C,$K44,Sheet1!$E:$E,S$3) -> 0 | T44: =IFERROR((S44-R44)/R44,"") | U44: =SUMIFS(Sheet1!$H:$H,Sheet1!$C:$C,$K44,Sheet1!$E:$E,U$3) -> 0 | V44: =SUMIFS(Sheet1!$H:$H,Sheet1!$C:$C,$K44,Sheet1!$E:$E,V$3) -> 0 | W44: =IFERROR((V44-U44)/U44,"") | X44: =SUMIFS(Sheet1!$H:$H,Sheet1!$C:$C,$K44,Sheet1!$E:$E,X$3) -> 0 | Y44: =SUMIFS(Sheet1!$H:$H,Sheet1!$C:$C,$K44,Sheet1!$E:$E,Y$3) -> 0 | Z44: =IFERROR((Y44-X44)/X44,"") | AA44: =SUMIFS(Sheet1!$H:$H,Sheet1!$C:$C,$K44,Sheet1!$E:$E,AA$3) -> 0 | AB44: =SUMIFS(Sheet1!$H:$H,Sheet1!$C:$C,$K44,Sheet1!$E:$E,AB$3) -> 0 | AC44: =IFERROR((AB44-AA44)/AA44,"") | AD44: =SUMIFS(Sheet1!$H:$H,Sheet1!$C:$C,$K44,Sheet1!$E:$E,AD$3) -> 0 | AE44: =SUMIFS(Sheet1!$H:$H,Sheet1!$C:$C,$K44,Sheet1!$E:$E,AE$3) -> 0 | AF44: =IFERROR((AE44-AD44)/AD44,"") | AG44: =SUMIFS(Sheet1!$H:$H,Sheet1!$C:$C,$K44,Sheet1!$E:$E,AG$3) -> 0 | AH44: =SUMIFS(Sheet1!$H:$H,Sheet1!$C:$C,$K44,Sheet1!$E:$E,AH$3) -> 0 | AI44: =IFERROR((AH44-AG44)/AG44,"") | AJ44: =SUMIFS(Sheet1!$H:$H,Sheet1!$C:$C,$K44,Sheet1!$E:$E,AJ$3) -> 0 | AK44: =SUMIFS(Sheet1!$H:$H,Sheet1!$C:$C,$K44,Sheet1!$E:$E,AK$3) -> 0 | AL44: =IFERROR((AK44-AJ44)/AJ44,"") | AM44: =SUMIFS(Sheet1!$H:$H,Sheet1!$C:$C,$K44,Sheet1!$E:$E,AM$3) -> 0 | AN44: =SUMIFS(Sheet1!$H:$H,Sheet1!$C:$C,$K44,Sheet1!$E:$E,AN$3) -> 0 | AO44: =IFERROR((AN44-AM44)/AM44,"") | AP44: =SUMIFS(Sheet1!$H:$H,Sheet1!$C:$C,$K44,Sheet1!$E:$E,AP$3) -> 0 | AQ44: =SUMIFS(Sheet1!$H:$H,Sheet1!$C:$C,$K44,Sheet1!$E:$E,AQ$3) -> 0 | AR44: =IFERROR((AQ44-AP44)/AP44,"") | AS44: =SUMIFS(Sheet1!$H:$H,Sheet1!$C:$C,$K44,Sheet1!$E:$E,AS$3) -> 0 | AT44: =SUMIFS(Sheet1!$H:$H,Sheet1!$C:$C,$K44,Sheet1!$E:$E,AT$3) -> 0 | AU44: =IFERROR((AT44-AS44)/AS44,"")
O45: =SUMIFS(Sheet1!$F:$F,Sheet1!$A:$A,$K45,Sheet1!$C:$C,O$17) -> 0 | P45: =SUMIFS(Sheet1!$F:$F,Sheet1!$A:$A,$K45,Sheet1!$C:$C,P$17) -> 0 | Q45: =IFERROR((P45-O45)/O45,"") | R45: =SUMIFS(Sheet1!$F:$F,Sheet1!$A:$A,$K45,Sheet1!$C:$C,R$17) -> 0 | S45: =SUMIFS(Sheet1!$F:$F,Sheet1!$A:$A,$K45,Sheet1!$C:$C,S$17) -> 0 | T45: =IFERROR((S45-R45)/R45,"") | U45: =SUMIFS(Sheet1!$F:$F,Sheet1!$A:$A,$K45,Sheet1!$C:$C,U$17) -> 0 | V45: =SUMIFS(Sheet1!$F:$F,Sheet1!$A:$A,$K45,Sheet1!$C:$C,V$17) -> 0 | W45: =IFERROR((V45-U45)/U45,"") | X45: =SUMIFS(Sheet1!$F:$F,Sheet1!$A:$A,$K45,Sheet1!$C:$C,X$17) -> 0 | Y45: =SUMIFS(Sheet1!$F:$F,Sheet1!$A:$A,$K45,Sheet1!$C:$C,Y$17) -> 0 | Z45: =IFERROR((Y45-X45)/X45,"") | AA45: =SUMIFS(Sheet1!$F:$F,Sheet1!$A:$A,$K45,Sheet1!$C:$C,AA$17) -> 0 | AB45: =SUMIFS(Sheet1!$F:$F,Sheet1!$A:$A,$K45,Sheet1!$C:$C,AB$17) -> 0 | AC45: =IFERROR((AB45-AA45)/AA45,"") | AD45: =SUMIFS(Sheet1!$F:$F,Sheet1!$A:$A,$K45,Sheet1!$C:$C,AD$17) -> 0 | AE45: =SUMIFS(Sheet1!$F:$F,Sheet1!$A:$A,$K45,Sheet1!$C:$C,AE$17) -> 0 | AF45: =IFERROR((AE45-AD45)/AD45,"") | AG45: =SUMIFS(Sheet1!$F:$F,Sheet1!$A:$A,$K45,Sheet1!$C:$C,AG$17) -> 0 | AH45: =SUMIFS(Sheet1!$F:$F,Sheet1!$A:$A,$K45,Sheet1!$C:$C,AH$17) -> 0 | AI45: =IFERROR((AH45-AG45)/AG45,"") | AJ45: =SUMIFS(Sheet1!$F:$F,Sheet1!$A:$A,$K45,Sheet1!$C:$C,AJ$17) -> 0 | AK45: =SUMIFS(Sheet1!$F:$F,Sheet1!$A:$A,$K45,Sheet1!$C:$C,AK$17) -> 0 | AL45: =IFERROR((AK45-AJ45)/AJ45,"") | AM45: =SUMIFS(Sheet1!$F:$F,Sheet1!$A:$A,$K45,Sheet1!$C:$C,AM$17) -> 0 | AN45: =SUMIFS(Sheet1!$F:$F,Sheet1!$A:$A,$K45,Sheet1!$C:$C,AN$17) -> 0 | AO45: =IFERROR((AN45-AM45)/AM45,"") | AP45: =SUMIFS(Sheet1!$F:$F,Sheet1!$A:$A,$K45,Sheet1!$C:$C,AP$17) -> 0 | AQ45: =SUMIFS(Sheet1!$F:$F,Sheet1!$A:$A,$K45,Sheet1!$C:$C,AQ$17) -> 0 | AR45: =IFERROR((AQ45-AP45)/AP45,"") | AS45: =SUMIFS(Sheet1!$F:$F,Sheet1!$A:$A,$K45,Sheet1!$C:$C,AS$17) -> 0 | AT45: =SUMIFS(Sheet1!$F:$F,Sheet1!$A:$A,$K45,Sheet1!$C:$C,AT$17) -> 0 | AU45: =IFERROR((AT45-AS45)/AS45,"")
O46: =SUMIFS(Sheet1!$F:$F,Sheet1!$A:$A,$K46,Sheet1!$C:$C,O$17) -> 0 | P46: =SUMIFS(Sheet1!$F:$F,Sheet1!$A:$A,$K46,Sheet1!$C:$C,P$17) -> 0 | Q46: =IFERROR((P46-O46)/O46,"") | R46: =SUMIFS(Sheet1!$F:$F,Sheet1!$A:$A,$K46,Sheet1!$C:$C,R$17) -> 0 | S46: =SUMIFS(Sheet1!$F:$F,Sheet1!$A:$A,$K46,Sheet1!$C:$C,S$17) -> 0 | T46: =IFERROR((S46-R46)/R46,"") | U46: =SUMIFS(Sheet1!$F:$F,Sheet1!$A:$A,$K46,Sheet1!$C:$C,U$17) -> 0 | V46: =SUMIFS(Sheet1!$F:$F,Sheet1!$A:$A,$K46,Sheet1!$C:$C,V$17) -> 0 | W46: =IFERROR((V46-U46)/U46,"") | X46: =SUMIFS(Sheet1!$F:$F,Sheet1!$A:$A,$K46,Sheet1!$C:$C,X$17) -> 0 | Y46: =SUMIFS(Sheet1!$F:$F,Sheet1!$A:$A,$K46,Sheet1!$C:$C,Y$17) -> 0 | Z46: =IFERROR((Y46-X46)/X46,"") | AA46: =SUMIFS(Sheet1!$F:$F,Sheet1!$A:$A,$K46,Sheet1!$C:$C,AA$17) -> 0 | AB46: =SUMIFS(Sheet1!$F:$F,Sheet1!$A:$A,$K46,Sheet1!$C:$C,AB$17) -> 0 | AC46: =IFERROR((AB46-AA46)/AA46,"") | AD46: =SUMIFS(Sheet1!$F:$F,Sheet1!$A:$A,$K46,Sheet1!$C:$C,AD$17) -> 0 | AE46: =SUMIFS(Sheet1!$F:$F,Sheet1!$A:$A,$K46,Sheet1!$C:$C,AE$17) -> 0 | AF46: =IFERROR((AE46-AD46)/AD46,"") | AG46: =SUMIFS(Sheet1!$F:$F,Sheet1!$A:$A,$K46,Sheet1!$C:$C,AG$17) -> 0 | AH46: =SUMIFS(Sheet1!$F:$F,Sheet1!$A:$A,$K46,Sheet1!$C:$C,AH$17) -> 0 | AI46: =IFERROR((AH46-AG46)/AG46,"") | AJ46: =SUMIFS(Sheet1!$F:$F,Sheet1!$A:$A,$K46,Sheet1!$C:$C,AJ$17) -> 0 | AK46: =SUMIFS(Sheet1!$F:$F,Sheet1!$A:$A,$K46,Sheet1!$C:$C,AK$17) -> 0 | AL46: =IFERROR((AK46-AJ46)/AJ46,"") | AM46: =SUMIFS(Sheet1!$F:$F,Sheet1!$A:$A,$K46,Sheet1!$C:$C,AM$17) -> 0 | AN46: =SUMIFS(Sheet1!$F:$F,Sheet1!$A:$A,$K46,Sheet1!$C:$C,AN$17) -> 0 | AO46: =IFERROR((AN46-AM46)/AM46,"") | AP46: =SUMIFS(Sheet1!$F:$F,Sheet1!$A:$A,$K46,Sheet1!$C:$C,AP$17) -> 0 | AQ46: =SUMIFS(Sheet1!$F:$F,Sheet1!$A:$A,$K46,Sheet1!$C:$C,AQ$17) -> 0 | AR46: =IFERROR((AQ46-AP46)/AP46,"") | AS46: =SUMIFS(Sheet1!$F:$F,Sheet1!$A:$A,$K46,Sheet1!$C:$C,AS$17) -> 0 | AT46: =SUMIFS(Sheet1!$F:$F,Sheet1!$A:$A,$K46,Sheet1!$C:$C,AT$17) -> 0 | AU46: =IFERROR((AT46-AS46)/AS46,"")
O47: =SUMIFS(Sheet1!$F:$F,Sheet1!$A:$A,$K47,Sheet1!$C:$C,O$17) -> 0 | P47: =SUMIFS(Sheet1!$F:$F,Sheet1!$A:$A,$K47,Sheet1!$C:$C,P$17) -> 0 | Q47: =IFERROR((P47-O47)/O47,"") | R47: =SUMIFS(Sheet1!$F:$F,Sheet1!$A:$A,$K47,Sheet1!$C:$C,R$17) -> 0 | S47: =SUMIFS(Sheet1!$F:$F,Sheet1!$A:$A,$K47,Sheet1!$C:$C,S$17) -> 0 | T47: =IFERROR((S47-R47)/R47,"") | U47: =SUMIFS(Sheet1!$F:$F,Sheet1!$A:$A,$K47,Sheet1!$C:$C,U$17) -> 0 | V47: =SUMIFS(Sheet1!$F:$F,Sheet1!$A:$A,$K47,Sheet1!$C:$C,V$17) -> 0 | W47: =IFERROR((V47-U47)/U47,"") | X47: =SUMIFS(Sheet1!$F:$F,Sheet1!$A:$A,$K47,Sheet1!$C:$C,X$17) -> 0 | Y47: =SUMIFS(Sheet1!$F:$F,Sheet1!$A:$A,$K47,Sheet1!$C:$C,Y$17) -> 0 | Z47: =IFERROR((Y47-X47)/X47,"") | AA47: =SUMIFS(Sheet1!$F:$F,Sheet1!$A:$A,$K47,Sheet1!$C:$C,AA$17) -> 0 | AB47: =SUMIFS(Sheet1!$F:$F,Sheet1!$A:$A,$K47,Sheet1!$C:$C,AB$17) -> 0 | AC47: =IFERROR((AB47-AA47)/AA47,"") | AD47: =SUMIFS(Sheet1!$F:$F,Sheet1!$A:$A,$K47,Sheet1!$C:$C,AD$17) -> 0 | AE47: =SUMIFS(Sheet1!$F:$F,Sheet1!$A:$A,$K47,Sheet1!$C:$C,AE$17) -> 0 | AF47: =IFERROR((AE47-AD47)/AD47,"") | AG47: =SUMIFS(Sheet1!$F:$F,Sheet1!$A:$A,$K47,Sheet1!$C:$C,AG$17) -> 0 | AH47: =SUMIFS(Sheet1!$F:$F,Sheet1!$A:$A,$K47,Sheet1!$C:$C,AH$17) -> 0 | AI47: =IFERROR((AH47-AG47)/AG47,"") | AJ47: =SUMIFS(Sheet1!$F:$F,Sheet1!$A:$A,$K47,Sheet1!$C:$C,AJ$17) -> 0 | AK47: =SUMIFS(Sheet1!$F:$F,Sheet1!$A:$A,$K47,Sheet1!$C:$C,AK$17) -> 0 | AL47: =IFERROR((AK47-AJ47)/AJ47,"") | AM47: =SUMIFS(Sheet1!$F:$F,Sheet1!$A:$A,$K47,Sheet1!$C:$C,AM$17) -> 0 | AN47: =SUMIFS(Sheet1!$F:$F,Sheet1!$A:$A,$K47,Sheet1!$C:$C,AN$17) -> 0 | AO47: =IFERROR((AN47-AM47)/AM47,"") | AP47: =SUMIFS(Sheet1!$F:$F,Sheet1!$A:$A,$K47,Sheet1!$C:$C,AP$17) -> 0 | AQ47: =SUMIFS(Sheet1!$F:$F,Sheet1!$A:$A,$K47,Sheet1!$C:$C,AQ$17) -> 0 | AR47: =IFERROR((AQ47-AP47)/AP47,"") | AS47: =SUMIFS(Sheet1!$F:$F,Sheet1!$A:$A,$K47,Sheet1!$C:$C,AS$17) -> 0 | AT47: =SUMIFS(Sheet1!$F:$F,Sheet1!$A:$A,$K47,Sheet1!$C:$C,AT$17) -> 0 | AU47: =IFERROR((AT47-AS47)/AS47,"")
O48: =SUMIFS(Sheet1!$F:$F,Sheet1!$A:$A,$K48,Sheet1!$C:$C,O$17) -> 0 | P48: =SUMIFS(Sheet1!$F:$F,Sheet1!$A:$A,$K48,Sheet1!$C:$C,P$17) -> 0 | Q48: =IFERROR((P48-O48)/O48,"") | R48: =SUMIFS(Sheet1!$F:$F,Sheet1!$A:$A,$K48,Sheet1!$C:$C,R$17) -> 0 | S48: =SUMIFS(Sheet1!$F:$F,Sheet1!$A:$A,$K48,Sheet1!$C:$C,S$17) -> 0 | T48: =IFERROR((S48-R48)/R48,"") | U48: =SUMIFS(Sheet1!$F:$F,Sheet1!$A:$A,$K48,Sheet1!$C:$C,U$17) -> 0 | V48: =SUMIFS(Sheet1!$F:$F,Sheet1!$A:$A,$K48,Sheet1!$C:$C,V$17) -> 0 | W48: =IFERROR((V48-U48)/U48,"") | X48: =SUMIFS(Sheet1!$F:$F,Sheet1!$A:$A,$K48,Sheet1!$C:$C,X$17) -> 0 | Y48: =SUMIFS(Sheet1!$F:$F,Sheet1!$A:$A,$K48,Sheet1!$C:$C,Y$17) -> 0 | Z48: =IFERROR((Y48-X48)/X48,"") | AA48: =SUMIFS(Sheet1!$F:$F,Sheet1!$A:$A,$K48,Sheet1!$C:$C,AA$17) -> 0 | AB48: =SUMIFS(Sheet1!$F:$F,Sheet1!$A:$A,$K48,Sheet1!$C:$C,AB$17) -> 0 | AC48: =IFERROR((AB48-AA48)/AA48,"") | AD48: =SUMIFS(Sheet1!$F:$F,Sheet1!$A:$A,$K48,Sheet1!$C:$C,AD$17) -> 0 | AE48: =SUMIFS(Sheet1!$F:$F,Sheet1!$A:$A,$K48,Sheet1!$C:$C,AE$17) -> 0 | AF48: =IFERROR((AE48-AD48)/AD48,"") | AG48: =SUMIFS(Sheet1!$F:$F,Sheet1!$A:$A,$K48,Sheet1!$C:$C,AG$17) -> 0 | AH48: =SUMIFS(Sheet1!$F:$F,Sheet1!$A:$A,$K48,Sheet1!$C:$C,AH$17) -> 0 | AI48: =IFERROR((AH48-AG48)/AG48,"") | AJ48: =SUMIFS(Sheet1!$F:$F,Sheet1!$A:$A,$K48,Sheet1!$C:$C,AJ$17) -> 0 | AK48: =SUMIFS(Sheet1!$F:$F,Sheet1!$A:$A,$K48,Sheet1!$C:$C,AK$17) -> 0 | AL48: =IFERROR((AK48-AJ48)/AJ48,"") | AM48: =SUMIFS(Sheet1!$F:$F,Sheet1!$A:$A,$K48,Sheet1!$C:$C,AM$17) -> 0 | AN48: =SUMIFS(Sheet1!$F:$F,Sheet1!$A:$A,$K48,Sheet1!$C:$C,AN$17) -> 0 | AO48: =IFERROR((AN48-AM48)/AM48,"") | AP48: =SUMIFS(Sheet1!$F:$F,Sheet1!$A:$A,$K48,Sheet1!$C:$C,AP$17) -> 0 | AQ48: =SUMIFS(Sheet1!$F:$F,Sheet1!$A:$A,$K48,Sheet1!$C:$C,AQ$17) -> 0 | AR48: =IFERROR((AQ48-AP48)/AP48,"") | AS48: =SUMIFS(Sheet1!$F:$F,Sheet1!$A:$A,$K48,Sheet1!$C:$C,AS$17) -> 0 | AT48: =SUMIFS(Sheet1!$F:$F,Sheet1!$A:$A,$K48,Sheet1!$C:$C,AT$17) -> 0 | AU48: =IFERROR((AT48-AS48)/AS48,"")
O49: =SUMIFS(Sheet1!$F:$F,Sheet1!$A:$A,$K49,Sheet1!$C:$C,O$17) -> 0 | P49: =SUMIFS(Sheet1!$F:$F,Sheet1!$A:$A,$K49,Sheet1!$C:$C,P$17) -> 0 | Q49: =IFERROR((P49-O49)/O49,"") | R49: =SUMIFS(Sheet1!$F:$F,Sheet1!$A:$A,$K49,Sheet1!$C:$C,R$17) -> 0 | S49: =SUMIFS(Sheet1!$F:$F,Sheet1!$A:$A,$K49,Sheet1!$C:$C,S$17) -> 0 | T49: =IFERROR((S49-R49)/R49,"") | U49: =SUMIFS(Sheet1!$F:$F,Sheet1!$A:$A,$K49,Sheet1!$C:$C,U$17) -> 0 | V49: =SUMIFS(Sheet1!$F:$F,Sheet1!$A:$A,$K49,Sheet1!$C:$C,V$17) -> 0 | W49: =IFERROR((V49-U49)/U49,"") | X49: =SUMIFS(Sheet1!$F:$F,Sheet1!$A:$A,$K49,Sheet1!$C:$C,X$17) -> 0 | Y49: =SUMIFS(Sheet1!$F:$F,Sheet1!$A:$A,$K49,Sheet1!$C:$C,Y$17) -> 0 | Z49: =IFERROR((Y49-X49)/X49,"") | AA49: =SUMIFS(Sheet1!$F:$F,Sheet1!$A:$A,$K49,Sheet1!$C:$C,AA$17) -> 0 | AB49: =SUMIFS(Sheet1!$F:$F,Sheet1!$A:$A,$K49,Sheet1!$C:$C,AB$17) -> 0 | AC49: =IFERROR((AB49-AA49)/AA49,"") | AD49: =SUMIFS(Sheet1!$F:$F,Sheet1!$A:$A,$K49,Sheet1!$C:$C,AD$17) -> 0 | AE49: =SUMIFS(Sheet1!$F:$F,Sheet1!$A:$A,$K49,Sheet1!$C:$C,AE$17) -> 0 | AF49: =IFERROR((AE49-AD49)/AD49,"") | AG49: =SUMIFS(Sheet1!$F:$F,Sheet1!$A:$A,$K49,Sheet1!$C:$C,AG$17) -> 0 | AH49: =SUMIFS(Sheet1!$F:$F,Sheet1!$A:$A,$K49,Sheet1!$C:$C,AH$17) -> 0 | AI49: =IFERROR((AH49-AG49)/AG49,"") | AJ49: =SUMIFS(Sheet1!$F:$F,Sheet1!$A:$A,$K49,Sheet1!$C:$C,AJ$17) -> 0 | AK49: =SUMIFS(Sheet1!$F:$F,Sheet1!$A:$A,$K49,Sheet1!$C:$C,AK$17) -> 0 | AL49: =IFERROR((AK49-AJ49)/AJ49,"") | AM49: =SUMIFS(Sheet1!$F:$F,Sheet1!$A:$A,$K49,Sheet1!$C:$C,AM$17) -> 0 | AN49: =SUMIFS(Sheet1!$F:$F,Sheet1!$A:$A,$K49,Sheet1!$C:$C,AN$17) -> 0 | AO49: =IFERROR((AN49-AM49)/AM49,"") | AP49: =SUMIFS(Sheet1!$F:$F,Sheet1!$A:$A,$K49,Sheet1!$C:$C,AP$17) -> 0 | AQ49: =SUMIFS(Sheet1!$F:$F,Sheet1!$A:$A,$K49,Sheet1!$C:$C,AQ$17) -> 0 | AR49: =IFERROR((AQ49-AP49)/AP49,"") | AS49: =SUMIFS(Sheet1!$F:$F,Sheet1!$A:$A,$K49,Sheet1!$C:$C,AS$17) -> 0 | AT49: =SUMIFS(Sheet1!$F:$F,Sheet1!$A:$A,$K49,Sheet1!$C:$C,AT$17) -> 0 | AU49: =IFERROR((AT49-AS49)/AS49,"")
O50: =SUMIFS(Sheet1!$F:$F,Sheet1!$A:$A,$K50,Sheet1!$C:$C,O$17) -> 0 | P50: =SUMIFS(Sheet1!$F:$F,Sheet1!$A:$A,$K50,Sheet1!$C:$C,P$17) -> 0 | Q50: =IFERROR((P50-O50)/O50,"") | R50: =SUMIFS(Sheet1!$F:$F,Sheet1!$A:$A,$K50,Sheet1!$C:$C,R$17) -> 0 | S50: =SUMIFS(Sheet1!$F:$F,Sheet1!$A:$A,$K50,Sheet1!$C:$C,S$17) -> 0 | T50: =IFERROR((S50-R50)/R50,"") | U50: =SUMIFS(Sheet1!$F:$F,Sheet1!$A:$A,$K50,Sheet1!$C:$C,U$17) -> 0 | V50: =SUMIFS(Sheet1!$F:$F,Sheet1!$A:$A,$K50,Sheet1!$C:$C,V$17) -> 0 | W50: =IFERROR((V50-U50)/U50,"") | X50: =SUMIFS(Sheet1!$F:$F,Sheet1!$A:$A,$K50,Sheet1!$C:$C,X$17) -> 0 | Y50: =SUMIFS(Sheet1!$F:$F,Sheet1!$A:$A,$K50,Sheet1!$C:$C,Y$17) -> 0 | Z50: =IFERROR((Y50-X50)/X50,"") | AA50: =SUMIFS(Sheet1!$F:$F,Sheet1!$A:$A,$K50,Sheet1!$C:$C,AA$17) -> 0 | AB50: =SUMIFS(Sheet1!$F:$F,Sheet1!$A:$A,$K50,Sheet1!$C:$C,AB$17) -> 0 | AC50: =IFERROR((AB50-AA50)/AA50,"") | AD50: =SUMIFS(Sheet1!$F:$F,Sheet1!$A:$A,$K50,Sheet1!$C:$C,AD$17) -> 0 | AE50: =SUMIFS(Sheet1!$F:$F,Sheet1!$A:$A,$K50,Sheet1!$C:$C,AE$17) -> 0 | AF50: =IFERROR((AE50-AD50)/AD50,"") | AG50: =SUMIFS(Sheet1!$F:$F,Sheet1!$A:$A,$K50,Sheet1!$C:$C,AG$17) -> 0 | AH50: =SUMIFS(Sheet1!$F:$F,Sheet1!$A:$A,$K50,Sheet1!$C:$C,AH$17) -> 0 | AI50: =IFERROR((AH50-AG50)/AG50,"") | AJ50: =SUMIFS(Sheet1!$F:$F,Sheet1!$A:$A,$K50,Sheet1!$C:$C,AJ$17) -> 0 | AK50: =SUMIFS(Sheet1!$F:$F,Sheet1!$A:$A,$K50,Sheet1!$C:$C,AK$17) -> 0 | AL50: =IFERROR((AK50-AJ50)/AJ50,"") | AM50: =SUMIFS(Sheet1!$F:$F,Sheet1!$A:$A,$K50,Sheet1!$C:$C,AM$17) -> 0 | AN50: =SUMIFS(Sheet1!$F:$F,Sheet1!$A:$A,$K50,Sheet1!$C:$C,AN$17) -> 0 | AO50: =IFERROR((AN50-AM50)/AM50,"") | AP50: =SUMIFS(Sheet1!$F:$F,Sheet1!$A:$A,$K50,Sheet1!$C:$C,AP$17) -> 0 | AQ50: =SUMIFS(Sheet1!$F:$F,Sheet1!$A:$A,$K50,Sheet1!$C:$C,AQ$17) -> 0 | AR50: =IFERROR((AQ50-AP50)/AP50,"") | AS50: =SUMIFS(Sheet1!$F:$F,Sheet1!$A:$A,$K50,Sheet1!$C:$C,AS$17) -> 0 | AT50: =SUMIFS(Sheet1!$F:$F,Sheet1!$A:$A,$K50,Sheet1!$C:$C,AT$17) -> 0 | AU50: =IFERROR((AT50-AS50)/AS50,"")
O51: =SUMIFS(Sheet1!$F:$F,Sheet1!$A:$A,$K51,Sheet1!$C:$C,O$17) -> 0 | P51: =SUMIFS(Sheet1!$F:$F,Sheet1!$A:$A,$K51,Sheet1!$C:$C,P$17) -> 0 | Q51: =IFERROR((P51-O51)/O51,"") | R51: =SUMIFS(Sheet1!$F:$F,Sheet1!$A:$A,$K51,Sheet1!$C:$C,R$17) -> 0 | S51: =SUMIFS(Sheet1!$F:$F,Sheet1!$A:$A,$K51,Sheet1!$C:$C,S$17) -> 0 | T51: =IFERROR((S51-R51)/R51,"") | U51: =SUMIFS(Sheet1!$F:$F,Sheet1!$A:$A,$K51,Sheet1!$C:$C,U$17) -> 0 | V51: =SUMIFS(Sheet1!$F:$F,Sheet1!$A:$A,$K51,Sheet1!$C:$C,V$17) -> 0 | W51: =IFERROR((V51-U51)/U51,"") | X51: =SUMIFS(Sheet1!$F:$F,Sheet1!$A:$A,$K51,Sheet1!$C:$C,X$17) -> 0 | Y51: =SUMIFS(Sheet1!$F:$F,Sheet1!$A:$A,$K51,Sheet1!$C:$C,Y$17) -> 0 | Z51: =IFERROR((Y51-X51)/X51,"") | AA51: =SUMIFS(Sheet1!$F:$F,Sheet1!$A:$A,$K51,Sheet1!$C:$C,AA$17) -> 0 | AB51: =SUMIFS(Sheet1!$F:$F,Sheet1!$A:$A,$K51,Sheet1!$C:$C,AB$17) -> 0 | AC51: =IFERROR((AB51-AA51)/AA51,"") | AD51: =SUMIFS(Sheet1!$F:$F,Sheet1!$A:$A,$K51,Sheet1!$C:$C,AD$17) -> 0 | AE51: =SUMIFS(Sheet1!$F:$F,Sheet1!$A:$A,$K51,Sheet1!$C:$C,AE$17) -> 0 | AF51: =IFERROR((AE51-AD51)/AD51,"") | AG51: =SUMIFS(Sheet1!$F:$F,Sheet1!$A:$A,$K51,Sheet1!$C:$C,AG$17) -> 0 | AH51: =SUMIFS(Sheet1!$F:$F,Sheet1!$A:$A,$K51,Sheet1!$C:$C,AH$17) -> 0 | AI51: =IFERROR((AH51-AG51)/AG51,"") | AJ51: =SUMIFS(Sheet1!$F:$F,Sheet1!$A:$A,$K51,Sheet1!$C:$C,AJ$17) -> 0 | AK51: =SUMIFS(Sheet1!$F:$F,Sheet1!$A:$A,$K51,Sheet1!$C:$C,AK$17) -> 0 | AL51: =IFERROR((AK51-AJ51)/AJ51,"") | AM51: =SUMIFS(Sheet1!$F:$F,Sheet1!$A:$A,$K51,Sheet1!$C:$C,AM$17) -> 0 | AN51: =SUMIFS(Sheet1!$F:$F,Sheet1!$A:$A,$K51,Sheet1!$C:$C,AN$17) -> 0 | AO51: =IFERROR((AN51-AM51)/AM51,"") | AP51: =SUMIFS(Sheet1!$F:$F,Sheet1!$A:$A,$K51,Sheet1!$C:$C,AP$17) -> 0 | AQ51: =SUMIFS(Sheet1!$F:$F,Sheet1!$A:$A,$K51,Sheet1!$C:$C,AQ$17) -> 0 | AR51: =IFERROR((AQ51-AP51)/AP51,"") | AS51: =SUMIFS(Sheet1!$F:$F,Sheet1!$A:$A,$K51,Sheet1!$C:$C,AS$17) -> 0 | AT51: =SUMIFS(Sheet1!$F:$F,Sheet1!$A:$A,$K51,Sheet1!$C:$C,AT$17) -> 0 | AU51: =IFERROR((AT51-AS51)/AS51,"")
O52: =SUMIFS(Sheet1!$F:$F,Sheet1!$A:$A,$K52,Sheet1!$C:$C,O$17) -> 0 | P52: =SUMIFS(Sheet1!$F:$F,Sheet1!$A:$A,$K52,Sheet1!$C:$C,P$17) -> 0 | Q52: =IFERROR((P52-O52)/O52,"") | R52: =SUMIFS(Sheet1!$F:$F,Sheet1!$A:$A,$K52,Sheet1!$C:$C,R$17) -> 0 | S52: =SUMIFS(Sheet1!$F:$F,Sheet1!$A:$A,$K52,Sheet1!$C:$C,S$17) -> 0 | T52: =IFERROR((S52-R52)/R52,"") | U52: =SUMIFS(Sheet1!$F:$F,Sheet1!$A:$A,$K52,Sheet1!$C:$C,U$17) -> 0 | V52: =SUMIFS(Sheet1!$F:$F,Sheet1!$A:$A,$K52,Sheet1!$C:$C,V$17) -> 0 | W52: =IFERROR((V52-U52)/U52,"") | X52: =SUMIFS(Sheet1!$F:$F,Sheet1!$A:$A,$K52,Sheet1!$C:$C,X$17) -> 0 | Y52: =SUMIFS(Sheet1!$F:$F,Sheet1!$A:$A,$K52,Sheet1!$C:$C,Y$17) -> 0 | Z52: =IFERROR((Y52-X52)/X52,"") | AA52: =SUMIFS(Sheet1!$F:$F,Sheet1!$A:$A,$K52,Sheet1!$C:$C,AA$17) -> 0 | AB52: =SUMIFS(Sheet1!$F:$F,Sheet1!$A:$A,$K52,Sheet1!$C:$C,AB$17) -> 0 | AC52: =IFERROR((AB52-AA52)/AA52,"") | AD52: =SUMIFS(Sheet1!$F:$F,Sheet1!$A:$A,$K52,Sheet1!$C:$C,AD$17) -> 0 | AE52: =SUMIFS(Sheet1!$F:$F,Sheet1!$A:$A,$K52,Sheet1!$C:$C,AE$17) -> 0 | AF52: =IFERROR((AE52-AD52)/AD52,"") | AG52: =SUMIFS(Sheet1!$F:$F,Sheet1!$A:$A,$K52,Sheet1!$C:$C,AG$17) -> 0 | AH52: =SUMIFS(Sheet1!$F:$F,Sheet1!$A:$A,$K52,Sheet1!$C:$C,AH$17) -> 0 | AI52: =IFERROR((AH52-AG52)/AG52,"") | AJ52: =SUMIFS(Sheet1!$F:$F,Sheet1!$A:$A,$K52,Sheet1!$C:$C,AJ$17) -> 0 | AK52: =SUMIFS(Sheet1!$F:$F,Sheet1!$A:$A,$K52,Sheet1!$C:$C,AK$17) -> 0 | AL52: =IFERROR((AK52-AJ52)/AJ52,"") | AM52: =SUMIFS(Sheet1!$F:$F,Sheet1!$A:$A,$K52,Sheet1!$C:$C,AM$17) -> 0 | AN52: =SUMIFS(Sheet1!$F:$F,Sheet1!$A:$A,$K52,Sheet1!$C:$C,AN$17) -> 0 | AO52: =IFERROR((AN52-AM52)/AM52,"") | AP52: =SUMIFS(Sheet1!$F:$F,Sheet1!$A:$A,$K52,Sheet1!$C:$C,AP$17) -> 0 | AQ52: =SUMIFS(Sheet1!$F:$F,Sheet1!$A:$A,$K52,Sheet1!$C:$C,AQ$17) -> 0 | AR52: =IFERROR((AQ52-AP52)/AP52,"") | AS52: =SUMIFS(Sheet1!$F:$F,Sheet1!$A:$A,$K52,Sheet1!$C:$C,AS$17) -> 0 | AT52: =SUMIFS(Sheet1!$F:$F,Sheet1!$A:$A,$K52,Sheet1!$C:$C,AT$17) -> 0 | AU52: =IFERROR((AT52-AS52)/AS52,"")
O53: =SUMIFS(Sheet1!$F:$F,Sheet1!$A:$A,$K53,Sheet1!$C:$C,O$17) -> 0 | P53: =SUMIFS(Sheet1!$F:$F,Sheet1!$A:$A,$K53,Sheet1!$C:$C,P$17) -> 0 | Q53: =IFERROR((P53-O53)/O53,"") | R53: =SUMIFS(Sheet1!$F:$F,Sheet1!$A:$A,$K53,Sheet1!$C:$C,R$17) -> 0 | S53: =SUMIFS(Sheet1!$F:$F,Sheet1!$A:$A,$K53,Sheet1!$C:$C,S$17) -> 0 | T53: =IFERROR((S53-R53)/R53,"") | U53: =SUMIFS(Sheet1!$F:$F,Sheet1!$A:$A,$K53,Sheet1!$C:$C,U$17) -> 0 | V53: =SUMIFS(Sheet1!$F:$F,Sheet1!$A:$A,$K53,Sheet1!$C:$C,V$17) -> 0 | W53: =IFERROR((V53-U53)/U53,"") | X53: =SUMIFS(Sheet1!$F:$F,Sheet1!$A:$A,$K53,Sheet1!$C:$C,X$17) -> 0 | Y53: =SUMIFS(Sheet1!$F:$F,Sheet1!$A:$A,$K53,Sheet1!$C:$C,Y$17) -> 0 | Z53: =IFERROR((Y53-X53)/X53,"") | AA53: =SUMIFS(Sheet1!$F:$F,Sheet1!$A:$A,$K53,Sheet1!$C:$C,AA$17) -> 0 | AB53: =SUMIFS(Sheet1!$F:$F,Sheet1!$A:$A,$K53,Sheet1!$C:$C,AB$17) -> 0 | AC53: =IFERROR((AB53-AA53)/AA53,"") | AD53: =SUMIFS(Sheet1!$F:$F,Sheet1!$A:$A,$K53,Sheet1!$C:$C,AD$17) -> 0 | AE53: =SUMIFS(Sheet1!$F:$F,Sheet1!$A:$A,$K53,Sheet1!$C:$C,AE$17) -> 0 | AF53: =IFERROR((AE53-AD53)/AD53,"") | AG53: =SUMIFS(Sheet1!$F:$F,Sheet1!$A:$A,$K53,Sheet1!$C:$C,AG$17) -> 0 | AH53: =SUMIFS(Sheet1!$F:$F,Sheet1!$A:$A,$K53,Sheet1!$C:$C,AH$17) -> 0 | AI53: =IFERROR((AH53-AG53)/AG53,"") | AJ53: =SUMIFS(Sheet1!$F:$F,Sheet1!$A:$A,$K53,Sheet1!$C:$C,AJ$17) -> 0 | AK53: =SUMIFS(Sheet1!$F:$F,Sheet1!$A:$A,$K53,Sheet1!$C:$C,AK$17) -> 0 | AL53: =IFERROR((AK53-AJ53)/AJ53,"") | AM53: =SUMIFS(Sheet1!$F:$F,Sheet1!$A:$A,$K53,Sheet1!$C:$C,AM$17) -> 0 | AN53: =SUMIFS(Sheet1!$F:$F,Sheet1!$A:$A,$K53,Sheet1!$C:$C,AN$17) -> 0 | AO53: =IFERROR((AN53-AM53)/AM53,"") | AP53: =SUMIFS(Sheet1!$F:$F,Sheet1!$A:$A,$K53,Sheet1!$C:$C,AP$17) -> 0 | AQ53: =SUMIFS(Sheet1!$F:$F,Sheet1!$A:$A,$K53,Sheet1!$C:$C,AQ$17) -> 0 | AR53: =IFERROR((AQ53-AP53)/AP53,"") | AS53: =SUMIFS(Sheet1!$F:$F,Sheet1!$A:$A,$K53,Sheet1!$C:$C,AS$17) -> 0 | AT53: =SUMIFS(Sheet1!$F:$F,Sheet1!$A:$A,$K53,Sheet1!$C:$C,AT$17) -> 0 | AU53: =IFERROR((AT53-AS53)/AS53,"")
O54: =SUMIFS(Sheet1!$F:$F,Sheet1!$A:$A,$K54,Sheet1!$C:$C,O$17) -> 0 | P54: =SUMIFS(Sheet1!$F:$F,Sheet1!$A:$A,$K54,Sheet1!$C:$C,P$17) -> 0 | Q54: =IFERROR((P54-O54)/O54,"") | R54: =SUMIFS(Sheet1!$F:$F,Sheet1!$A:$A,$K54,Sheet1!$C:$C,R$17) -> 0 | S54: =SUMIFS(Sheet1!$F:$F,Sheet1!$A:$A,$K54,Sheet1!$C:$C,S$17) -> 0 | T54: =IFERROR((S54-R54)/R54,"") | U54: =SUMIFS(Sheet1!$F:$F,Sheet1!$A:$A,$K54,Sheet1!$C:$C,U$17) -> 0 | V54: =SUMIFS(Sheet1!$F:$F,Sheet1!$A:$A,$K54,Sheet1!$C:$C,V$17) -> 0 | W54: =IFERROR((V54-U54)/U54,"") | X54: =SUMIFS(Sheet1!$F:$F,Sheet1!$A:$A,$K54,Sheet1!$C:$C,X$17) -> 0 | Y54: =SUMIFS(Sheet1!$F:$F,Sheet1!$A:$A,$K54,Sheet1!$C:$C,Y$17) -> 0 | Z54: =IFERROR((Y54-X54)/X54,"") | AA54: =SUMIFS(Sheet1!$F:$F,Sheet1!$A:$A,$K54,Sheet1!$C:$C,AA$17) -> 0 | AB54: =SUMIFS(Sheet1!$F:$F,Sheet1!$A:$A,$K54,Sheet1!$C:$C,AB$17) -> 0 | AC54: =IFERROR((AB54-AA54)/AA54,"") | AD54: =SUMIFS(Sheet1!$F:$F,Sheet1!$A:$A,$K54,Sheet1!$C:$C,AD$17) -> 0 | AE54: =SUMIFS(Sheet1!$F:$F,Sheet1!$A:$A,$K54,Sheet1!$C:$C,AE$17) -> 0 | AF54: =IFERROR((AE54-AD54)/AD54,"") | AG54: =SUMIFS(Sheet1!$F:$F,Sheet1!$A:$A,$K54,Sheet1!$C:$C,AG$17) -> 0 | AH54: =SUMIFS(Sheet1!$F:$F,Sheet1!$A:$A,$K54,Sheet1!$C:$C,AH$17) -> 0 | AI54: =IFERROR((AH54-AG54)/AG54,"") | AJ54: =SUMIFS(Sheet1!$F:$F,Sheet1!$A:$A,$K54,Sheet1!$C:$C,AJ$17) -> 0 | AK54: =SUMIFS(Sheet1!$F:$F,Sheet1!$A:$A,$K54,Sheet1!$C:$C,AK$17) -> 0 | AL54: =IFERROR((AK54-AJ54)/AJ54,"") | AM54: =SUMIFS(Sheet1!$F:$F,Sheet1!$A:$A,$K54,Sheet1!$C:$C,AM$17) -> 0 | AN54: =SUMIFS(Sheet1!$F:$F,Sheet1!$A:$A,$K54,Sheet1!$C:$C,AN$17) -> 0 | AO54: =IFERROR((AN54-AM54)/AM54,"") | AP54: =SUMIFS(Sheet1!$F:$F,Sheet1!$A:$A,$K54,Sheet1!$C:$C,AP$17) -> 0 | AQ54: =SUMIFS(Sheet1!$F:$F,Sheet1!$A:$A,$K54,Sheet1!$C:$C,AQ$17) -> 0 | AR54: =IFERROR((AQ54-AP54)/AP54,"") | AS54: =SUMIFS(Sheet1!$F:$F,Sheet1!$A:$A,$K54,Sheet1!$C:$C,AS$17) -> 0 | AT54: =SUMIFS(Sheet1!$F:$F,Sheet1!$A:$A,$K54,Sheet1!$C:$C,AT$17) -> 0 | AU54: =IFERROR((AT54-AS54)/AS54,"")
O55: =SUMIFS(Sheet1!$F:$F,Sheet1!$A:$A,$K55,Sheet1!$C:$C,O$17) -> 0 | P55: =SUMIFS(Sheet1!$F:$F,Sheet1!$A:$A,$K55,Sheet1!$C:$C,P$17) -> 0 | Q55: =IFERROR((P55-O55)/O55,"") | R55: =SUMIFS(Sheet1!$F:$F,Sheet1!$A:$A,$K55,Sheet1!$C:$C,R$17) -> 0 | S55: =SUMIFS(Sheet1!$F:$F,Sheet1!$A:$A,$K55,Sheet1!$C:$C,S$17) -> 0 | T55: =IFERROR((S55-R55)/R55,"") | U55: =SUMIFS(Sheet1!$F:$F,Sheet1!$A:$A,$K55,Sheet1!$C:$C,U$17) -> 0 | V55: =SUMIFS(Sheet1!$F:$F,Sheet1!$A:$A,$K55,Sheet1!$C:$C,V$17) -> 0 | W55: =IFERROR((V55-U55)/U55,"") | X55: =SUMIFS(Sheet1!$F:$F,Sheet1!$A:$A,$K55,Sheet1!$C:$C,X$17) -> 0 | Y55: =SUMIFS(Sheet1!$F:$F,Sheet1!$A:$A,$K55,Sheet1!$C:$C,Y$17) -> 0 | Z55: =IFERROR((Y55-X55)/X55,"") | AA55: =SUMIFS(Sheet1!$F:$F,Sheet1!$A:$A,$K55,Sheet1!$C:$C,AA$17) -> 0 | AB55: =SUMIFS(Sheet1!$F:$F,Sheet1!$A:$A,$K55,Sheet1!$C:$C,AB$17) -> 0 | AC55: =IFERROR((AB55-AA55)/AA55,"") | AD55: =SUMIFS(Sheet1!$F:$F,Sheet1!$A:$A,$K55,Sheet1!$C:$C,AD$17) -> 0 | AE55: =SUMIFS(Sheet1!$F:$F,Sheet1!$A:$A,$K55,Sheet1!$C:$C,AE$17) -> 0 | AF55: =IFERROR((AE55-AD55)/AD55,"") | AG55: =SUMIFS(Sheet1!$F:$F,Sheet1!$A:$A,$K55,Sheet1!$C:$C,AG$17) -> 0 | AH55: =SUMIFS(Sheet1!$F:$F,Sheet1!$A:$A,$K55,Sheet1!$C:$C,AH$17) -> 0 | AI55: =IFERROR((AH55-AG55)/AG55,"") | AJ55: =SUMIFS(Sheet1!$F:$F,Sheet1!$A:$A,$K55,Sheet1!$C:$C,AJ$17) -> 0 | AK55: =SUMIFS(Sheet1!$F:$F,Sheet1!$A:$A,$K55,Sheet1!$C:$C,AK$17) -> 0 | AL55: =IFERROR((AK55-AJ55)/AJ55,"") | AM55: =SUMIFS(Sheet1!$F:$F,Sheet1!$A:$A,$K55,Sheet1!$C:$C,AM$17) -> 0 | AN55: =SUMIFS(Sheet1!$F:$F,Sheet1!$A:$A,$K55,Sheet1!$C:$C,AN$17) -> 0 | AO55: =IFERROR((AN55-AM55)/AM55,"") | AP55: =SUMIFS(Sheet1!$F:$F,Sheet1!$A:$A,$K55,Sheet1!$C:$C,AP$17) -> 0 | AQ55: =SUMIFS(Sheet1!$F:$F,Sheet1!$A:$A,$K55,Sheet1!$C:$C,AQ$17) -> 0 | AR55: =IFERROR((AQ55-AP55)/AP55,"") | AS55: =SUMIFS(Sheet1!$F:$F,Sheet1!$A:$A,$K55,Sheet1!$C:$C,AS$17) -> 0 | AT55: =SUMIFS(Sheet1!$F:$F,Sheet1!$A:$A,$K55,Sheet1!$C:$C,AT$17) -> 0 | AU55: =IFERROR((AT55-AS55)/AS55,"")
O56: =SUMIFS(Sheet1!$F:$F,Sheet1!$A:$A,$K56,Sheet1!$C:$C,O$17) -> 0 | P56: =SUMIFS(Sheet1!$F:$F,Sheet1!$A:$A,$K56,Sheet1!$C:$C,P$17) -> 0 | Q56: =IFERROR((P56-O56)/O56,"") | R56: =SUMIFS(Sheet1!$F:$F,Sheet1!$A:$A,$K56,Sheet1!$C:$C,R$17) -> 0 | S56: =SUMIFS(Sheet1!$F:$F,Sheet1!$A:$A,$K56,Sheet1!$C:$C,S$17) -> 0 | T56: =IFERROR((S56-R56)/R56,"") | U56: =SUMIFS(Sheet1!$F:$F,Sheet1!$A:$A,$K56,Sheet1!$C:$C,U$17) -> 0 | V56: =SUMIFS(Sheet1!$F:$F,Sheet1!$A:$A,$K56,Sheet1!$C:$C,V$17) -> 0 | W56: =IFERROR((V56-U56)/U56,"") | X56: =SUMIFS(Sheet1!$F:$F,Sheet1!$A:$A,$K56,Sheet1!$C:$C,X$17) -> 0 | Y56: =SUMIFS(Sheet1!$F:$F,Sheet1!$A:$A,$K56,Sheet1!$C:$C,Y$17) -> 0 | Z56: =IFERROR((Y56-X56)/X56,"") | AA56: =SUMIFS(Sheet1!$F:$F,Sheet1!$A:$A,$K56,Sheet1!$C:$C,AA$17) -> 0 | AB56: =SUMIFS(Sheet1!$F:$F,Sheet1!$A:$A,$K56,Sheet1!$C:$C,AB$17) -> 0 | AC56: =IFERROR((AB56-AA56)/AA56,"") | AD56: =SUMIFS(Sheet1!$F:$F,Sheet1!$A:$A,$K56,Sheet1!$C:$C,AD$17) -> 0 | AE56: =SUMIFS(Sheet1!$F:$F,Sheet1!$A:$A,$K56,Sheet1!$C:$C,AE$17) -> 0 | AF56: =IFERROR((AE56-AD56)/AD56,"") | AG56: =SUMIFS(Sheet1!$F:$F,Sheet1!$A:$A,$K56,Sheet1!$C:$C,AG$17) -> 0 | AH56: =SUMIFS(Sheet1!$F:$F,Sheet1!$A:$A,$K56,Sheet1!$C:$C,AH$17) -> 0 | AI56: =IFERROR((AH56-AG56)/AG56,"") | AJ56: =SUMIFS(Sheet1!$F:$F,Sheet1!$A:$A,$K56,Sheet1!$C:$C,AJ$17) -> 0 | AK56: =SUMIFS(Sheet1!$F:$F,Sheet1!$A:$A,$K56,Sheet1!$C:$C,AK$17) -> 0 | AL56: =IFERROR((AK56-AJ56)/AJ56,"") | AM56: =SUMIFS(Sheet1!$F:$F,Sheet1!$A:$A,$K56,Sheet1!$C:$C,AM$17) -> 0 | AN56: =SUMIFS(Sheet1!$F:$F,Sheet1!$A:$A,$K56,Sheet1!$C:$C,AN$17) -> 0 | AO56: =IFERROR((AN56-AM56)/AM56,"") | AP56: =SUMIFS(Sheet1!$F:$F,Sheet1!$A:$A,$K56,Sheet1!$C:$C,AP$17) -> 0 | AQ56: =SUMIFS(Sheet1!$F:$F,Sheet1!$A:$A,$K56,Sheet1!$C:$C,AQ$17) -> 0 | AR56: =IFERROR((AQ56-AP56)/AP56,"") | AS56: =SUMIFS(Sheet1!$F:$F,Sheet1!$A:$A,$K56,Sheet1!$C:$C,AS$17) -> 0 | AT56: =SUMIFS(Sheet1!$F:$F,Sheet1!$A:$A,$K56,Sheet1!$C:$C,AT$17) -> 0 | AU56: =IFERROR((AT56-AS56)/AS56,"")
... O67: =SUMIFS(Sheet1!$F:$F,Sheet1!$A:$A,$K67,Sheet1!$C:$C,O$17) -> 0 | P67: =SUMIFS(Sheet1!$F:$F,Sheet1!$A:$A,$K67,Sheet1!$C:$C,P$17) -> 0 | Q67: =IFERROR((P67-O67)/O67,"") | R67: =SUMIFS(Sheet1!$F:$F,Sheet1!$A:$A,$K67,Sheet1!$C:$C,R$17) -> 0 | S67: =SUMIFS(Sheet1!$F:$F,Sheet1!$A:$A,$K67,Sheet1!$C:$C,S$17) -> 0 | T67: =IFERROR((S67-R67)/R67,"") | U67: =SUMIFS(Sheet1!$F:$F,Sheet1!$A:$A,$K67,Sheet1!$C:$C,U$17) -> 0 | V67: =SUMIFS(Sheet1!$F:$F,Sheet1!$A:$A,$K67,Sheet1!$C:$C,V$17) -> 0 | W67: =IFERROR((V67-U67)/U67,"") | X67: =SUMIFS(Sheet1!$F:$F,Sheet1!$A:$A,$K67,Sheet1!$C:$C,X$17) -> 0 | Y67: =SUMIFS(Sheet1!$F:$F,Sheet1!$A:$A,$K67,Sheet1!$C:$C,Y$17) -> 0 | Z67: =IFERROR((Y67-X67)/X67,"") | AA67: =SUMIFS(Sheet1!$F:$F,Sheet1!$A:$A,$K67,Sheet1!$C:$C,AA$17) -> 0 | AB67: =SUMIFS(Sheet1!$F:$F,Sheet1!$A:$A,$K67,Sheet1!$C:$C,AB$17) -> 0 | AC67: =IFERROR((AB67-AA67)/AA67,"") | AD67: =SUMIFS(Sheet1!$F:$F,Sheet1!$A:$A,$K67,Sheet1!$C:$C,AD$17) -> 0 | AE67: =SUMIFS(Sheet1!$F:$F,Sheet1!$A:$A,$K67,Sheet1!$C:$C,AE$17) -> 0 | AF67: =IFERROR((AE67-AD67)/AD67,"") | AG67: =SUMIFS(Sheet1!$F:$F,Sheet1!$A:$A,$K67,Sheet1!$C:$C,AG$17) -> 0 | AH67: =SUMIFS(Sheet1!$F:$F,Sheet1!$A:$A,$K67,Sheet1!$C:$C,AH$17) -> 0 | AI67: =IFERROR((AH67-AG67)/AG67,"") | AJ67: =SUMIFS(Sheet1!$F:$F,Sheet1!$A:$A,$K67,Sheet1!$C:$C,AJ$17) -> 0 | AK67: =SUMIFS(Sheet1!$F:$F,Sheet1!$A:$A,$K67,Sheet1!$C:$C,AK$17) -> 0 | AL67: =IFERROR((AK67-AJ67)/AJ67,"") | AM67: =SUMIFS(Sheet1!$F:$F,Sheet1!$A:$A,$K67,Sheet1!$C:$C,AM$17) -> 0 | AN67: =SUMIFS(Sheet1!$F:$F,Sheet1!$A:$A,$K67,Sheet1!$C:$C,AN$17) -> 0 | AO67: =IFERROR((AN67-AM67)/AM67,"") | AP67: =SUMIFS(Sheet1!$F:$F,Sheet1!$A:$A,$K67,Sheet1!$C:$C,AP$17) -> 0 | AQ67: =SUMIFS(Sheet1!$F:$F,Sheet1!$A:$A,$K67,Sheet1!$C:$C,AQ$17) -> 0 | AR67: =IFERROR((AQ67-AP67)/AP67,"") | AS67: =SUMIFS(Sheet1!$F:$F,Sheet1!$A:$A,$K67,Sheet1!$C:$C,AS$17) -> 0 | AT67: =SUMIFS(Sheet1!$F:$F,Sheet1!$A:$A,$K67,Sheet1!$C:$C,AT$17) -> 0 | AU67: =IFERROR((AT67-AS67)/AS67,"")

Sheet Report 7
C1: =A2 -> UP ( A )
A2: UP ( A ) | B2: FY-2026-27 | C2: =B2 -> FY-2026-27
C3: =Sheet1!L1 -> ANANT SINGH | E3: =SUM(E5:E28) -> 13045514 | F3: =IFERROR(__xludf.DUMMYFUNCTION("TRANSPOSE(QUERY(Sheet1!A1:O1000,""SELECT SUM(H),M WHERE K CONTAINS '""&A2&""' AND N CONTAINS '""&B2&""' GROUP BY M ORDER BY SUM(H) DESC LABEL SUM(H) '' FORMAT SUM(H) '##' ""))"),7041704.749999999) -> 7041704.8 | G3: =IFERROR(__xludf.DUMMYFUNCTION("""COMPUTED_VALUE"""),3610194.6199999996) -> 3610194.6 | H3: =IFERROR(__xludf.DUMMYFUNCTION("""COMPUTED_VALUE"""),840406.0) -> 840406 | I3: =IFERROR(__xludf.DUMMYFUNCTION("""COMPUTED_VALUE"""),817241.0) -> 817241 | J3: =IFERROR(__xludf.DUMMYFUNCTION("""COMPUTED_VALUE"""),550735.0) -> 550735 | K3: =IFERROR(__xludf.DUMMYFUNCTION("""COMPUTED_VALUE"""),185233.0) -> 185233
C4: Station | D4: =IFERROR(__xludf.DUMMYFUNCTION("QUERY(Sheet1!A1:N1000,""SELECT C,SUM(H) WHERE K CONTAINS '""&A2&""' AND N CONTAINS '""&B2&""' GROUP BY C ORDER BY SUM(H) DESC LABEL C 'Party Name',SUM(H) 'Sale Value' FORMAT SUM(H) '##'"")"),"Party Name") -> Party Name | E4: =IFERROR(__xludf.DUMMYFUNCTION("""COMPUTED_VALUE"""),"Sale Value") -> Sale Value | F4: =IFERROR(__xludf.DUMMYFUNCTION("""COMPUTED_VALUE"""),"PLUMBING GROUP") -> PLUMBING GROUP | G4: =IFERROR(__xludf.DUMMYFUNCTION("""COMPUTED_VALUE"""),"PTMT GROUP") -> PTMT GROUP | H4: =IFERROR(__xludf.DUMMYFUNCTION("""COMPUTED_VALUE"""),"C P GROUP ") -> C P GROUP | I4: =IFERROR(__xludf.DUMMYFUNCTION("""COMPUTED_VALUE"""),"SANITARYWARE GROUP") -> SANITARYWARE GROUP | J4: =IFERROR(__xludf.DUMMYFUNCTION("""COMPUTED_VALUE"""),"WATER TANK GROUP ") -> WATER TANK GROUP | K4: =IFERROR(__xludf.DUMMYFUNCTION("""COMPUTED_VALUE"""),"SINK GROUP") -> SINK GROUP
C5: {=if(D5:D1000="","",VLOOKUP(D5:D1000,Sheet1!C1:J1000,8,0))} -> MATHURA | D5: =IFERROR(__xludf.DUMMYFUNCTION("""COMPUTED_VALUE"""),"NITIN TRADERS") -> NITIN TRADERS | E5: =IFERROR(__xludf.DUMMYFUNCTION("""COMPUTED_VALUE"""),3037012.0) -> 3037012 | F5: =sumifs(Sheet1!$H:$H,Sheet1!$C:$C,$D5,Sheet1!$N:$N,$B$2,Sheet1!$M:$M,F$4) -> 2716095 | G5: =sumifs(Sheet1!$H:$H,Sheet1!$C:$C,$D5,Sheet1!$N:$N,$B$2,Sheet1!$M:$M,G$4) -> 0 | H5: =sumifs(Sheet1!$H:$H,Sheet1!$C:$C,$D5,Sheet1!$N:$N,$B$2,Sheet1!$M:$M,H$4) -> 0 | I5: =sumifs(Sheet1!$H:$H,Sheet1!$C:$C,$D5,Sheet1!$N:$N,$B$2,Sheet1!$M:$M,I$4) -> 0 | J5: =sumifs(Sheet1!$H:$H,Sheet1!$C:$C,$D5,Sheet1!$N:$N,$B$2,Sheet1!$M:$M,J$4) -> 320917 | K5: =sumifs(Sheet1!$H:$H,Sheet1!$C:$C,$D5,Sheet1!$N:$N,$B$2,Sheet1!$M:$M,K$4) -> 0 | L5: =sumifs(Sheet1!$H:$H,Sheet1!$C:$C,$D5,Sheet1!$N:$N,$B$2,Sheet1!$M:$M,L$4) -> 0 | M5: =sumifs(Sheet1!$H:$H,Sheet1!$C:$C,$D5,Sheet1!$N:$N,$B$2,Sheet1!$M:$M,M$4) -> 0 | ... O5: =sumifs(Sheet1!$H:$H,Sheet1!$C:$C,$D5,Sheet1!$N:$N,$B$2,Sheet1!$M:$M,O$4) -> 0
C6: Aligarh | D6: =IFERROR(__xludf.DUMMYFUNCTION("""COMPUTED_VALUE"""),"Vidhya Sales") -> Vidhya Sales | E6: =IFERROR(__xludf.DUMMYFUNCTION("""COMPUTED_VALUE"""),2530306.41) -> 2530306.4 | F6: =sumifs(Sheet1!$H:$H,Sheet1!$C:$C,$D6,Sheet1!$N:$N,$B$2,Sheet1!$M:$M,F$4) -> 1643336.6 | G6: =sumifs(Sheet1!$H:$H,Sheet1!$C:$C,$D6,Sheet1!$N:$N,$B$2,Sheet1!$M:$M,G$4) -> 142593.86 | H6: =sumifs(Sheet1!$H:$H,Sheet1!$C:$C,$D6,Sheet1!$N:$N,$B$2,Sheet1!$M:$M,H$4) -> 218207 | I6: =sumifs(Sheet1!$H:$H,Sheet1!$C:$C,$D6,Sheet1!$N:$N,$B$2,Sheet1!$M:$M,I$4) -> 526169 | J6: =sumifs(Sheet1!$H:$H,Sheet1!$C:$C,$D6,Sheet1!$N:$N,$B$2,Sheet1!$M:$M,J$4) -> 0 | K6: =sumifs(Sheet1!$H:$H,Sheet1!$C:$C,$D6,Sheet1!$N:$N,$B$2,Sheet1!$M:$M,K$4) -> 0 | L6: =sumifs(Sheet1!$H:$H,Sheet1!$C:$C,$D6,Sheet1!$N:$N,$B$2,Sheet1!$M:$M,L$4) -> 0 | M6: =sumifs(Sheet1!$H:$H,Sheet1!$C:$C,$D6,Sheet1!$N:$N,$B$2,Sheet1!$M:$M,M$4) -> 0 | ... O6: =sumifs(Sheet1!$H:$H,Sheet1!$C:$C,$D6,Sheet1!$N:$N,$B$2,Sheet1!$M:$M,O$4) -> 0
C7: SAHIBABAD | D7: =IFERROR(__xludf.DUMMYFUNCTION("""COMPUTED_VALUE"""),"LOHIA & SONS (GHAZIABAD)") -> LOHIA & SONS (GHAZIABAD) | E7: =IFERROR(__xludf.DUMMYFUNCTION("""COMPUTED_VALUE"""),2515196.0) -> 2515196 | F7: =sumifs(Sheet1!$H:$H,Sheet1!$C:$C,$D7,Sheet1!$N:$N,$B$2,Sheet1!$M:$M,F$4) -> 81509 | G7: =sumifs(Sheet1!$H:$H,Sheet1!$C:$C,$D7,Sheet1!$N:$N,$B$2,Sheet1!$M:$M,G$4) -> 1577263 | H7: =sumifs(Sheet1!$H:$H,Sheet1!$C:$C,$D7,Sheet1!$N:$N,$B$2,Sheet1!$M:$M,H$4) -> 452059 | I7: =sumifs(Sheet1!$H:$H,Sheet1!$C:$C,$D7,Sheet1!$N:$N,$B$2,Sheet1!$M:$M,I$4) -> 0 | J7: =sumifs(Sheet1!$H:$H,Sheet1!$C:$C,$D7,Sheet1!$N:$N,$B$2,Sheet1!$M:$M,J$4) -> 229818 | K7: =sumifs(Sheet1!$H:$H,Sheet1!$C:$C,$D7,Sheet1!$N:$N,$B$2,Sheet1!$M:$M,K$4) -> 174547 | L7: =sumifs(Sheet1!$H:$H,Sheet1!$C:$C,$D7,Sheet1!$N:$N,$B$2,Sheet1!$M:$M,L$4) -> 0 | M7: =sumifs(Sheet1!$H:$H,Sheet1!$C:$C,$D7,Sheet1!$N:$N,$B$2,Sheet1!$M:$M,M$4) -> 0 | ... O7: =sumifs(Sheet1!$H:$H,Sheet1!$C:$C,$D7,Sheet1!$N:$N,$B$2,Sheet1!$M:$M,O$4) -> 0
C8: MORADABAD | D8: =IFERROR(__xludf.DUMMYFUNCTION("""COMPUTED_VALUE"""),"AVANTI SALES & AGENCIES(MORADABAD)") -> AVANTI SALES & AGENCIES(MORADABAD) | E8: =IFERROR(__xludf.DUMMYFUNCTION("""COMPUTED_VALUE"""),2333239.2) -> 2333239.2 | F8: =sumifs(Sheet1!$H:$H,Sheet1!$C:$C,$D8,Sheet1!$N:$N,$B$2,Sheet1!$M:$M,F$4) -> 2225727.2 | G8: =sumifs(Sheet1!$H:$H,Sheet1!$C:$C,$D8,Sheet1!$N:$N,$B$2,Sheet1!$M:$M,G$4) -> 81732 | H8: =sumifs(Sheet1!$H:$H,Sheet1!$C:$C,$D8,Sheet1!$N:$N,$B$2,Sheet1!$M:$M,H$4) -> 15094 | I8: =sumifs(Sheet1!$H:$H,Sheet1!$C:$C,$D8,Sheet1!$N:$N,$B$2,Sheet1!$M:$M,I$4) -> 0 | J8: =sumifs(Sheet1!$H:$H,Sheet1!$C:$C,$D8,Sheet1!$N:$N,$B$2,Sheet1!$M:$M,J$4) -> 0 | K8: =sumifs(Sheet1!$H:$H,Sheet1!$C:$C,$D8,Sheet1!$N:$N,$B$2,Sheet1!$M:$M,K$4) -> 10686 | L8: =sumifs(Sheet1!$H:$H,Sheet1!$C:$C,$D8,Sheet1!$N:$N,$B$2,Sheet1!$M:$M,L$4) -> 0 | M8: =sumifs(Sheet1!$H:$H,Sheet1!$C:$C,$D8,Sheet1!$N:$N,$B$2,Sheet1!$M:$M,M$4) -> 0 | ... O8: =sumifs(Sheet1!$H:$H,Sheet1!$C:$C,$D8,Sheet1!$N:$N,$B$2,Sheet1!$M:$M,O$4) -> 0
C9: MEERUT | D9: =IFERROR(__xludf.DUMMYFUNCTION("""COMPUTED_VALUE"""),"SUNITA ENTERPRISES") -> SUNITA ENTERPRISES | E9: =IFERROR(__xludf.DUMMYFUNCTION("""COMPUTED_VALUE"""),1554643.7599999998) -> 1554643.8 | F9: =sumifs(Sheet1!$H:$H,Sheet1!$C:$C,$D9,Sheet1!$N:$N,$B$2,Sheet1!$M:$M,F$4) -> 212581 | G9: =sumifs(Sheet1!$H:$H,Sheet1!$C:$C,$D9,Sheet1!$N:$N,$B$2,Sheet1!$M:$M,G$4) -> 1210479.8 | H9: =sumifs(Sheet1!$H:$H,Sheet1!$C:$C,$D9,Sheet1!$N:$N,$B$2,Sheet1!$M:$M,H$4) -> 131583 | I9: =sumifs(Sheet1!$H:$H,Sheet1!$C:$C,$D9,Sheet1!$N:$N,$B$2,Sheet1!$M:$M,I$4) -> 0 | J9: =sumifs(Sheet1!$H:$H,Sheet1!$C:$C,$D9,Sheet1!$N:$N,$B$2,Sheet1!$M:$M,J$4) -> 0 | K9: =sumifs(Sheet1!$H:$H,Sheet1!$C:$C,$D9,Sheet1!$N:$N,$B$2,Sheet1!$M:$M,K$4) -> 0 | L9: =sumifs(Sheet1!$H:$H,Sheet1!$C:$C,$D9,Sheet1!$N:$N,$B$2,Sheet1!$M:$M,L$4) -> 0 | M9: =sumifs(Sheet1!$H:$H,Sheet1!$C:$C,$D9,Sheet1!$N:$N,$B$2,Sheet1!$M:$M,M$4) -> 0 | ... O9: =sumifs(Sheet1!$H:$H,Sheet1!$C:$C,$D9,Sheet1!$N:$N,$B$2,Sheet1!$M:$M,O$4) -> 0
C10: MATHURA | D10: =IFERROR(__xludf.DUMMYFUNCTION("""COMPUTED_VALUE"""),"HARSH TRADING COMPANY") -> HARSH TRADING COMPANY | E10: =IFERROR(__xludf.DUMMYFUNCTION("""COMPUTED_VALUE"""),373800.0) -> 373800 | F10: =sumifs(Sheet1!$H:$H,Sheet1!$C:$C,$D10,Sheet1!$N:$N,$B$2,Sheet1!$M:$M,F$4) -> 0 | G10: =sumifs(Sheet1!$H:$H,Sheet1!$C:$C,$D10,Sheet1!$N:$N,$B$2,Sheet1!$M:$M,G$4) -> 350337 | H10: =sumifs(Sheet1!$H:$H,Sheet1!$C:$C,$D10,Sheet1!$N:$N,$B$2,Sheet1!$M:$M,H$4) -> 23463 | I10: =sumifs(Sheet1!$H:$H,Sheet1!$C:$C,$D10,Sheet1!$N:$N,$B$2,Sheet1!$M:$M,I$4) -> 0 | J10: =sumifs(Sheet1!$H:$H,Sheet1!$C:$C,$D10,Sheet1!$N:$N,$B$2,Sheet1!$M:$M,J$4) -> 0 | K10: =sumifs(Sheet1!$H:$H,Sheet1!$C:$C,$D10,Sheet1!$N:$N,$B$2,Sheet1!$M:$M,K$4) -> 0 | L10: =sumifs(Sheet1!$H:$H,Sheet1!$C:$C,$D10,Sheet1!$N:$N,$B$2,Sheet1!$M:$M,L$4) -> 0 | M10: =sumifs(Sheet1!$H:$H,Sheet1!$C:$C,$D10,Sheet1!$N:$N,$B$2,Sheet1!$M:$M,M$4) -> 0 | ... O10: =sumifs(Sheet1!$H:$H,Sheet1!$C:$C,$D10,Sheet1!$N:$N,$B$2,Sheet1!$M:$M,O$4) -> 0
C11: GHAZIABAD | D11: =IFERROR(__xludf.DUMMYFUNCTION("""COMPUTED_VALUE"""),"MANSI TRADING COMPANY(UP)") -> MANSI TRADING COMPANY(UP) | E11: =IFERROR(__xludf.DUMMYFUNCTION("""COMPUTED_VALUE"""),291072.0) -> 291072 | F11: =sumifs(Sheet1!$H:$H,Sheet1!$C:$C,$D11,Sheet1!$N:$N,$B$2,Sheet1!$M:$M,F$4) -> 0 | G11: =sumifs(Sheet1!$H:$H,Sheet1!$C:$C,$D11,Sheet1!$N:$N,$B$2,Sheet1!$M:$M,G$4) -> 0 | H11: =sumifs(Sheet1!$H:$H,Sheet1!$C:$C,$D11,Sheet1!$N:$N,$B$2,Sheet1!$M:$M,H$4) -> 0 | I11: =sumifs(Sheet1!$H:$H,Sheet1!$C:$C,$D11,Sheet1!$N:$N,$B$2,Sheet1!$M:$M,I$4) -> 291072 | J11: =sumifs(Sheet1!$H:$H,Sheet1!$C:$C,$D11,Sheet1!$N:$N,$B$2,Sheet1!$M:$M,J$4) -> 0 | K11: =sumifs(Sheet1!$H:$H,Sheet1!$C:$C,$D11,Sheet1!$N:$N,$B$2,Sheet1!$M:$M,K$4) -> 0 | L11: =sumifs(Sheet1!$H:$H,Sheet1!$C:$C,$D11,Sheet1!$N:$N,$B$2,Sheet1!$M:$M,L$4) -> 0 | M11: =sumifs(Sheet1!$H:$H,Sheet1!$C:$C,$D11,Sheet1!$N:$N,$B$2,Sheet1!$M:$M,M$4) -> 0 | ... O11: =sumifs(Sheet1!$H:$H,Sheet1!$C:$C,$D11,Sheet1!$N:$N,$B$2,Sheet1!$M:$M,O$4) -> 0
C12: Agra | D12: =IFERROR(__xludf.DUMMYFUNCTION("""COMPUTED_VALUE"""),"VINOD TRADERS") -> VINOD TRADERS | E12: =IFERROR(__xludf.DUMMYFUNCTION("""COMPUTED_VALUE"""),238481.0) -> 238481 | F12: =sumifs(Sheet1!$H:$H,Sheet1!$C:$C,$D12,Sheet1!$N:$N,$B$2,Sheet1!$M:$M,F$4) -> 68190 | G12: =sumifs(Sheet1!$H:$H,Sheet1!$C:$C,$D12,Sheet1!$N:$N,$B$2,Sheet1!$M:$M,G$4) -> 170291 | H12: =sumifs(Sheet1!$H:$H,Sheet1!$C:$C,$D12,Sheet1!$N:$N,$B$2,Sheet1!$M:$M,H$4) -> 0 | I12: =sumifs(Sheet1!$H:$H,Sheet1!$C:$C,$D12,Sheet1!$N:$N,$B$2,Sheet1!$M:$M,I$4) -> 0 | J12: =sumifs(Sheet1!$H:$H,Sheet1!$C:$C,$D12,Sheet1!$N:$N,$B$2,Sheet1!$M:$M,J$4) -> 0 | K12: =sumifs(Sheet1!$H:$H,Sheet1!$C:$C,$D12,Sheet1!$N:$N,$B$2,Sheet1!$M:$M,K$4) -> 0 | L12: =sumifs(Sheet1!$H:$H,Sheet1!$C:$C,$D12,Sheet1!$N:$N,$B$2,Sheet1!$M:$M,L$4) -> 0 | M12: =sumifs(Sheet1!$H:$H,Sheet1!$C:$C,$D12,Sheet1!$N:$N,$B$2,Sheet1!$M:$M,M$4) -> 0 | ... O12: =sumifs(Sheet1!$H:$H,Sheet1!$C:$C,$D12,Sheet1!$N:$N,$B$2,Sheet1!$M:$M,O$4) -> 0
C13: GHAZIABAD | D13: =IFERROR(__xludf.DUMMYFUNCTION("""COMPUTED_VALUE"""),"AMAN TRADERS") -> AMAN TRADERS | E13: =IFERROR(__xludf.DUMMYFUNCTION("""COMPUTED_VALUE"""),171764.0) -> 171764 | F13: =sumifs(Sheet1!$H:$H,Sheet1!$C:$C,$D13,Sheet1!$N:$N,$B$2,Sheet1!$M:$M,F$4) -> 94266 | G13: =sumifs(Sheet1!$H:$H,Sheet1!$C:$C,$D13,Sheet1!$N:$N,$B$2,Sheet1!$M:$M,G$4) -> 77498 | H13: =sumifs(Sheet1!$H:$H,Sheet1!$C:$C,$D13,Sheet1!$N:$N,$B$2,Sheet1!$M:$M,H$4) -> 0 | I13: =sumifs(Sheet1!$H:$H,Sheet1!$C:$C,$D13,Sheet1!$N:$N,$B$2,Sheet1!$M:$M,I$4) -> 0 | J13: =sumifs(Sheet1!$H:$H,Sheet1!$C:$C,$D13,Sheet1!$N:$N,$B$2,Sheet1!$M:$M,J$4) -> 0 | K13: =sumifs(Sheet1!$H:$H,Sheet1!$C:$C,$D13,Sheet1!$N:$N,$B$2,Sheet1!$M:$M,K$4) -> 0 | L13: =sumifs(Sheet1!$H:$H,Sheet1!$C:$C,$D13,Sheet1!$N:$N,$B$2,Sheet1!$M:$M,L$4) -> 0 | M13: =sumifs(Sheet1!$H:$H,Sheet1!$C:$C,$D13,Sheet1!$N:$N,$B$2,Sheet1!$M:$M,M$4) -> 0 | ... O13: =sumifs(Sheet1!$H:$H,Sheet1!$C:$C,$D13,Sheet1!$N:$N,$B$2,Sheet1!$M:$M,O$4) -> 0
F14: =sumifs(Sheet1!$H:$H,Sheet1!$C:$C,$D14,Sheet1!$N:$N,$B$2,Sheet1!$M:$M,F$4) -> 0 | G14: =sumifs(Sheet1!$H:$H,Sheet1!$C:$C,$D14,Sheet1!$N:$N,$B$2,Sheet1!$M:$M,G$4) -> 0 | H14: =sumifs(Sheet1!$H:$H,Sheet1!$C:$C,$D14,Sheet1!$N:$N,$B$2,Sheet1!$M:$M,H$4) -> 0 | I14: =sumifs(Sheet1!$H:$H,Sheet1!$C:$C,$D14,Sheet1!$N:$N,$B$2,Sheet1!$M:$M,I$4) -> 0 | J14: =sumifs(Sheet1!$H:$H,Sheet1!$C:$C,$D14,Sheet1!$N:$N,$B$2,Sheet1!$M:$M,J$4) -> 0 | K14: =sumifs(Sheet1!$H:$H,Sheet1!$C:$C,$D14,Sheet1!$N:$N,$B$2,Sheet1!$M:$M,K$4) -> 0 | L14: =sumifs(Sheet1!$H:$H,Sheet1!$C:$C,$D14,Sheet1!$N:$N,$B$2,Sheet1!$M:$M,L$4) -> 0 | M14: =sumifs(Sheet1!$H:$H,Sheet1!$C:$C,$D14,Sheet1!$N:$N,$B$2,Sheet1!$M:$M,M$4) -> 0 | ... O14: =sumifs(Sheet1!$H:$H,Sheet1!$C:$C,$D14,Sheet1!$N:$N,$B$2,Sheet1!$M:$M,O$4) -> 0
F15: =sumifs(Sheet1!$H:$H,Sheet1!$C:$C,$D15,Sheet1!$N:$N,$B$2,Sheet1!$M:$M,F$4) -> 0 | G15: =sumifs(Sheet1!$H:$H,Sheet1!$C:$C,$D15,Sheet1!$N:$N,$B$2,Sheet1!$M:$M,G$4) -> 0 | H15: =sumifs(Sheet1!$H:$H,Sheet1!$C:$C,$D15,Sheet1!$N:$N,$B$2,Sheet1!$M:$M,H$4) -> 0 | I15: =sumifs(Sheet1!$H:$H,Sheet1!$C:$C,$D15,Sheet1!$N:$N,$B$2,Sheet1!$M:$M,I$4) -> 0 | J15: =sumifs(Sheet1!$H:$H,Sheet1!$C:$C,$D15,Sheet1!$N:$N,$B$2,Sheet1!$M:$M,J$4) -> 0 | K15: =sumifs(Sheet1!$H:$H,Sheet1!$C:$C,$D15,Sheet1!$N:$N,$B$2,Sheet1!$M:$M,K$4) -> 0 | L15: =sumifs(Sheet1!$H:$H,Sheet1!$C:$C,$D15,Sheet1!$N:$N,$B$2,Sheet1!$M:$M,L$4) -> 0 | M15: =sumifs(Sheet1!$H:$H,Sheet1!$C:$C,$D15,Sheet1!$N:$N,$B$2,Sheet1!$M:$M,M$4) -> 0 | ... O15: =sumifs(Sheet1!$H:$H,Sheet1!$C:$C,$D15,Sheet1!$N:$N,$B$2,Sheet1!$M:$M,O$4) -> 0
F16: =sumifs(Sheet1!$H:$H,Sheet1!$C:$C,$D16,Sheet1!$N:$N,$B$2,Sheet1!$M:$M,F$4) -> 0 | G16: =sumifs(Sheet1!$H:$H,Sheet1!$C:$C,$D16,Sheet1!$N:$N,$B$2,Sheet1!$M:$M,G$4) -> 0 | H16: =sumifs(Sheet1!$H:$H,Sheet1!$C:$C,$D16,Sheet1!$N:$N,$B$2,Sheet1!$M:$M,H$4) -> 0 | I16: =sumifs(Sheet1!$H:$H,Sheet1!$C:$C,$D16,Sheet1!$N:$N,$B$2,Sheet1!$M:$M,I$4) -> 0 | J16: =sumifs(Sheet1!$H:$H,Sheet1!$C:$C,$D16,Sheet1!$N:$N,$B$2,Sheet1!$M:$M,J$4) -> 0 | K16: =sumifs(Sheet1!$H:$H,Sheet1!$C:$C,$D16,Sheet1!$N:$N,$B$2,Sheet1!$M:$M,K$4) -> 0 | L16: =sumifs(Sheet1!$H:$H,Sheet1!$C:$C,$D16,Sheet1!$N:$N,$B$2,Sheet1!$M:$M,L$4) -> 0 | M16: =sumifs(Sheet1!$H:$H,Sheet1!$C:$C,$D16,Sheet1!$N:$N,$B$2,Sheet1!$M:$M,M$4) -> 0 | ... O16: =sumifs(Sheet1!$H:$H,Sheet1!$C:$C,$D16,Sheet1!$N:$N,$B$2,Sheet1!$M:$M,O$4) -> 0
F17: =sumifs(Sheet1!$H:$H,Sheet1!$C:$C,$D17,Sheet1!$N:$N,$B$2,Sheet1!$M:$M,F$4) -> 0 | G17: =sumifs(Sheet1!$H:$H,Sheet1!$C:$C,$D17,Sheet1!$N:$N,$B$2,Sheet1!$M:$M,G$4) -> 0 | H17: =sumifs(Sheet1!$H:$H,Sheet1!$C:$C,$D17,Sheet1!$N:$N,$B$2,Sheet1!$M:$M,H$4) -> 0 | I17: =sumifs(Sheet1!$H:$H,Sheet1!$C:$C,$D17,Sheet1!$N:$N,$B$2,Sheet1!$M:$M,I$4) -> 0 | J17: =sumifs(Sheet1!$H:$H,Sheet1!$C:$C,$D17,Sheet1!$N:$N,$B$2,Sheet1!$M:$M,J$4) -> 0 | K17: =sumifs(Sheet1!$H:$H,Sheet1!$C:$C,$D17,Sheet1!$N:$N,$B$2,Sheet1!$M:$M,K$4) -> 0 | L17: =sumifs(Sheet1!$H:$H,Sheet1!$C:$C,$D17,Sheet1!$N:$N,$B$2,Sheet1!$M:$M,L$4) -> 0 | M17: =sumifs(Sheet1!$H:$H,Sheet1!$C:$C,$D17,Sheet1!$N:$N,$B$2,Sheet1!$M:$M,M$4) -> 0 | ... O17: =sumifs(Sheet1!$H:$H,Sheet1!$C:$C,$D17,Sheet1!$N:$N,$B$2,Sheet1!$M:$M,O$4) -> 0
F18: =sumifs(Sheet1!$H:$H,Sheet1!$C:$C,$D18,Sheet1!$N:$N,$B$2,Sheet1!$M:$M,F$4) -> 0 | G18: =sumifs(Sheet1!$H:$H,Sheet1!$C:$C,$D18,Sheet1!$N:$N,$B$2,Sheet1!$M:$M,G$4) -> 0 | H18: =sumifs(Sheet1!$H:$H,Sheet1!$C:$C,$D18,Sheet1!$N:$N,$B$2,Sheet1!$M:$M,H$4) -> 0 | I18: =sumifs(Sheet1!$H:$H,Sheet1!$C:$C,$D18,Sheet1!$N:$N,$B$2,Sheet1!$M:$M,I$4) -> 0 | J18: =sumifs(Sheet1!$H:$H,Sheet1!$C:$C,$D18,Sheet1!$N:$N,$B$2,Sheet1!$M:$M,J$4) -> 0 | K18: =sumifs(Sheet1!$H:$H,Sheet1!$C:$C,$D18,Sheet1!$N:$N,$B$2,Sheet1!$M:$M,K$4) -> 0 | L18: =sumifs(Sheet1!$H:$H,Sheet1!$C:$C,$D18,Sheet1!$N:$N,$B$2,Sheet1!$M:$M,L$4) -> 0 | M18: =sumifs(Sheet1!$H:$H,Sheet1!$C:$C,$D18,Sheet1!$N:$N,$B$2,Sheet1!$M:$M,M$4) -> 0 | ... O18: =sumifs(Sheet1!$H:$H,Sheet1!$C:$C,$D18,Sheet1!$N:$N,$B$2,Sheet1!$M:$M,O$4) -> 0
F19: =sumifs(Sheet1!$H:$H,Sheet1!$C:$C,$D19,Sheet1!$N:$N,$B$2,Sheet1!$M:$M,F$4) -> 0 | G19: =sumifs(Sheet1!$H:$H,Sheet1!$C:$C,$D19,Sheet1!$N:$N,$B$2,Sheet1!$M:$M,G$4) -> 0 | H19: =sumifs(Sheet1!$H:$H,Sheet1!$C:$C,$D19,Sheet1!$N:$N,$B$2,Sheet1!$M:$M,H$4) -> 0 | I19: =sumifs(Sheet1!$H:$H,Sheet1!$C:$C,$D19,Sheet1!$N:$N,$B$2,Sheet1!$M:$M,I$4) -> 0 | J19: =sumifs(Sheet1!$H:$H,Sheet1!$C:$C,$D19,Sheet1!$N:$N,$B$2,Sheet1!$M:$M,J$4) -> 0 | K19: =sumifs(Sheet1!$H:$H,Sheet1!$C:$C,$D19,Sheet1!$N:$N,$B$2,Sheet1!$M:$M,K$4) -> 0 | L19: =sumifs(Sheet1!$H:$H,Sheet1!$C:$C,$D19,Sheet1!$N:$N,$B$2,Sheet1!$M:$M,L$4) -> 0 | M19: =sumifs(Sheet1!$H:$H,Sheet1!$C:$C,$D19,Sheet1!$N:$N,$B$2,Sheet1!$M:$M,M$4) -> 0 | ... O19: =sumifs(Sheet1!$H:$H,Sheet1!$C:$C,$D19,Sheet1!$N:$N,$B$2,Sheet1!$M:$M,O$4) -> 0
F20: =sumifs(Sheet1!$H:$H,Sheet1!$C:$C,$D20,Sheet1!$N:$N,$B$2,Sheet1!$M:$M,F$4) -> 0 | G20: =sumifs(Sheet1!$H:$H,Sheet1!$C:$C,$D20,Sheet1!$N:$N,$B$2,Sheet1!$M:$M,G$4) -> 0 | H20: =sumifs(Sheet1!$H:$H,Sheet1!$C:$C,$D20,Sheet1!$N:$N,$B$2,Sheet1!$M:$M,H$4) -> 0 | I20: =sumifs(Sheet1!$H:$H,Sheet1!$C:$C,$D20,Sheet1!$N:$N,$B$2,Sheet1!$M:$M,I$4) -> 0 | J20: =sumifs(Sheet1!$H:$H,Sheet1!$C:$C,$D20,Sheet1!$N:$N,$B$2,Sheet1!$M:$M,J$4) -> 0 | K20: =sumifs(Sheet1!$H:$H,Sheet1!$C:$C,$D20,Sheet1!$N:$N,$B$2,Sheet1!$M:$M,K$4) -> 0 | L20: =sumifs(Sheet1!$H:$H,Sheet1!$C:$C,$D20,Sheet1!$N:$N,$B$2,Sheet1!$M:$M,L$4) -> 0 | M20: =sumifs(Sheet1!$H:$H,Sheet1!$C:$C,$D20,Sheet1!$N:$N,$B$2,Sheet1!$M:$M,M$4) -> 0 | ... O20: =sumifs(Sheet1!$H:$H,Sheet1!$C:$C,$D20,Sheet1!$N:$N,$B$2,Sheet1!$M:$M,O$4) -> 0
F21: =sumifs(Sheet1!$H:$H,Sheet1!$C:$C,$D21,Sheet1!$N:$N,$B$2,Sheet1!$M:$M,F$4) -> 0 | G21: =sumifs(Sheet1!$H:$H,Sheet1!$C:$C,$D21,Sheet1!$N:$N,$B$2,Sheet1!$M:$M,G$4) -> 0 | H21: =sumifs(Sheet1!$H:$H,Sheet1!$C:$C,$D21,Sheet1!$N:$N,$B$2,Sheet1!$M:$M,H$4) -> 0 | I21: =sumifs(Sheet1!$H:$H,Sheet1!$C:$C,$D21,Sheet1!$N:$N,$B$2,Sheet1!$M:$M,I$4) -> 0 | J21: =sumifs(Sheet1!$H:$H,Sheet1!$C:$C,$D21,Sheet1!$N:$N,$B$2,Sheet1!$M:$M,J$4) -> 0 | K21: =sumifs(Sheet1!$H:$H,Sheet1!$C:$C,$D21,Sheet1!$N:$N,$B$2,Sheet1!$M:$M,K$4) -> 0 | L21: =sumifs(Sheet1!$H:$H,Sheet1!$C:$C,$D21,Sheet1!$N:$N,$B$2,Sheet1!$M:$M,L$4) -> 0 | M21: =sumifs(Sheet1!$H:$H,Sheet1!$C:$C,$D21,Sheet1!$N:$N,$B$2,Sheet1!$M:$M,M$4) -> 0 | ... O21: =sumifs(Sheet1!$H:$H,Sheet1!$C:$C,$D21,Sheet1!$N:$N,$B$2,Sheet1!$M:$M,O$4) -> 0
F22: =sumifs(Sheet1!$H:$H,Sheet1!$C:$C,$D22,Sheet1!$N:$N,$B$2,Sheet1!$M:$M,F$4) -> 0 | G22: =sumifs(Sheet1!$H:$H,Sheet1!$C:$C,$D22,Sheet1!$N:$N,$B$2,Sheet1!$M:$M,G$4) -> 0 | H22: =sumifs(Sheet1!$H:$H,Sheet1!$C:$C,$D22,Sheet1!$N:$N,$B$2,Sheet1!$M:$M,H$4) -> 0 | I22: =sumifs(Sheet1!$H:$H,Sheet1!$C:$C,$D22,Sheet1!$N:$N,$B$2,Sheet1!$M:$M,I$4) -> 0 | J22: =sumifs(Sheet1!$H:$H,Sheet1!$C:$C,$D22,Sheet1!$N:$N,$B$2,Sheet1!$M:$M,J$4) -> 0 | K22: =sumifs(Sheet1!$H:$H,Sheet1!$C:$C,$D22,Sheet1!$N:$N,$B$2,Sheet1!$M:$M,K$4) -> 0 | L22: =sumifs(Sheet1!$H:$H,Sheet1!$C:$C,$D22,Sheet1!$N:$N,$B$2,Sheet1!$M:$M,L$4) -> 0 | M22: =sumifs(Sheet1!$H:$H,Sheet1!$C:$C,$D22,Sheet1!$N:$N,$B$2,Sheet1!$M:$M,M$4) -> 0 | ... O22: =sumifs(Sheet1!$H:$H,Sheet1!$C:$C,$D22,Sheet1!$N:$N,$B$2,Sheet1!$M:$M,O$4) -> 0
F23: =sumifs(Sheet1!$H:$H,Sheet1!$C:$C,$D23,Sheet1!$N:$N,$B$2,Sheet1!$M:$M,F$4) -> 0 | G23: =sumifs(Sheet1!$H:$H,Sheet1!$C:$C,$D23,Sheet1!$N:$N,$B$2,Sheet1!$M:$M,G$4) -> 0 | H23: =sumifs(Sheet1!$H:$H,Sheet1!$C:$C,$D23,Sheet1!$N:$N,$B$2,Sheet1!$M:$M,H$4) -> 0 | I23: =sumifs(Sheet1!$H:$H,Sheet1!$C:$C,$D23,Sheet1!$N:$N,$B$2,Sheet1!$M:$M,I$4) -> 0 | J23: =sumifs(Sheet1!$H:$H,Sheet1!$C:$C,$D23,Sheet1!$N:$N,$B$2,Sheet1!$M:$M,J$4) -> 0 | K23: =sumifs(Sheet1!$H:$H,Sheet1!$C:$C,$D23,Sheet1!$N:$N,$B$2,Sheet1!$M:$M,K$4) -> 0 | L23: =sumifs(Sheet1!$H:$H,Sheet1!$C:$C,$D23,Sheet1!$N:$N,$B$2,Sheet1!$M:$M,L$4) -> 0 | M23: =sumifs(Sheet1!$H:$H,Sheet1!$C:$C,$D23,Sheet1!$N:$N,$B$2,Sheet1!$M:$M,M$4) -> 0 | ... O23: =sumifs(Sheet1!$H:$H,Sheet1!$C:$C,$D23,Sheet1!$N:$N,$B$2,Sheet1!$M:$M,O$4) -> 0
F24: =sumifs(Sheet1!$H:$H,Sheet1!$C:$C,$D24,Sheet1!$N:$N,$B$2,Sheet1!$M:$M,F$4) -> 0 | G24: =sumifs(Sheet1!$H:$H,Sheet1!$C:$C,$D24,Sheet1!$N:$N,$B$2,Sheet1!$M:$M,G$4) -> 0 | H24: =sumifs(Sheet1!$H:$H,Sheet1!$C:$C,$D24,Sheet1!$N:$N,$B$2,Sheet1!$M:$M,H$4) -> 0 | I24: =sumifs(Sheet1!$H:$H,Sheet1!$C:$C,$D24,Sheet1!$N:$N,$B$2,Sheet1!$M:$M,I$4) -> 0 | J24: =sumifs(Sheet1!$H:$H,Sheet1!$C:$C,$D24,Sheet1!$N:$N,$B$2,Sheet1!$M:$M,J$4) -> 0 | K24: =sumifs(Sheet1!$H:$H,Sheet1!$C:$C,$D24,Sheet1!$N:$N,$B$2,Sheet1!$M:$M,K$4) -> 0 | L24: =sumifs(Sheet1!$H:$H,Sheet1!$C:$C,$D24,Sheet1!$N:$N,$B$2,Sheet1!$M:$M,L$4) -> 0 | M24: =sumifs(Sheet1!$H:$H,Sheet1!$C:$C,$D24,Sheet1!$N:$N,$B$2,Sheet1!$M:$M,M$4) -> 0 | ... O24: =sumifs(Sheet1!$H:$H,Sheet1!$C:$C,$D24,Sheet1!$N:$N,$B$2,Sheet1!$M:$M,O$4) -> 0
F25: =sumifs(Sheet1!$H:$H,Sheet1!$C:$C,$D25,Sheet1!$N:$N,$B$2,Sheet1!$M:$M,F$4) -> 0 | G25: =sumifs(Sheet1!$H:$H,Sheet1!$C:$C,$D25,Sheet1!$N:$N,$B$2,Sheet1!$M:$M,G$4) -> 0 | H25: =sumifs(Sheet1!$H:$H,Sheet1!$C:$C,$D25,Sheet1!$N:$N,$B$2,Sheet1!$M:$M,H$4) -> 0 | I25: =sumifs(Sheet1!$H:$H,Sheet1!$C:$C,$D25,Sheet1!$N:$N,$B$2,Sheet1!$M:$M,I$4) -> 0 | J25: =sumifs(Sheet1!$H:$H,Sheet1!$C:$C,$D25,Sheet1!$N:$N,$B$2,Sheet1!$M:$M,J$4) -> 0 | K25: =sumifs(Sheet1!$H:$H,Sheet1!$C:$C,$D25,Sheet1!$N:$N,$B$2,Sheet1!$M:$M,K$4) -> 0 | L25: =sumifs(Sheet1!$H:$H,Sheet1!$C:$C,$D25,Sheet1!$N:$N,$B$2,Sheet1!$M:$M,L$4) -> 0 | M25: =sumifs(Sheet1!$H:$H,Sheet1!$C:$C,$D25,Sheet1!$N:$N,$B$2,Sheet1!$M:$M,M$4) -> 0 | ... O25: =sumifs(Sheet1!$H:$H,Sheet1!$C:$C,$D25,Sheet1!$N:$N,$B$2,Sheet1!$M:$M,O$4) -> 0
... F28: =sumifs(Sheet1!$H:$H,Sheet1!$C:$C,$D28,Sheet1!$N:$N,$B$2,Sheet1!$M:$M,F$4) -> 0 | G28: =sumifs(Sheet1!$H:$H,Sheet1!$C:$C,$D28,Sheet1!$N:$N,$B$2,Sheet1!$M:$M,G$4) -> 0 | H28: =sumifs(Sheet1!$H:$H,Sheet1!$C:$C,$D28,Sheet1!$N:$N,$B$2,Sheet1!$M:$M,H$4) -> 0 | I28: =sumifs(Sheet1!$H:$H,Sheet1!$C:$C,$D28,Sheet1!$N:$N,$B$2,Sheet1!$M:$M,I$4) -> 0 | J28: =sumifs(Sheet1!$H:$H,Sheet1!$C:$C,$D28,Sheet1!$N:$N,$B$2,Sheet1!$M:$M,J$4) -> 0 | K28: =sumifs(Sheet1!$H:$H,Sheet1!$C:$C,$D28,Sheet1!$N:$N,$B$2,Sheet1!$M:$M,K$4) -> 0 | L28: =sumifs(Sheet1!$H:$H,Sheet1!$C:$C,$D28,Sheet1!$N:$N,$B$2,Sheet1!$M:$M,L$4) -> 0 | M28: =sumifs(Sheet1!$H:$H,Sheet1!$C:$C,$D28,Sheet1!$N:$N,$B$2,Sheet1!$M:$M,M$4) -> 0 | ... O28: =sumifs(Sheet1!$H:$H,Sheet1!$C:$C,$D28,Sheet1!$N:$N,$B$2,Sheet1!$M:$M,O$4) -> 0

Sheet Sheet10

Sheet Report3 A
B1: =A2 -> Uttarakhand
A2: Uttarakhand | B2: Grand Total | C2: =SUMIF($B$4:$B$61,"Total",C4:C61) -> 3198007.6 | D2: =SUMIF($B$4:$B$61,"Total",D4:D61) -> 6640766.7 | E2: =SUMIF($B$4:$B$61,"Total",E4:E61) -> 3442759 | F2: =(D2-C2)/C2 -> 1.0765325 | H2: =SUMIF($B$4:$B$61,"Total",H4:H61) -> 1
C3: FY-2025-26 | D3: FY-2026-27
B4: Ptmt Group | C4: Last Year Till This Month Sale | D4: This Year Till This Month Sale | E4: Difference | F4: Growth % | G4: Share % Group Wise | H4: Share %
B5: PTMT | C5: =SUMIFS(Sheet1!$H:$H,Sheet1!$I:$I,$B5,Sheet1!$K:$K,$A$2,Sheet1!$O:$O,C$3) -> 928783.88 | D5: =SUMIFS(Sheet1!$H:$H,Sheet1!$I:$I,$B5,Sheet1!$K:$K,$A$2,Sheet1!$O:$O,D$3) -> 1165257 | E5: =if(D5-C5=0,"",D5-C5) -> 236473.12 | F5: =IF(D5="","",(D5-C5)/C5) -> 0.25460511 | G5: =D5/D$12 -> 0.69502105 | H5: =D5/$D$2 -> 0.17547025
B6: CISTERN | C6: =SUMIFS(Sheet1!$H:$H,Sheet1!$I:$I,$B6,Sheet1!$K:$K,$A$2,Sheet1!$O:$O,C$3) -> 182545.84 | D6: =SUMIFS(Sheet1!$H:$H,Sheet1!$I:$I,$B6,Sheet1!$K:$K,$A$2,Sheet1!$O:$O,D$3) -> 170922 | E6: =if(D6-C6=0,"",D6-C6) -> -11623.84 | F6: =IF(D6="","",(D6-C6)/C6) -> -0.06367628 | G6: =D6/D$12 -> 0.10194694 | H6: =D6/$D$2 -> 0.025738293
B7: SEAT COVER | C7: =SUMIFS(Sheet1!$H:$H,Sheet1!$I:$I,$B7,Sheet1!$K:$K,$A$2,Sheet1!$O:$O,C$3) -> 25897.24 | D7: =SUMIFS(Sheet1!$H:$H,Sheet1!$I:$I,$B7,Sheet1!$K:$K,$A$2,Sheet1!$O:$O,D$3) -> 26905 | E7: =if(D7-C7=0,"",D7-C7) -> 1007.76 | F7: =IF(D7="","",(D7-C7)/C7) -> 0.038913799 | G7: =D7/D$12 -> 0.016047568 | H7: =D7/$D$2 -> 0.00405149
B8: CABINET | C8: =SUMIFS(Sheet1!$H:$H,Sheet1!$I:$I,$B8,Sheet1!$K:$K,$A$2,Sheet1!$O:$O,C$3) -> 17611.13 | D8: =SUMIFS(Sheet1!$H:$H,Sheet1!$I:$I,$B8,Sheet1!$K:$K,$A$2,Sheet1!$O:$O,D$3) -> 54141 | E8: =if(D8-C8=0,"",D8-C8) -> 36529.87 | F8: =IF(D8="","",(D8-C8)/C8) -> 2.0742491 | G8: =D8/D$12 -> 0.032292563 | H8: =D8/$D$2 -> 0.0081528237
B9: CONNECTION | C9: =SUMIFS(Sheet1!$H:$H,Sheet1!$I:$I,$B9,Sheet1!$K:$K,$A$2,Sheet1!$O:$O,C$3) -> 156423.74 | D9: =SUMIFS(Sheet1!$H:$H,Sheet1!$I:$I,$B9,Sheet1!$K:$K,$A$2,Sheet1!$O:$O,D$3) -> 146634 | E9: =if(D9-C9=0,"",D9-C9) -> -9789.74 | F9: =IF(D9="","",(D9-C9)/C9) -> -0.062584746 | G9: =D9/D$12 -> 0.087460291 | H9: =D9/$D$2 -> 0.022080884
B10: WASTE PIPE | C10: =SUMIFS(Sheet1!$H:$H,Sheet1!$I:$I,$B10,Sheet1!$K:$K,$A$2,Sheet1!$O:$O,C$3) -> 152376.05 | D10: =SUMIFS(Sheet1!$H:$H,Sheet1!$I:$I,$B10,Sheet1!$K:$K,$A$2,Sheet1!$O:$O,D$3) -> 112719 | E10: =if(D10-C10=0,"",D10-C10) -> -39657.05 | F10: =IF(D10="","",(D10-C10)/C10) -> -0.26025776 | G10: =D10/D$12 -> 0.067231587 | H10: =D10/$D$2 -> 0.016973793
B12: Total | C12: =IF(SUM(C5:C11)>0,SUM(C5:C11),"") -> 1463637.9 | D12: =IF(SUM(D5:D11)>0,SUM(D5:D11),"") -> 1676578 | E12: =D12-C12 -> 212940.12 | F12: =IF(D12="","",(D12-C12)/C12) -> 0.14548689 | G12: =IF(SUM(G5:G11)>0,SUM(G5:G11),"") -> 1 | H12: =D12/$D$2 -> 0.25246754
B14: CP Group | C14: Last Year Till This Month Sale | D14: This Year Till This Month Sale | E14: Difference | F14: Growth % | G14: Share % Group Wise
B15: C P | C15: =SUMIFS(Sheet1!$H:$H,Sheet1!$I:$I,$B15,Sheet1!$K:$K,$A$2,Sheet1!$O:$O,C$3) -> 219359.2 | D15: =SUMIFS(Sheet1!$H:$H,Sheet1!$I:$I,$B15,Sheet1!$K:$K,$A$2,Sheet1!$O:$O,D$3) -> 473966 | E15: =if(D15-C15=0,"",D15-C15) -> 254606.8 | F15: =IF(D15="","",(D15-C15)/C15) -> 1.1606844 | G15: =D15/D$21 -> 0.57970047 | H15: =D15/$D$2 -> 0.071372181
B16: CP ACCESSORIES | C16: =SUMIFS(Sheet1!$H:$H,Sheet1!$I:$I,$B16,Sheet1!$K:$K,$A$2,Sheet1!$O:$O,C$3) -> 67988.52 | D16: =SUMIFS(Sheet1!$H:$H,Sheet1!$I:$I,$B16,Sheet1!$K:$K,$A$2,Sheet1!$O:$O,D$3) -> 322469 | E16: =if(D16-C16=0,"",D16-C16) -> 254480.48 | F16: =IF(D16="","",(D16-C16)/C16) -> 3.7429919 | G16: =D16/D$21 -> 0.39440683 | H16: =D16/$D$2 -> 0.048559002
B17: TEFELON TAPE | C17: =SUMIFS(Sheet1!$H:$H,Sheet1!$I:$I,$B17,Sheet1!$K:$K,$A$2,Sheet1!$O:$O,C$3) -> 21169.47 | D17: =SUMIFS(Sheet1!$H:$H,Sheet1!$I:$I,$B17,Sheet1!$K:$K,$A$2,Sheet1!$O:$O,D$3) -> 21170 | E17: =if(D17-C17=0,"",D17-C17) -> 0.53 | F17: =IF(D17="","",(D17-C17)/C17) -> 2.5036054e-05 | G17: =D17/D$21 -> 0.025892699 | H17: =D17/$D$2 -> 0.0031878849
B18: GEYSER | C18: =SUMIFS(Sheet1!$H:$H,Sheet1!$I:$I,$B18,Sheet1!$K:$K,$A$2,Sheet1!$O:$O,C$3) -> 0 | D18: =SUMIFS(Sheet1!$H:$H,Sheet1!$I:$I,$B18,Sheet1!$K:$K,$A$2,Sheet1!$O:$O,D$3) -> 0 | E18: =if(D18-C18=0,"",D18-C18) | F18: =IF(D18="","",(D18-C18)/C18) -> #DIV/0! | G18: =D18/D$21 -> 0 | H18: =D18/$D$2 -> 0
B19: =IFERROR(__xludf.DUMMYFUNCTION("IFNA(QUERY(Sheet1!A1:M991,""SELECT G,SUM(F) WHERE I CONTAINS '""&A2&""' AND L LIKE 'GEYSER' AND K LIKE 'FY-2023-24' GROUP BY G ORDER BY SUM(F) DESC LABEL G '', SUM(F) ''""))"),"") | C19: =if(SUMIFS(Sheet1!$H:$H,Sheet1!$I:$I,$B19,Sheet1!$K:$K,$A$2,Sheet1!$O:$O,C$3)>0,SUMIFS(Sheet1!$H:$H,Sheet1!$I:$I,$B19,Sheet1!$K:$K,$A$2,Sheet1!$O:$O,C$3),"") | D19: =if(SUMIFS(Sheet1!$H:$H,Sheet1!$I:$I,$B19,Sheet1!$K:$K,$A$2,Sheet1!$O:$O,D$3)>0,SUMIFS(Sheet1!$H:$H,Sheet1!$I:$I,$B19,Sheet1!$K:$K,$A$2,Sheet1!$O:$O,D$3),"") | E19: =if(D19-C19=0,"",D19-C19) | F19: =IF(D19="","",(D19-C19)/C19) | G19: =D19/D$21 -> 0 | H19: =D19/$D$2 -> 0
C20: =if(SUMIFS(Sheet1!$H:$H,Sheet1!$I:$I,$B20,Sheet1!$K:$K,$A$2,Sheet1!$O:$O,C$3)>0,SUMIFS(Sheet1!$H:$H,Sheet1!$I:$I,$B20,Sheet1!$K:$K,$A$2,Sheet1!$O:$O,C$3),"") | D20: =if(SUMIFS(Sheet1!$H:$H,Sheet1!$I:$I,$B20,Sheet1!$K:$K,$A$2,Sheet1!$O:$O,D$3)>0,SUMIFS(Sheet1!$H:$H,Sheet1!$I:$I,$B20,Sheet1!$K:$K,$A$2,Sheet1!$O:$O,D$3),"") | F20: =IF(D20="","",(D20-C20)/C20)
B21: Total | C21: =IF(SUM(C15:C19)>0,SUM(C15:C19),"") -> 308517.19 | D21: =IF(SUM(D15:D19)>0,SUM(D15:D19),"") -> 817605 | E21: =D21-C21 -> 509087.81 | F21: =IF(D21="","",(D21-C21)/C21) -> 1.6501117 | G21: =IF(SUM(G15:G19)>0,SUM(G15:G19),"')") -> 1 | H21: =D21/$D$2 -> 0.12311907
B23: Sink Group | C23: Last Year Till This Month Sale | D23: This Year Till This Month Sale | E23: Difference | F23: Growth % | G23: Share % Group Wise
B24: SINK | C24: =SUMIFS(Sheet1!$H:$H,Sheet1!$I:$I,$B24,Sheet1!$K:$K,$A$2,Sheet1!$O:$O,C$3) -> 0 | D24: =SUMIFS(Sheet1!$H:$H,Sheet1!$I:$I,$B24,Sheet1!$K:$K,$A$2,Sheet1!$O:$O,D$3) -> 21440 | E24: =if(D24-C24=0,"",D24-C24) -> 21440 | F24: =IF(D24="","",(D24-C24)/C24) -> #DIV/0! | G24: =D24/D$28 -> 0.35248085 | H24: =D24/$D$2 -> 0.0032285429
B25: PLATE RACK | C25: =SUMIFS(Sheet1!$H:$H,Sheet1!$I:$I,$B25,Sheet1!$K:$K,$A$2,Sheet1!$O:$O,C$3) -> 0 | D25: =SUMIFS(Sheet1!$H:$H,Sheet1!$I:$I,$B25,Sheet1!$K:$K,$A$2,Sheet1!$O:$O,D$3) -> 0 | E25: =if(D25-C25=0,"",D25-C25) | F25: =IF(D25="","",(D25-C25)/C25) -> #DIV/0! | G25: =D25/D$28 -> 0 | H25: =D25/$D$2 -> 0
B26: FLOOR TRAP | C26: =SUMIFS(Sheet1!$H:$H,Sheet1!$I:$I,$B26,Sheet1!$K:$K,$A$2,Sheet1!$O:$O,C$3) -> 6679.52 | D26: =SUMIFS(Sheet1!$H:$H,Sheet1!$I:$I,$B26,Sheet1!$K:$K,$A$2,Sheet1!$O:$O,D$3) -> 39386 | E26: =if(D26-C26=0,"",D26-C26) -> 32706.48 | F26: =IF(D26="","",(D26-C26)/C26) -> 4.8965315 | G26: =D26/D$28 -> 0.64751915 | H26: =D26/$D$2 -> 0.0059309417
C27: =if(SUMIFS(Sheet1!$H:$H,Sheet1!$I:$I,$B27,Sheet1!$K:$K,$A$2,Sheet1!$O:$O,C$3)>0,SUMIFS(Sheet1!$H:$H,Sheet1!$I:$I,$B27,Sheet1!$K:$K,$A$2,Sheet1!$O:$O,C$3),"") | D27: =if(SUMIFS(Sheet1!$H:$H,Sheet1!$I:$I,$B27,Sheet1!$K:$K,$A$2,Sheet1!$O:$O,D$3)>0,SUMIFS(Sheet1!$H:$H,Sheet1!$I:$I,$B27,Sheet1!$K:$K,$A$2,Sheet1!$O:$O,D$3),"")
B28: Total | C28: =IF(sum(C24:C27)>0,sum(C24:C27),"") -> 6679.52 | D28: =IF(sum(D24:D27)>0,sum(D24:D27),"") -> 60826 | E28: =D28-C28 -> 54146.48 | F28: =IF(D28="","",(D28-C28)/C28) -> 8.106343 | G28: =IF(sum(G24:G27)>0,sum(G24:G27),"')") -> 1 | H28: =D28/$D$2 -> 0.0091594846
B30: Plumbing Group | C30: Last Year Till This Month Sale | D30: This Year Till This Month Sale | E30: Difference | F30: Growth % | G30: Share % Group Wise
B31: CPVC | C31: =SUMIFS(Sheet1!$H:$H,Sheet1!$I:$I,$B31,Sheet1!$K:$K,$A$2,Sheet1!$O:$O,C$3) -> 597820.47 | D31: =SUMIFS(Sheet1!$H:$H,Sheet1!$I:$I,$B31,Sheet1!$K:$K,$A$2,Sheet1!$O:$O,D$3) -> 1389822.1 | E31: =if(D31-C31=0,"",D31-C31) -> 792001.61 | F31: =IF(D31="","",(D31-C31)/C31) -> 1.3248151 | G31: =D31/D$36 -> 0.4871381 | H31: =D31/$D$2 -> 0.20928639
B32: UPVC | C32: =SUMIFS(Sheet1!$H:$H,Sheet1!$I:$I,$B32,Sheet1!$K:$K,$A$2,Sheet1!$O:$O,C$3) -> 0 | D32: =SUMIFS(Sheet1!$H:$H,Sheet1!$I:$I,$B32,Sheet1!$K:$K,$A$2,Sheet1!$O:$O,D$3) -> 431997 | E32: =if(D32-C32=0,"",D32-C32) -> 431997 | F32: =IF(D32="","",(D32-C32)/C32) -> #DIV/0! | G32: =D32/D$36 -> 0.15141664 | H32: =D32/$D$2 -> 0.065052278
B33: SWR | C33: =SUMIFS(Sheet1!$H:$H,Sheet1!$I:$I,$B33,Sheet1!$K:$K,$A$2,Sheet1!$O:$O,C$3) -> 0 | D33: =SUMIFS(Sheet1!$H:$H,Sheet1!$I:$I,$B33,Sheet1!$K:$K,$A$2,Sheet1!$O:$O,D$3) -> 111937 | E33: =if(D33-C33=0,"",D33-C33) -> 111937 | F33: =IF(D33="","",(D33-C33)/C33) -> #DIV/0! | G33: =D33/D$36 -> 0.039234358 | H33: =D33/$D$2 -> 0.016856036
B34: AGRI | C34: =SUMIFS(Sheet1!$H:$H,Sheet1!$I:$I,$B34,Sheet1!$K:$K,$A$2,Sheet1!$O:$O,C$3) -> 0 | D34: =SUMIFS(Sheet1!$H:$H,Sheet1!$I:$I,$B34,Sheet1!$K:$K,$A$2,Sheet1!$O:$O,D$3) -> 428357 | E34: =if(D34-C34=0,"",D34-C34) -> 428357 | F34: =IF(D34="","",(D34-C34)/C34) -> #DIV/0! | G34: =D34/D$36 -> 0.15014081 | H34: =D34/$D$2 -> 0.064504149
B35: GARDEN PIPE | C35: =SUMIFS(Sheet1!$H:$H,Sheet1!$I:$I,$B35,Sheet1!$K:$K,$A$2,Sheet1!$O:$O,C$3) -> 437511.16 | D35: =SUMIFS(Sheet1!$H:$H,Sheet1!$I:$I,$B35,Sheet1!$K:$K,$A$2,Sheet1!$O:$O,D$3) -> 490922 | E35: =if(D35-C35=0,"",D35-C35) -> 53410.84 | F35: =IF(D35="","",(D35-C35)/C35) -> 0.12207881 | G35: =D35/D$36 -> 0.17207009 | H35: =D35/$D$2 -> 0.073925501
B36: Total | C36: =IF(SUM(C31:C35)>0,SUM(C31:C35),"") -> 1035331.6 | D36: =IF(SUM(D31:D35)>0,SUM(D31:D35),"") -> 2853035.1 | E36: =D36-C36 -> 1817703.4 | F36: =IF(D36="","",(D36-C36)/C36) -> 1.7556727 | G36: =IF(SUM(G31:G35)>0,SUM(G31:G35),"')") -> 1 | H36: =D36/$D$2 -> 0.42962435
B38: WATER TANK | C38: Last Year Till This Month Sale | D38: This Year Till This Month Sale | E38: Difference | F38: Growth % | G38: Share % Group Wise
B39: WATER TANK | C39: =SUMIFS(Sheet1!$H:$H,Sheet1!$I:$I,$B39,Sheet1!$K:$K,$A$2,Sheet1!$O:$O,C$3) -> 383841.4 | D39: =SUMIFS(Sheet1!$H:$H,Sheet1!$I:$I,$B39,Sheet1!$K:$K,$A$2,Sheet1!$O:$O,D$3) -> 123748.73 | E39: =if(D39-C39=0,"",D39-C39) -> -260092.67 | F39: =IF(D39="","",(D39-C39)/C39) -> -0.67760453 | G39: =D39/D$41 -> 1 | H39: =D39/$D$2 -> 0.018634705
B40: WT LID | C40: =SUMIFS(Sheet1!$H:$H,Sheet1!$I:$I,$B40,Sheet1!$K:$K,$A$2,Sheet1!$O:$O,C$3) -> 0 | D40: =SUMIFS(Sheet1!$H:$H,Sheet1!$I:$I,$B40,Sheet1!$K:$K,$A$2,Sheet1!$O:$O,D$3) -> 0 | E40: =if(D40-C40=0,"",D40-C40) | F40: =IF(D40="","",(D40-C40)/C40) -> #DIV/0! | G40: =D40/D$36 -> 0 | H40: =D40/$D$2 -> 0
B41: Total | C41: =IF(SUM(C39:C40)>0,SUM(C39:C40),"") -> 383841.4 | D41: =IF(SUM(D39:D40)>0,SUM(D39:D40),"") -> 123748.73 | E41: =D41-C41 -> -260092.67 | F41: =IF(D41="","",(D41-C41)/C41) -> -0.67760453 | G41: =IF(SUM(G39:G40)>0,SUM(G39:G40),"") -> 1 | H41: =D41/$D$2 -> 0.018634705
B43: HARDWARE | C43: Last Year Till This Month Sale | D43: This Year Till This Month Sale | E43: Difference | F43: Growth % | G43: Share % Group Wise
B44: HARDWARE | C44: =SUMIFS(Sheet1!$H:$H,Sheet1!$I:$I,$B44,Sheet1!$K:$K,$A$2,Sheet1!$O:$O,C$3) -> 0 | D44: =SUMIFS(Sheet1!$H:$H,Sheet1!$I:$I,$B44,Sheet1!$K:$K,$A$2,Sheet1!$O:$O,D$3) -> 0 | E44: =if(D44-C44=0,"",D44-C44) | F44: =IF(D44="","",(D44-C44)/C44) -> #DIV/0! | G44: =IF(D44="","",D44/D$45) -> #DIV/0! | H44: =D44/$D$2 -> 0
B45: Total | C45: =SUMIFS(Sheet1!$H:$H,Sheet1!$I:$I,$B45,Sheet1!$K:$K,$A$2,Sheet1!$O:$O,C$3) -> 0 | D45: =SUMIFS(Sheet1!$H:$H,Sheet1!$I:$I,$B45,Sheet1!$K:$K,$A$2,Sheet1!$O:$O,D$3) -> 0 | E45: =if(D45-C45=0,"",D45-C45) | F45: =IF(D45="","",(D45-C45)/C45) -> #DIV/0! | G45: =IF(sum(G44)>0,SUM(G44),"") -> #DIV/0! | H45: =D45/$D$2 -> 0
B47: SANITARYWARE | C47: Last Year Till This Month Sale | D47: This Year Till This Month Sale | E47: Difference | F47: Growth % | G47: Share % Group Wise
B48: SANITARYWARE | C48: =SUMIFS(Sheet1!$H:$H,Sheet1!$I:$I,$B48,Sheet1!$K:$K,$A$2,Sheet1!$O:$O,C$3) -> 0 | D48: =SUMIFS(Sheet1!$H:$H,Sheet1!$I:$I,$B48,Sheet1!$K:$K,$A$2,Sheet1!$O:$O,D$3) -> 1108973.9 | E48: =if(D48-C48=0,"",D48-C48) -> 1108973.9 | F48: =IF(D48="","",(D48-C48)/C48) -> #DIV/0! | H48: =D48/$D$2 -> 0.16699485
B49: Total | C49: =IF(sum(C48)>0,SUM(C48),"") | D49: =IF(sum(D48)>0,SUM(D48),"") -> 1108973.9 | E49: =if(D49-C49=0,"",D49-C49) -> 1108973.9 | F49: =IF(D49="","",(D49-C49)/C49) -> #DIV/0! | H49: =D49/$D$2 -> 0.16699485
B51: COLUMN | C51: Last Year Till This Month Sale | D51: This Year Till This Month Sale | E51: Difference | F51: Growth % | G51: Share % Group Wise
B52: COLUMN | C52: =if(SUMIFS(Sheet1!$F:$F,Sheet1!$G:$G,$B52,Sheet1!$I:$I,$A$2,Sheet1!$M:$M,C$3)>0,SUMIFS(Sheet1!$F:$F,Sheet1!$G:$G,$B52,Sheet1!$I:$I,$A$2,Sheet1!$M:$M,C$3),"") | D52: =SUMIFS(Sheet1!$H:$H,Sheet1!$I:$I,$B52,Sheet1!$K:$K,$A$2,Sheet1!$O:$O,D$3) -> 0 | E52: =if(D52-C52=0,"",D52-C52) | F52: =IF(D52="","",(D52-C52)/C52) -> #DIV/0! | G52: =IF(D52="","",D52/D$53) -> #DIV/0! | H52: =D52/$D$2 -> 0
B53: Total | C53: =IF(sum(C52)>0,SUM(C52),"") | D53: =IF(sum(D52)>0,SUM(D52),"") | E53: =if(D53-C53=0,"",D53-C53) | F53: =IF(D53="","",(D53-C53)/C53) | G53: =IF(sum(G52)>0,SUM(G52),"") -> #DIV/0! | H53: =D53/$D$2 -> 0

Sheet Report3
A1: Anant Singh
A2: Grand Total | B2: =SUMIF($A$4:$A$61,"Total",B4:B61) -> 23066986 | C2: =SUMIF($A$4:$A$61,"Total",C4:C61) -> 25708142 | D2: =SUMIF($A$4:$A$61,"Total",D4:D61) -> 2641155.8 | E2: =(C2-B2)/B2 -> 0.11449939 | G2: =SUMIF($A$4:$A$61,"Total",G4:G61) -> 1
B3: FY-2025-26 | C3: FY-2026-27
A4: Ptmt Group | B4: Last Year Till This Month Sale | C4: This Year Till This Month Sale | D4: Difference | E4: Growth % | F4: Share % Group Wise | G4: Share %
A5: PTMT | B5: =SUMIFS(Sheet1!$H:$H,Sheet1!$I:$I,$A5,Sheet1!$O:$O,B$3) -> 6882399.8 | C5: =SUMIFS(Sheet1!$H:$H,Sheet1!$I:$I,$A5,Sheet1!$O:$O,C$3) -> 6793214.5 | D5: =if(C5-B5=0,"",C5-B5) -> -89185.22 | E5: =IF(C5="","",(C5-B5)/B5) -> -0.012958448 | F5: =C5/C$12 -> 0.7935891 | G5: =C5/$C$2 -> 0.2642437
A6: CISTERN | B6: =SUMIFS(Sheet1!$H:$H,Sheet1!$I:$I,$A6,Sheet1!$O:$O,B$3) -> 491760.21 | C6: =SUMIFS(Sheet1!$H:$H,Sheet1!$I:$I,$A6,Sheet1!$O:$O,C$3) -> 711892.24 | D6: =if(C6-B6=0,"",C6-B6) -> 220132.03 | E6: =IF(C6="","",(C6-B6)/B6) -> 0.447641 | F6: =C6/C$12 -> 0.083163856 | G6: =C6/$C$2 -> 0.027691315
A7: SEAT COVER | B7: =SUMIFS(Sheet1!$H:$H,Sheet1!$I:$I,$A7,Sheet1!$O:$O,B$3) -> 63851.7 | C7: =SUMIFS(Sheet1!$H:$H,Sheet1!$I:$I,$A7,Sheet1!$O:$O,C$3) -> 108650 | D7: =if(C7-B7=0,"",C7-B7) -> 44798.3 | E7: =IF(C7="","",(C7-B7)/B7) -> 0.70159917 | F7: =C7/C$12 -> 0.012692585 | G7: =C7/$C$2 -> 0.0042262876
A8: CABINET | B8: =SUMIFS(Sheet1!$H:$H,Sheet1!$I:$I,$A8,Sheet1!$O:$O,B$3) -> 29994.88 | C8: =SUMIFS(Sheet1!$H:$H,Sheet1!$I:$I,$A8,Sheet1!$O:$O,C$3) -> 60219 | D8: =if(C8-B8=0,"",C8-B8) -> 30224.12 | E8: =IF(C8="","",(C8-B8)/B8) -> 1.0076426 | F8: =C8/C$12 -> 0.0070348348 | G8: =C8/$C$2 -> 0.0023424097
A9: CONNECTION | B9: =SUMIFS(Sheet1!$H:$H,Sheet1!$I:$I,$A9,Sheet1!$O:$O,B$3) -> 631772.13 | C9: =SUMIFS(Sheet1!$H:$H,Sheet1!$I:$I,$A9,Sheet1!$O:$O,C$3) -> 623073 | D9: =if(C9-B9=0,"",C9-B9) -> -8699.13 | E9: =IF(C9="","",(C9-B9)/B9) -> -0.013769411 | F9: =C9/C$12 -> 0.072787917 | G9: =C9/$C$2 -> 0.024236408
A10: WASTE PIPE | B10: =SUMIFS(Sheet1!$H:$H,Sheet1!$I:$I,$A10,Sheet1!$O:$O,B$3) -> 301699.2 | C10: =SUMIFS(Sheet1!$H:$H,Sheet1!$I:$I,$A10,Sheet1!$O:$O,C$3) -> 263067 | D10: =if(C10-B10=0,"",C10-B10) -> -38632.2 | E10: =IF(C10="","",(C10-B10)/B10) -> -0.12804873 | F10: =C10/C$12 -> 0.03073171 | G10: =C10/$C$2 -> 0.010232828
A12: Total | B12: =IF(SUM(B5:B11)>0,SUM(B5:B11),"") -> 8401477.9 | C12: =IF(SUM(C5:C11)>0,SUM(C5:C11),"") -> 8560115.8 | D12: =C12-B12 -> 158637.9 | E12: =IF(C12="","",(C12-B12)/B12) -> 0.018882142 | F12: =IF(SUM(F5:F11)>0,SUM(F5:F11),"") -> 1 | G12: =C12/$C$2 -> 0.33297295
A14: CP Group | B14: Last Year Till This Month Sale | C14: This Year Till This Month Sale | D14: Difference | E14: Growth % | F14: Share % Group Wise
A15: C P | B15: =SUMIFS(Sheet1!$H:$H,Sheet1!$I:$I,$A15,Sheet1!$O:$O,B$3) -> 954910.81 | C15: =SUMIFS(Sheet1!$H:$H,Sheet1!$I:$I,$A15,Sheet1!$O:$O,C$3) -> 1112481 | D15: =if(C15-B15=0,"",C15-B15) -> 157570.19 | E15: =IF(C15="","",(C15-B15)/B15) -> 0.16501037 | F15: =C15/C$21 -> 0.63816822 | G15: =C15/$C$2 -> 0.043273489
A16: CP ACCESSORIES | B16: =SUMIFS(Sheet1!$H:$H,Sheet1!$I:$I,$A16,Sheet1!$O:$O,B$3) -> 394341.16 | C16: =SUMIFS(Sheet1!$H:$H,Sheet1!$I:$I,$A16,Sheet1!$O:$O,C$3) -> 609590 | D16: =if(C16-B16=0,"",C16-B16) -> 215248.84 | E16: =IF(C16="","",(C16-B16)/B16) -> 0.54584421 | F16: =C16/C$21 -> 0.34968774 | G16: =C16/$C$2 -> 0.023711943
A17: TEFELON TAPE | B17: =SUMIFS(Sheet1!$H:$H,Sheet1!$I:$I,$A17,Sheet1!$O:$O,B$3) -> 42340.06 | C17: =SUMIFS(Sheet1!$H:$H,Sheet1!$I:$I,$A17,Sheet1!$O:$O,C$3) -> 21170 | D17: =if(C17-B17=0,"",C17-B17) -> -21170.06 | E17: =IF(C17="","",(C17-B17)/B17) -> -0.50000071 | F17: =C17/C$21 -> 0.012144047 | G17: =C17/$C$2 -> 0.00082347453
A18: GEYSER | B18: =SUMIFS(Sheet1!$H:$H,Sheet1!$I:$I,$A18,Sheet1!$O:$O,B$3) -> 0 | C18: =SUMIFS(Sheet1!$H:$H,Sheet1!$I:$I,$A18,Sheet1!$O:$O,C$3) -> 0 | D18: =if(C18-B18=0,"",C18-B18) | E18: =IF(C18="","",(C18-B18)/B18) -> #DIV/0! | F18: =C18/C$21 -> 0 | G18: =C18/$C$2 -> 0
B19: =if(SUMIFS(Sheet1!$H:$H,Sheet1!$I:$I,$A19,Sheet1!$K:$K,#REF!,Sheet1!$O:$O,B$3)>0,SUMIFS(Sheet1!$H:$H,Sheet1!$I:$I,$A19,Sheet1!$K:$K,#REF!,Sheet1!$O:$O,B$3),"") | C19: =if(SUMIFS(Sheet1!$H:$H,Sheet1!$I:$I,$A19,Sheet1!$K:$K,#REF!,Sheet1!$O:$O,C$3)>0,SUMIFS(Sheet1!$H:$H,Sheet1!$I:$I,$A19,Sheet1!$K:$K,#REF!,Sheet1!$O:$O,C$3),"") | D19: =if(C19-B19=0,"",C19-B19) | E19: =IF(C19="","",(C19-B19)/B19) | F19: =C19/C$21 -> 0 | G19: =C19/$C$2 -> 0
B20: =if(SUMIFS(Sheet1!$H:$H,Sheet1!$I:$I,$A20,Sheet1!$K:$K,#REF!,Sheet1!$O:$O,B$3)>0,SUMIFS(Sheet1!$H:$H,Sheet1!$I:$I,$A20,Sheet1!$K:$K,#REF!,Sheet1!$O:$O,B$3),"") | C20: =if(SUMIFS(Sheet1!$H:$H,Sheet1!$I:$I,$A20,Sheet1!$K:$K,#REF!,Sheet1!$O:$O,C$3)>0,SUMIFS(Sheet1!$H:$H,Sheet1!$I:$I,$A20,Sheet1!$K:$K,#REF!,Sheet1!$O:$O,C$3),"") | E20: =IF(C20="","",(C20-B20)/B20)
A21: Total | B21: =IF(SUM(B15:B19)>0,SUM(B15:B19),"") -> 1391592 | C21: =IF(SUM(C15:C19)>0,SUM(C15:C19),"") -> 1743241 | D21: =C21-B21 -> 351648.97 | E21: =IF(C21="","",(C21-B21)/B21) -> 0.25269545 | F21: =IF(SUM(F15:F19)>0,SUM(F15:F19),"')") -> 1 | G21: =C21/$C$2 -> 0.067808907
A23: Sink Group | B23: Last Year Till This Month Sale | C23: This Year Till This Month Sale | D23: Difference | E23: Growth % | F23: Share % Group Wise
A24: SINK | B24: =SUMIFS(Sheet1!$H:$H,Sheet1!$I:$I,$A24,Sheet1!$O:$O,B$3) -> 914446.32 | C24: =SUMIFS(Sheet1!$H:$H,Sheet1!$I:$I,$A24,Sheet1!$O:$O,C$3) -> 681208 | D24: =if(C24-B24=0,"",C24-B24) -> -233238.32 | E24: =IF(C24="","",(C24-B24)/B24) -> -0.25505961 | F24: =C24/C$28 -> 0.94534231 | G24: =C24/$C$2 -> 0.026497753
A25: PLATE RACK | B25: =SUMIFS(Sheet1!$H:$H,Sheet1!$I:$I,$A25,Sheet1!$O:$O,B$3) -> 0 | C25: =SUMIFS(Sheet1!$H:$H,Sheet1!$I:$I,$A25,Sheet1!$O:$O,C$3) -> 0 | D25: =if(C25-B25=0,"",C25-B25) | E25: =IF(C25="","",(C25-B25)/B25) -> #DIV/0! | F25: =C25/C$28 -> 0 | G25: =C25/$C$2 -> 0
A26: FLOOR TRAP | B26: =SUMIFS(Sheet1!$H:$H,Sheet1!$I:$I,$A26,Sheet1!$O:$O,B$3) -> 58298.52 | C26: =SUMIFS(Sheet1!$H:$H,Sheet1!$I:$I,$A26,Sheet1!$O:$O,C$3) -> 39386 | D26: =if(C26-B26=0,"",C26-B26) -> -18912.52 | E26: =IF(C26="","",(C26-B26)/B26) -> -0.32440824 | F26: =C26/C$28 -> 0.054657685 | G26: =C26/$C$2 -> 0.0015320438
B27: =if(SUMIFS(Sheet1!$H:$H,Sheet1!$I:$I,$A27,Sheet1!$K:$K,#REF!,Sheet1!$O:$O,B$3)>0,SUMIFS(Sheet1!$H:$H,Sheet1!$I:$I,$A27,Sheet1!$K:$K,#REF!,Sheet1!$O:$O,B$3),"") | C27: =if(SUMIFS(Sheet1!$H:$H,Sheet1!$I:$I,$A27,Sheet1!$K:$K,#REF!,Sheet1!$O:$O,C$3)>0,SUMIFS(Sheet1!$H:$H,Sheet1!$I:$I,$A27,Sheet1!$K:$K,#REF!,Sheet1!$O:$O,C$3),"")
A28: Total | B28: =IF(sum(B24:B27)>0,sum(B24:B27),"") -> 972744.84 | C28: =IF(sum(C24:C27)>0,sum(C24:C27),"") -> 720594 | D28: =C28-B28 -> -252150.84 | E28: =IF(C28="","",(C28-B28)/B28) -> -0.25921581 | F28: =IF(sum(F24:F27)>0,sum(F24:F27),"')") -> 1 | G28: =C28/$C$2 -> 0.028029797
A30: Plumbing Group | B30: Last Year Till This Month Sale | C30: This Year Till This Month Sale | D30: Difference | E30: Growth % | F30: Share % Group Wise
A31: CPVC | B31: =SUMIFS(Sheet1!$H:$H,Sheet1!$I:$I,$A31,Sheet1!$O:$O,B$3) -> 5194328.8 | C31: =SUMIFS(Sheet1!$H:$H,Sheet1!$I:$I,$A31,Sheet1!$O:$O,C$3) -> 5491443.3 | D31: =if(C31-B31=0,"",C31-B31) -> 297114.52 | E31: =IF(C31="","",(C31-B31)/B31) -> 0.057199791 | F31: =C31/C$36 -> 0.46560298 | G31: =C31/$C$2 -> 0.21360717
A32: UPVC | B32: =SUMIFS(Sheet1!$H:$H,Sheet1!$I:$I,$A32,Sheet1!$O:$O,B$3) -> 1367393.3 | C32: =SUMIFS(Sheet1!$H:$H,Sheet1!$I:$I,$A32,Sheet1!$O:$O,C$3) -> 1910806.6 | D32: =if(C32-B32=0,"",C32-B32) -> 543413.31 | E32: =IF(C32="","",(C32-B32)/B32) -> 0.39740819 | F32: =C32/C$36 -> 0.16201156 | G32: =C32/$C$2 -> 0.074326906
A33: SWR | B33: =SUMIFS(Sheet1!$H:$H,Sheet1!$I:$I,$A33,Sheet1!$O:$O,B$3) -> 627655.53 | C33: =SUMIFS(Sheet1!$H:$H,Sheet1!$I:$I,$A33,Sheet1!$O:$O,C$3) -> 944089.02 | D33: =if(C33-B33=0,"",C33-B33) -> 316433.49 | E33: =IF(C33="","",(C33-B33)/B33) -> 0.50415152 | F33: =C33/C$36 -> 0.080046473 | G33: =C33/$C$2 -> 0.036723347
A34: AGRI | B34: =SUMIFS(Sheet1!$H:$H,Sheet1!$I:$I,$A34,Sheet1!$O:$O,B$3) -> 1263690.8 | C34: =SUMIFS(Sheet1!$H:$H,Sheet1!$I:$I,$A34,Sheet1!$O:$O,C$3) -> 1322996.4 | D34: =if(C34-B34=0,"",C34-B34) -> 59305.63 | E34: =IF(C34="","",(C34-B34)/B34) -> 0.046930491 | F34: =C34/C$36 -> 0.11217289 | G34: =C34/$C$2 -> 0.051462158
A35: GARDEN PIPE | B35: =SUMIFS(Sheet1!$H:$H,Sheet1!$I:$I,$A35,Sheet1!$O:$O,B$3) -> 2026562.5 | C35: =SUMIFS(Sheet1!$H:$H,Sheet1!$I:$I,$A35,Sheet1!$O:$O,C$3) -> 2124926 | D35: =if(C35-B35=0,"",C35-B35) -> 98363.49 | E35: =IF(C35="","",(C35-B35)/B35) -> 0.048537111 | F35: =C35/C$36 -> 0.18016609 | G35: =C35/$C$2 -> 0.08265576
A36: Total | B36: =IF(SUM(B31:B35)>0,SUM(B31:B35),"") -> 10479631 | C36: =IF(SUM(C31:C35)>0,SUM(C31:C35),"") -> 11794261 | D36: =C36-B36 -> 1314630.4 | E36: =IF(C36="","",(C36-B36)/B36) -> 0.12544625 | F36: =IF(SUM(F31:F35)>0,SUM(F31:F35),"')") -> 1 | G36: =C36/$C$2 -> 0.45877534
A38: WATER TANK | B38: Last Year Till This Month Sale | C38: This Year Till This Month Sale | D38: Difference | E38: Growth % | F38: Share % Group Wise
A39: WATER TANK | B39: =SUMIFS(Sheet1!$H:$H,Sheet1!$I:$I,$A39,Sheet1!$O:$O,B$3) -> 1821540.3 | C39: =SUMIFS(Sheet1!$H:$H,Sheet1!$I:$I,$A39,Sheet1!$O:$O,C$3) -> 960947.73 | D39: =if(C39-B39=0,"",C39-B39) -> -860592.57 | E39: =IF(C39="","",(C39-B39)/B39) -> -0.47245321 | F39: =C39/C$41 -> 1 | G39: =C39/$C$2 -> 0.037379121
A40: WT LID | B40: =SUMIFS(Sheet1!$H:$H,Sheet1!$I:$I,$A40,Sheet1!$O:$O,B$3) -> 0 | C40: =SUMIFS(Sheet1!$H:$H,Sheet1!$I:$I,$A40,Sheet1!$O:$O,C$3) -> 0 | D40: =if(C40-B40=0,"",C40-B40) | E40: =IF(C40="","",(C40-B40)/B40) -> #DIV/0! | F40: =C40/C$36 -> 0 | G40: =C40/$C$2 -> 0
A41: Total | B41: =IF(SUM(B39:B40)>0,SUM(B39:B40),"") -> 1821540.3 | C41: =IF(SUM(C39:C40)>0,SUM(C39:C40),"") -> 960947.73 | D41: =C41-B41 -> -860592.57 | E41: =IF(C41="","",(C41-B41)/B41) -> -0.47245321 | F41: =IF(SUM(F39:F40)>0,SUM(F39:F40),"") -> 1 | G41: =C41/$C$2 -> 0.037379121
A43: HARDWARE | B43: Last Year Till This Month Sale | C43: This Year Till This Month Sale | D43: Difference | E43: Growth % | F43: Share % Group Wise
A44: HARDWARE | B44: =SUMIFS(Sheet1!$H:$H,Sheet1!$I:$I,$A44,Sheet1!$O:$O,B$3) -> 0 | C44: =SUMIFS(Sheet1!$H:$H,Sheet1!$I:$I,$A44,Sheet1!$O:$O,C$3) -> 0 | D44: =if(C44-B44=0,"",C44-B44) | E44: =IF(C44="","",(C44-B44)/B44) -> #DIV/0! | F44: =IF(C44="","",C44/C$45) -> #DIV/0! | G44: =C44/$C$2 -> 0
A45: Total | B45: =SUMIFS(Sheet1!$H:$H,Sheet1!$I:$I,$A45,Sheet1!$O:$O,B$3) -> 0 | C45: =SUMIFS(Sheet1!$H:$H,Sheet1!$I:$I,$A45,Sheet1!$O:$O,C$3) -> 0 | D45: =if(C45-B45=0,"",C45-B45) | E45: =IF(C45="","",(C45-B45)/B45) -> #DIV/0! | F45: =IF(sum(F44)>0,SUM(F44),"") -> #DIV/0! | G45: =C45/$C$2 -> 0
A47: SANITARYWARE | B47: Last Year Till This Month Sale | C47: This Year Till This Month Sale | D47: Difference | E47: Growth % | F47: Share % Group Wise
A48: SANITARYWARE | B48: =SUMIFS(Sheet1!$H:$H,Sheet1!$I:$I,$A48,Sheet1!$O:$O,B$3) -> 0 | C48: =SUMIFS(Sheet1!$H:$H,Sheet1!$I:$I,$A48,Sheet1!$O:$O,C$3) -> 1926214.9 | D48: =if(C48-B48=0,"",C48-B48) -> 1926214.9 | E48: =IF(C48="","",(C48-B48)/B48) -> #DIV/0! | G48: =C48/$C$2 -> 0.074926258
A49: Total | B49: =IF(sum(B48)>0,SUM(B48),"") | C49: =IF(sum(C48)>0,SUM(C48),"") -> 1926214.9 | D49: =if(C49-B49=0,"",C49-B49) -> 1926214.9 | E49: =IF(C49="","",(C49-B49)/B49) -> #DIV/0! | G49: =C49/$C$2 -> 0.074926258
A51: COLUMN | B51: Last Year Till This Month Sale | C51: This Year Till This Month Sale | D51: Difference | E51: Growth % | F51: Share % Group Wise
A52: COLUMN | B52: =SUMIFS(Sheet1!$H:$H,Sheet1!$I:$I,$A52,Sheet1!$O:$O,B$3) -> 0 | C52: =SUMIFS(Sheet1!$H:$H,Sheet1!$I:$I,$A52,Sheet1!$O:$O,C$3) -> 2767 | D52: =if(C52-B52=0,"",C52-B52) -> 2767 | E52: =IF(C52="","",(C52-B52)/B52) -> #DIV/0! | F52: =IF(C52="","",C52/C$53) -> 1 | G52: =C52/$C$2 -> 0.00010763127
A53: Total | B53: =IF(sum(B52)>0,SUM(B52),"") | C53: =IF(sum(C52)>0,SUM(C52),"") -> 2767 | D53: =if(C53-B53=0,"",C53-B53) -> 2767 | E53: =IF(C53="","",(C53-B53)/B53) -> #DIV/0! | F53: =IF(sum(F52)>0,SUM(F52),"") -> 1 | G53: =C53/$C$2 -> 0.00010763127

Sheet Sheet2
H1: =Report4!A3 -> DELHI A | K1: =Report4!B3 -> SUMIT PAINT AND HARDWARE | N1: ='Report4 A'!C3 -> #REF! | Q1: ='Report 3B'!A3 -> UP ( A )
C2: FY YEAR | K2: =Report4!B4
B3: {=UNIQUE(Sheet1!E:E)} -> 45772 | C3: FY-2025-26 | D3: Q-1 2023-24 | H3: =IFERROR(__xludf.DUMMYFUNCTION("QUERY(Sheet1!A1:M50500,""SELECT C,SUM(H) WHERE K CONTAINS '""&H1&""' GROUP BY C ORDER BY SUM(H) DESC"")"),"") | I3: =IFERROR(__xludf.DUMMYFUNCTION("""COMPUTED_VALUE"""),"sum ") -> sum | K3: =IFERROR(__xludf.DUMMYFUNCTION("QUERY(Sheet1!A1:M50500,""SELECT I,SUM(H) WHERE K CONTAINS '""&H1&""' AND C CONTAINS '""&K1&""' GROUP BY I ORDER BY SUM(H) DESC"")"),"") | L3: =IFERROR(__xludf.DUMMYFUNCTION("""COMPUTED_VALUE"""),"sum ") -> sum | U3: =IFERROR(__xludf.DUMMYFUNCTION("QUERY(IMPORTRANGE(""https://docs.google.com/spreadsheets/d/1oHFpXqVDPRF3Vi3WV9MdNcxkHNjgytLPxXUQgM6o1ok/edit?gid=0#gid=0"",""DEBTOR!A1:G""),""SELECT * WHERE Col7 Like 'ANANT SINGH'"")"),"DATE") -> DATE | V3: =IFERROR(__xludf.DUMMYFUNCTION("""COMPUTED_VALUE"""),"PARTY NAME") -> PARTY NAME | W3: =IFERROR(__xludf.DUMMYFUNCTION("""COMPUTED_VALUE"""),"AMOUNT") -> AMOUNT | X3: =IFERROR(__xludf.DUMMYFUNCTION("""COMPUTED_VALUE"""),"") | Y3: =IFERROR(__xludf.DUMMYFUNCTION("""COMPUTED_VALUE"""),"") | Z3: =IFERROR(__xludf.DUMMYFUNCTION("""COMPUTED_VALUE"""),"") | AA3: =IFERROR(__xludf.DUMMYFUNCTION("""COMPUTED_VALUE"""),"")
B4: 45802 | C4: FY-2025-26 | D4: Q-1 2023-24 | H4: =IFERROR(__xludf.DUMMYFUNCTION("""COMPUTED_VALUE"""),"MANOJ ENTERPRISES (UTTAM NAGAR)") -> MANOJ ENTERPRISES (UTTAM NAGAR) | I4: =IFERROR(__xludf.DUMMYFUNCTION("""COMPUTED_VALUE"""),7027568.269999998) -> 7027568.3 | K4: =IFERROR(__xludf.DUMMYFUNCTION("""COMPUTED_VALUE"""),"PTMT") -> PTMT | L4: =IFERROR(__xludf.DUMMYFUNCTION("""COMPUTED_VALUE"""),2147704.93) -> 2147704.9 | Q4: =IFERROR(__xludf.DUMMYFUNCTION("QUERY(Sheet1!A1:O50500,""SELECT C,SUM(G) WHERE K CONTAINS '""&Q1&""' GROUP BY C ORDER BY SUM(G) DESC"")"),"") | R4: =IFERROR(__xludf.DUMMYFUNCTION("""COMPUTED_VALUE"""),"sum ") -> sum | U4: =IFERROR(__xludf.DUMMYFUNCTION("""COMPUTED_VALUE"""),"04-Apr-26") -> 04-Apr-26 | V4: =IFERROR(__xludf.DUMMYFUNCTION("""COMPUTED_VALUE"""),"Vidhya Sales") -> Vidhya Sales | W4: =IFERROR(__xludf.DUMMYFUNCTION("""COMPUTED_VALUE"""),100000.0) -> 100000 | X4: =IFERROR(__xludf.DUMMYFUNCTION("""COMPUTED_VALUE"""),"Apr-26") -> Apr-26 | Y4: =IFERROR(__xludf.DUMMYFUNCTION("""COMPUTED_VALUE"""),"Pymt") -> Pymt | Z4: =IFERROR(__xludf.DUMMYFUNCTION("""COMPUTED_VALUE"""),"UP ( A )") -> UP ( A ) | AA4: =IFERROR(__xludf.DUMMYFUNCTION("""COMPUTED_VALUE"""),"ANANT SINGH") -> ANANT SINGH
B5: 45833 | C5: FY-2025-26 | D5: Q-1 2023-24 | H5: =IFERROR(__xludf.DUMMYFUNCTION("""COMPUTED_VALUE"""),"DREAMWALL COLOURS") -> DREAMWALL COLOURS | I5: =IFERROR(__xludf.DUMMYFUNCTION("""COMPUTED_VALUE"""),4903290.51) -> 4903290.5 | K5: =IFERROR(__xludf.DUMMYFUNCTION("""COMPUTED_VALUE"""),"GARDEN PIPE") -> GARDEN PIPE | L5: =IFERROR(__xludf.DUMMYFUNCTION("""COMPUTED_VALUE"""),128019.0) -> 128019 | N5: =IFERROR(__xludf.DUMMYFUNCTION("QUERY(Sheet1!A1:M50500,""SELECT C,SUM(D) WHERE K CONTAINS '""&N1&""' GROUP BY C ORDER BY C ASC"")"),"#REF!") -> #REF! | Q5: =IFERROR(__xludf.DUMMYFUNCTION("""COMPUTED_VALUE"""),"LOHIA & SONS (GHAZIABAD)") -> LOHIA & SONS (GHAZIABAD) | R5: =IFERROR(__xludf.DUMMYFUNCTION("""COMPUTED_VALUE"""),881508.7999999992) -> 881508.8 | U5: =IFERROR(__xludf.DUMMYFUNCTION("""COMPUTED_VALUE"""),"08-Apr-26") -> 08-Apr-26 | V5: =IFERROR(__xludf.DUMMYFUNCTION("""COMPUTED_VALUE"""),"MANSI TRADING COMPANY(UP)") -> MANSI TRADING COMPANY(UP) | W5: =IFERROR(__xludf.DUMMYFUNCTION("""COMPUTED_VALUE"""),70000.0) -> 70000 | X5: =IFERROR(__xludf.DUMMYFUNCTION("""COMPUTED_VALUE"""),"Apr-26") -> Apr-26 | Y5: =IFERROR(__xludf.DUMMYFUNCTION("""COMPUTED_VALUE"""),"Pymt") -> Pymt | Z5: =IFERROR(__xludf.DUMMYFUNCTION("""COMPUTED_VALUE"""),"UP ( A )") -> UP ( A ) | AA5: =IFERROR(__xludf.DUMMYFUNCTION("""COMPUTED_VALUE"""),"ANANT SINGH") -> ANANT SINGH
B6: 45863 | D6: Q-2 2023-24 | H6: =IFERROR(__xludf.DUMMYFUNCTION("""COMPUTED_VALUE"""),"JAGDAMBA TRADERS") -> JAGDAMBA TRADERS | I6: =IFERROR(__xludf.DUMMYFUNCTION("""COMPUTED_VALUE"""),3960416.1000000006) -> 3960416.1 | K6: =IFERROR(__xludf.DUMMYFUNCTION("""COMPUTED_VALUE"""),"CONNECTION") -> CONNECTION | L6: =IFERROR(__xludf.DUMMYFUNCTION("""COMPUTED_VALUE"""),101919.9) -> 101919.9 | Q6: =IFERROR(__xludf.DUMMYFUNCTION("""COMPUTED_VALUE"""),"Vidhya Sales") -> Vidhya Sales | R6: =IFERROR(__xludf.DUMMYFUNCTION("""COMPUTED_VALUE"""),369596.24) -> 369596.24 | U6: =IFERROR(__xludf.DUMMYFUNCTION("""COMPUTED_VALUE"""),"09-Apr-26") -> 09-Apr-26 | V6: =IFERROR(__xludf.DUMMYFUNCTION("""COMPUTED_VALUE"""),"NITIN TRADERS") -> NITIN TRADERS | W6: =IFERROR(__xludf.DUMMYFUNCTION("""COMPUTED_VALUE"""),500000.0) -> 500000 | X6: =IFERROR(__xludf.DUMMYFUNCTION("""COMPUTED_VALUE"""),"Apr-26") -> Apr-26 | Y6: =IFERROR(__xludf.DUMMYFUNCTION("""COMPUTED_VALUE"""),"Pymt") -> Pymt | Z6: =IFERROR(__xludf.DUMMYFUNCTION("""COMPUTED_VALUE"""),"UP ( A )") -> UP ( A ) | AA6: =IFERROR(__xludf.DUMMYFUNCTION("""COMPUTED_VALUE"""),"ANANT SINGH") -> ANANT SINGH
B7: 45894 | D7: Q-2 2023-24 | H7: =IFERROR(__xludf.DUMMYFUNCTION("""COMPUTED_VALUE"""),"SUMIT PAINT AND HARDWARE") -> SUMIT PAINT AND HARDWARE | I7: =IFERROR(__xludf.DUMMYFUNCTION("""COMPUTED_VALUE"""),2385941.83) -> 2385941.8 | K7: =IFERROR(__xludf.DUMMYFUNCTION("""COMPUTED_VALUE"""),"CABINET") -> CABINET | L7: =IFERROR(__xludf.DUMMYFUNCTION("""COMPUTED_VALUE"""),8298.0) -> 8298 | Q7: =IFERROR(__xludf.DUMMYFUNCTION("""COMPUTED_VALUE"""),"NITIN TRADERS") -> NITIN TRADERS | R7: =IFERROR(__xludf.DUMMYFUNCTION("""COMPUTED_VALUE"""),283422.0099999998) -> 283422.01 | U7: =IFERROR(__xludf.DUMMYFUNCTION("""COMPUTED_VALUE"""),"09-Apr-26") -> 09-Apr-26 | V7: =IFERROR(__xludf.DUMMYFUNCTION("""COMPUTED_VALUE"""),"Vidhya Sales") -> Vidhya Sales | W7: =IFERROR(__xludf.DUMMYFUNCTION("""COMPUTED_VALUE"""),200000.0) -> 200000 | X7: =IFERROR(__xludf.DUMMYFUNCTION("""COMPUTED_VALUE"""),"Apr-26") -> Apr-26 | Y7: =IFERROR(__xludf.DUMMYFUNCTION("""COMPUTED_VALUE"""),"Pymt") -> Pymt | Z7: =IFERROR(__xludf.DUMMYFUNCTION("""COMPUTED_VALUE"""),"UP ( A )") -> UP ( A ) | AA7: =IFERROR(__xludf.DUMMYFUNCTION("""COMPUTED_VALUE"""),"ANANT SINGH") -> ANANT SINGH
B8: 45925 | D8: Q-2 2023-24 | H8: =IFERROR(__xludf.DUMMYFUNCTION("""COMPUTED_VALUE"""),"CHATTAR BHOJ AND SONS (KAROL BAGH)") -> CHATTAR BHOJ AND SONS (KAROL BAGH) | I8: =IFERROR(__xludf.DUMMYFUNCTION("""COMPUTED_VALUE"""),1109125.17) -> 1109125.2 | Q8: =IFERROR(__xludf.DUMMYFUNCTION("""COMPUTED_VALUE"""),"AVANTI SALES & AGENCIES(MORADABAD)") -> AVANTI SALES & AGENCIES(MORADABAD) | R8: =IFERROR(__xludf.DUMMYFUNCTION("""COMPUTED_VALUE"""),251905.71999999968) -> 251905.72 | U8: =IFERROR(__xludf.DUMMYFUNCTION("""COMPUTED_VALUE"""),"09-Apr-26") -> 09-Apr-26 | V8: =IFERROR(__xludf.DUMMYFUNCTION("""COMPUTED_VALUE"""),"POOJA TRADING CO.") -> POOJA TRADING CO. | W8: =IFERROR(__xludf.DUMMYFUNCTION("""COMPUTED_VALUE"""),100000.0) -> 100000 | X8: =IFERROR(__xludf.DUMMYFUNCTION("""COMPUTED_VALUE"""),"Apr-26") -> Apr-26 | Y8: =IFERROR(__xludf.DUMMYFUNCTION("""COMPUTED_VALUE"""),"Pymt") -> Pymt | Z8: =IFERROR(__xludf.DUMMYFUNCTION("""COMPUTED_VALUE"""),"Uttarakhand") -> Uttarakhand | AA8: =IFERROR(__xludf.DUMMYFUNCTION("""COMPUTED_VALUE"""),"ANANT SINGH") -> ANANT SINGH
B9: 45955 | D9: Q-3 2023-24 | H9: =IFERROR(__xludf.DUMMYFUNCTION("""COMPUTED_VALUE"""),"TANEJA TRADERS") -> TANEJA TRADERS | I9: =IFERROR(__xludf.DUMMYFUNCTION("""COMPUTED_VALUE"""),427181.0) -> 427181 | Q9: =IFERROR(__xludf.DUMMYFUNCTION("""COMPUTED_VALUE"""),"MANSI TRADING COMPANY(UP)") -> MANSI TRADING COMPANY(UP) | R9: =IFERROR(__xludf.DUMMYFUNCTION("""COMPUTED_VALUE"""),195432.0) -> 195432 | U9: =IFERROR(__xludf.DUMMYFUNCTION("""COMPUTED_VALUE"""),"10-Apr-26") -> 10-Apr-26 | V9: =IFERROR(__xludf.DUMMYFUNCTION("""COMPUTED_VALUE"""),"SUMIT PAINT AND HARDWARE") -> SUMIT PAINT AND HARDWARE | W9: =IFERROR(__xludf.DUMMYFUNCTION("""COMPUTED_VALUE"""),120000.0) -> 120000 | X9: =IFERROR(__xludf.DUMMYFUNCTION("""COMPUTED_VALUE"""),"Apr-26") -> Apr-26 | Y9: =IFERROR(__xludf.DUMMYFUNCTION("""COMPUTED_VALUE"""),"Pymt") -> Pymt | Z9: =IFERROR(__xludf.DUMMYFUNCTION("""COMPUTED_VALUE"""),"DELHI A") -> DELHI A | AA9: =IFERROR(__xludf.DUMMYFUNCTION("""COMPUTED_VALUE"""),"ANANT SINGH") -> ANANT SINGH
B10: 45986 | D10: Q-3 2023-24 | H10: =IFERROR(__xludf.DUMMYFUNCTION("""COMPUTED_VALUE"""),"KRISHNA STORE") -> KRISHNA STORE | I10: =IFERROR(__xludf.DUMMYFUNCTION("""COMPUTED_VALUE"""),391298.36) -> 391298.36 | Q10: =IFERROR(__xludf.DUMMYFUNCTION("""COMPUTED_VALUE"""),"PARVARIKA SALES PRIVATE LIMITED") -> PARVARIKA SALES PRIVATE LIMITED | R10: =IFERROR(__xludf.DUMMYFUNCTION("""COMPUTED_VALUE"""),145931.58) -> 145931.58 | U10: =IFERROR(__xludf.DUMMYFUNCTION("""COMPUTED_VALUE"""),"11-Apr-26") -> 11-Apr-26 | V10: =IFERROR(__xludf.DUMMYFUNCTION("""COMPUTED_VALUE"""),"LOHIA & SONS (GHAZIABAD)") -> LOHIA & SONS (GHAZIABAD) | W10: =IFERROR(__xludf.DUMMYFUNCTION("""COMPUTED_VALUE"""),200000.0) -> 200000 | X10: =IFERROR(__xludf.DUMMYFUNCTION("""COMPUTED_VALUE"""),"Apr-26") -> Apr-26 | Y10: =IFERROR(__xludf.DUMMYFUNCTION("""COMPUTED_VALUE"""),"Pymt") -> Pymt | Z10: =IFERROR(__xludf.DUMMYFUNCTION("""COMPUTED_VALUE"""),"UP ( A )") -> UP ( A ) | AA10: =IFERROR(__xludf.DUMMYFUNCTION("""COMPUTED_VALUE"""),"ANANT SINGH") -> ANANT SINGH
B11: 46016 | D11: Q-3 2023-24 | H11: =IFERROR(__xludf.DUMMYFUNCTION("""COMPUTED_VALUE"""),"AGGARWAL AGENCIES") -> AGGARWAL AGENCIES | I11: =IFERROR(__xludf.DUMMYFUNCTION("""COMPUTED_VALUE"""),228536.45) -> 228536.45 | Q11: =IFERROR(__xludf.DUMMYFUNCTION("""COMPUTED_VALUE"""),"MAHAVEER SANITARY WARE & HARDWARE STORE") -> MAHAVEER SANITARY WARE & HARDWARE STORE | R11: =IFERROR(__xludf.DUMMYFUNCTION("""COMPUTED_VALUE"""),130037.54999999997) -> 130037.55 | U11: =IFERROR(__xludf.DUMMYFUNCTION("""COMPUTED_VALUE"""),"11-Apr-26") -> 11-Apr-26 | V11: =IFERROR(__xludf.DUMMYFUNCTION("""COMPUTED_VALUE"""),"SHRI VINAYAK PIPES") -> SHRI VINAYAK PIPES | W11: =IFERROR(__xludf.DUMMYFUNCTION("""COMPUTED_VALUE"""),16288.0) -> 16288 | X11: =IFERROR(__xludf.DUMMYFUNCTION("""COMPUTED_VALUE"""),"Apr-26") -> Apr-26 | Y11: =IFERROR(__xludf.DUMMYFUNCTION("""COMPUTED_VALUE"""),"Pymt") -> Pymt | Z11: =IFERROR(__xludf.DUMMYFUNCTION("""COMPUTED_VALUE"""),"Uttarakhand") -> Uttarakhand | AA11: =IFERROR(__xludf.DUMMYFUNCTION("""COMPUTED_VALUE"""),"ANANT SINGH") -> ANANT SINGH
B12: 46048 | D12: Q-4 2023-24 | H12: =IFERROR(__xludf.DUMMYFUNCTION("""COMPUTED_VALUE"""),"GULATI TRADERS") -> GULATI TRADERS | I12: =IFERROR(__xludf.DUMMYFUNCTION("""COMPUTED_VALUE"""),121510.06) -> 121510.06 | Q12: =IFERROR(__xludf.DUMMYFUNCTION("""COMPUTED_VALUE"""),"SAURABH SANITARY STORE") -> SAURABH SANITARY STORE | R12: =IFERROR(__xludf.DUMMYFUNCTION("""COMPUTED_VALUE"""),61220.380000000005) -> 61220.38 | U12: =IFERROR(__xludf.DUMMYFUNCTION("""COMPUTED_VALUE"""),"11-Apr-26") -> 11-Apr-26 | V12: =IFERROR(__xludf.DUMMYFUNCTION("""COMPUTED_VALUE"""),"Vidhya Sales") -> Vidhya Sales | W12: =IFERROR(__xludf.DUMMYFUNCTION("""COMPUTED_VALUE"""),100000.0) -> 100000 | X12: =IFERROR(__xludf.DUMMYFUNCTION("""COMPUTED_VALUE"""),"Apr-26") -> Apr-26 | Y12: =IFERROR(__xludf.DUMMYFUNCTION("""COMPUTED_VALUE"""),"Pymt") -> Pymt | Z12: =IFERROR(__xludf.DUMMYFUNCTION("""COMPUTED_VALUE"""),"UP ( A )") -> UP ( A ) | AA12: =IFERROR(__xludf.DUMMYFUNCTION("""COMPUTED_VALUE"""),"ANANT SINGH") -> ANANT SINGH
B13: 46079 | D13: Q-4 2023-24 | H13: =IFERROR(__xludf.DUMMYFUNCTION("""COMPUTED_VALUE"""),"TANEJA HARDWARE & ELECTRICALS") -> TANEJA HARDWARE & ELECTRICALS | I13: =IFERROR(__xludf.DUMMYFUNCTION("""COMPUTED_VALUE"""),99023.0) -> 99023 | Q13: =IFERROR(__xludf.DUMMYFUNCTION("""COMPUTED_VALUE"""),"RATHI SALES CORP.") -> RATHI SALES CORP. | R13: =IFERROR(__xludf.DUMMYFUNCTION("""COMPUTED_VALUE"""),54443.65999999999) -> 54443.66 | U13: =IFERROR(__xludf.DUMMYFUNCTION("""COMPUTED_VALUE"""),"11-Apr-26") -> 11-Apr-26 | V13: =IFERROR(__xludf.DUMMYFUNCTION("""COMPUTED_VALUE"""),"POOJA TRADING CO.") -> POOJA TRADING CO. | W13: =IFERROR(__xludf.DUMMYFUNCTION("""COMPUTED_VALUE"""),98898.0) -> 98898 | X13: =IFERROR(__xludf.DUMMYFUNCTION("""COMPUTED_VALUE"""),"Apr-26") -> Apr-26 | Y13: =IFERROR(__xludf.DUMMYFUNCTION("""COMPUTED_VALUE"""),"Pymt") -> Pymt | Z13: =IFERROR(__xludf.DUMMYFUNCTION("""COMPUTED_VALUE"""),"Uttarakhand") -> Uttarakhand | AA13: =IFERROR(__xludf.DUMMYFUNCTION("""COMPUTED_VALUE"""),"ANANT SINGH") -> ANANT SINGH
B14: 46107 | D14: Q-4 2023-24 | H14: =IFERROR(__xludf.DUMMYFUNCTION("""COMPUTED_VALUE"""),"LUV KUSH SALES CORPORATION") -> LUV KUSH SALES CORPORATION | I14: =IFERROR(__xludf.DUMMYFUNCTION("""COMPUTED_VALUE"""),86742.79999999999) -> 86742.8 | Q14: =IFERROR(__xludf.DUMMYFUNCTION("""COMPUTED_VALUE"""),"VINOD TRADERS") -> VINOD TRADERS | R14: =IFERROR(__xludf.DUMMYFUNCTION("""COMPUTED_VALUE"""),44201.37999999999) -> 44201.38 | U14: =IFERROR(__xludf.DUMMYFUNCTION("""COMPUTED_VALUE"""),"14-Apr-26") -> 14-Apr-26 | V14: =IFERROR(__xludf.DUMMYFUNCTION("""COMPUTED_VALUE"""),"LOHIA & SONS (GHAZIABAD)") -> LOHIA & SONS (GHAZIABAD) | W14: =IFERROR(__xludf.DUMMYFUNCTION("""COMPUTED_VALUE"""),200000.0) -> 200000 | X14: =IFERROR(__xludf.DUMMYFUNCTION("""COMPUTED_VALUE"""),"Apr-26") -> Apr-26 | Y14: =IFERROR(__xludf.DUMMYFUNCTION("""COMPUTED_VALUE"""),"Pymt") -> Pymt | Z14: =IFERROR(__xludf.DUMMYFUNCTION("""COMPUTED_VALUE"""),"UP ( A )") -> UP ( A ) | AA14: =IFERROR(__xludf.DUMMYFUNCTION("""COMPUTED_VALUE"""),"ANANT SINGH") -> ANANT SINGH
B15: 46138 | C15: FY-2026-27 | D15: Q-1 2024-25 | Q15: =IFERROR(__xludf.DUMMYFUNCTION("""COMPUTED_VALUE"""),"DELUXE SANITARY STORE") -> DELUXE SANITARY STORE | R15: =IFERROR(__xludf.DUMMYFUNCTION("""COMPUTED_VALUE"""),40930.840000000004) -> 40930.84 | U15: =IFERROR(__xludf.DUMMYFUNCTION("""COMPUTED_VALUE"""),"15-Apr-26") -> 15-Apr-26 | V15: =IFERROR(__xludf.DUMMYFUNCTION("""COMPUTED_VALUE"""),"AVANTI SALES & AGENCIES(MORADABAD)") -> AVANTI SALES & AGENCIES(MORADABAD) | W15: =IFERROR(__xludf.DUMMYFUNCTION("""COMPUTED_VALUE"""),700000.0) -> 700000 | X15: =IFERROR(__xludf.DUMMYFUNCTION("""COMPUTED_VALUE"""),"Apr-26") -> Apr-26 | Y15: =IFERROR(__xludf.DUMMYFUNCTION("""COMPUTED_VALUE"""),"Pymt") -> Pymt | Z15: =IFERROR(__xludf.DUMMYFUNCTION("""COMPUTED_VALUE"""),"UP ( A )") -> UP ( A ) | AA15: =IFERROR(__xludf.DUMMYFUNCTION("""COMPUTED_VALUE"""),"ANANT SINGH") -> ANANT SINGH
B16: 46168 | C16: FY-2026-27 | D16: Q-1 2024-25 | Q16: =IFERROR(__xludf.DUMMYFUNCTION("""COMPUTED_VALUE"""),"DEEPAK SANITORY & ELECTRIC STORE") -> DEEPAK SANITORY & ELECTRIC STORE | R16: =IFERROR(__xludf.DUMMYFUNCTION("""COMPUTED_VALUE"""),35799.59999999999) -> 35799.6 | U16: =IFERROR(__xludf.DUMMYFUNCTION("""COMPUTED_VALUE"""),"15-Apr-26") -> 15-Apr-26 | V16: =IFERROR(__xludf.DUMMYFUNCTION("""COMPUTED_VALUE"""),"Vidhya Sales") -> Vidhya Sales | W16: =IFERROR(__xludf.DUMMYFUNCTION("""COMPUTED_VALUE"""),100000.0) -> 100000 | X16: =IFERROR(__xludf.DUMMYFUNCTION("""COMPUTED_VALUE"""),"Apr-26") -> Apr-26 | Y16: =IFERROR(__xludf.DUMMYFUNCTION("""COMPUTED_VALUE"""),"Pymt") -> Pymt | Z16: =IFERROR(__xludf.DUMMYFUNCTION("""COMPUTED_VALUE"""),"UP ( A )") -> UP ( A ) | AA16: =IFERROR(__xludf.DUMMYFUNCTION("""COMPUTED_VALUE"""),"ANANT SINGH") -> ANANT SINGH
B17: 46199 | C17: FY-2026-27 | D17: Q-1 2024-25 | Q17: =IFERROR(__xludf.DUMMYFUNCTION("""COMPUTED_VALUE"""),"HARSH TRADING COMPANY") -> HARSH TRADING COMPANY | R17: =IFERROR(__xludf.DUMMYFUNCTION("""COMPUTED_VALUE"""),32535.0) -> 32535 | U17: =IFERROR(__xludf.DUMMYFUNCTION("""COMPUTED_VALUE"""),"16-Apr-26") -> 16-Apr-26 | V17: =IFERROR(__xludf.DUMMYFUNCTION("""COMPUTED_VALUE"""),"SUMIT PAINT AND HARDWARE") -> SUMIT PAINT AND HARDWARE | W17: =IFERROR(__xludf.DUMMYFUNCTION("""COMPUTED_VALUE"""),150000.0) -> 150000 | X17: =IFERROR(__xludf.DUMMYFUNCTION("""COMPUTED_VALUE"""),"Apr-26") -> Apr-26 | Y17: =IFERROR(__xludf.DUMMYFUNCTION("""COMPUTED_VALUE"""),"Pymt") -> Pymt | Z17: =IFERROR(__xludf.DUMMYFUNCTION("""COMPUTED_VALUE"""),"DELHI A") -> DELHI A | AA17: =IFERROR(__xludf.DUMMYFUNCTION("""COMPUTED_VALUE"""),"ANANT SINGH") -> ANANT SINGH
B18: 46229 | C18: FY-2026-27 | Q18: =IFERROR(__xludf.DUMMYFUNCTION("""COMPUTED_VALUE"""),"SUNITA ENTERPRISES") -> SUNITA ENTERPRISES | R18: =IFERROR(__xludf.DUMMYFUNCTION("""COMPUTED_VALUE"""),28609.0) -> 28609 | U18: =IFERROR(__xludf.DUMMYFUNCTION("""COMPUTED_VALUE"""),"16-Apr-26") -> 16-Apr-26 | V18: =IFERROR(__xludf.DUMMYFUNCTION("""COMPUTED_VALUE"""),"NITIN TRADERS") -> NITIN TRADERS | W18: =IFERROR(__xludf.DUMMYFUNCTION("""COMPUTED_VALUE"""),250000.0) -> 250000 | X18: =IFERROR(__xludf.DUMMYFUNCTION("""COMPUTED_VALUE"""),"Apr-26") -> Apr-26 | Y18: =IFERROR(__xludf.DUMMYFUNCTION("""COMPUTED_VALUE"""),"Pymt") -> Pymt | Z18: =IFERROR(__xludf.DUMMYFUNCTION("""COMPUTED_VALUE"""),"UP ( A )") -> UP ( A ) | AA18: =IFERROR(__xludf.DUMMYFUNCTION("""COMPUTED_VALUE"""),"ANANT SINGH") -> ANANT SINGH
C19: FY-2026-27 | Q19: =IFERROR(__xludf.DUMMYFUNCTION("""COMPUTED_VALUE"""),"HINDUSTAN SANITARY STORES") -> HINDUSTAN SANITARY STORES | R19: =IFERROR(__xludf.DUMMYFUNCTION("""COMPUTED_VALUE"""),11993.239999999998) -> 11993.24 | U19: =IFERROR(__xludf.DUMMYFUNCTION("""COMPUTED_VALUE"""),"18-Apr-26") -> 18-Apr-26 | V19: =IFERROR(__xludf.DUMMYFUNCTION("""COMPUTED_VALUE"""),"AVANTI SALES & AGENCIES(MORADABAD)") -> AVANTI SALES & AGENCIES(MORADABAD) | W19: =IFERROR(__xludf.DUMMYFUNCTION("""COMPUTED_VALUE"""),300000.0) -> 300000 | X19: =IFERROR(__xludf.DUMMYFUNCTION("""COMPUTED_VALUE"""),"Apr-26") -> Apr-26 | Y19: =IFERROR(__xludf.DUMMYFUNCTION("""COMPUTED_VALUE"""),"Pymt") -> Pymt | Z19: =IFERROR(__xludf.DUMMYFUNCTION("""COMPUTED_VALUE"""),"UP ( A )") -> UP ( A ) | AA19: =IFERROR(__xludf.DUMMYFUNCTION("""COMPUTED_VALUE"""),"ANANT SINGH") -> ANANT SINGH
C20: FY-2026-27 | Q20: =IFERROR(__xludf.DUMMYFUNCTION("""COMPUTED_VALUE"""),"ABHEY SINGH SONI") -> ABHEY SINGH SONI | R20: =IFERROR(__xludf.DUMMYFUNCTION("""COMPUTED_VALUE"""),11074.0) -> 11074 | U20: =IFERROR(__xludf.DUMMYFUNCTION("""COMPUTED_VALUE"""),"18-Apr-26") -> 18-Apr-26 | V20: =IFERROR(__xludf.DUMMYFUNCTION("""COMPUTED_VALUE"""),"LOHIA & SONS (GHAZIABAD)") -> LOHIA & SONS (GHAZIABAD) | W20: =IFERROR(__xludf.DUMMYFUNCTION("""COMPUTED_VALUE"""),200000.0) -> 200000 | X20: =IFERROR(__xludf.DUMMYFUNCTION("""COMPUTED_VALUE"""),"Apr-26") -> Apr-26 | Y20: =IFERROR(__xludf.DUMMYFUNCTION("""COMPUTED_VALUE"""),"Pymt") -> Pymt | Z20: =IFERROR(__xludf.DUMMYFUNCTION("""COMPUTED_VALUE"""),"UP ( A )") -> UP ( A ) | AA20: =IFERROR(__xludf.DUMMYFUNCTION("""COMPUTED_VALUE"""),"ANANT SINGH") -> ANANT SINGH
