Workbook

Sheet SECONDARY ORDER BOOKING REPORT 
B1: SECONDARY ORDER BOOKING REPORT 2026-27
C3: TOTAL | I3: =SUM(I7:I172) -> 5550165 | J3: =SUM(J7:J172) -> 334318616 | K3: =SUM(K7:K172) -> 11536 | L3: =SUM(L7:L172) -> 3619744793 | M3: =SUM(M7:M172) -> 5.779557e+08 | N3: =iferror(O3/L3,"") -> 0.12280843 | O3: =SUM(O7:O172) -> 4.4453518e+08 | P3: =SUM(P7:P172) -> 252592620 | Q3: =SUM(Q7:Q172) -> 6751 | R3: =SUM(R7:R172) -> 1.276113e+08 | S3: =SUM(S7:S172) -> 2213 | T3: =iferror(R3/P3,"") -> 0.50520599 | U3: =SUM(U7:U172) -> 1.3999574e+08 | V3: =SUM(V7:V172) -> 2589 | W3: =SUM(W7:W172) -> 2.8439279e+08 | X3: =SUM(X7:X172) -> 7672 | Y3: =SUM(Y7:Y172) -> 205924259 | Z3: =SUM(Z7:Z172) -> 2975 | AA3: =iferror(Y3/W3,"") -> 0.72408396 | AB3: =SUM(AB7:AB172) -> 2.0272754e+08 | AC3: =SUM(AC7:AC172) -> 3183 | AD3: =SUM(AD7:AD172) -> 2.8477878e+08 | AE3: =SUM(AE7:AE172) -> 7663 | AF3: =SUM(AF7:AF172) -> 2.4442014e+08 | AG3: =SUM(AG7:AG172) -> 3462 | AH3: =iferror(AF3/AD3,"") -> 0.85828074 | AI3: =SUM(AI7:AI172) -> 99094753 | AJ3: =SUM(AJ7:AJ172) -> 1549 | AK3: =SUM(AK7:AK172) -> 2.0852314e+08 | AL3: =SUM(AL7:AL172) -> 4490 | AM3: =SUM(AM7:AM172) -> 0 | AN3: =SUM(AN7:AN172) -> 0 | AO3: =iferror(AM3/AK3,"") -> 0 | AP3: =SUM(AP7:AP172) -> 1823285 | AQ3: =SUM(AQ7:AQ172) -> 59 | AR3: =SUM(AR7:AR172) -> 1.6198663e+08 | AS3: =SUM(AS7:AS172) -> 3443 | AT3: =SUM(AT7:AT172) -> 0 | AU3: =SUM(AU7:AU172) -> 0 | AV3: =iferror(AT3/AR3,"") -> 0 | AW3: =SUM(AW7:AW172) -> 0 | AX3: =SUM(AX7:AX172) -> 0 | AY3: =SUM(AY7:AY172) -> 1.701646e+08 | AZ3: =SUM(AZ7:AZ172) -> 2977 | BA3: =SUM(BA7:BA172) -> 0 | BB3: =SUM(BB7:BB172) -> 0 | BC3: =iferror(BA3/AY3,"") -> 0 | BD3: =SUM(BD7:BD172) -> 0 | BE3: =SUM(BE7:BE172) -> 0 | BF3: =SUM(BF7:BF172) -> 1.5771319e+08 | BG3: =SUM(BG7:BG172) -> 3024 | BH3: =SUM(BH7:BH172) -> 0 | BI3: =SUM(BI7:BI172) -> 0 | BJ3: =iferror(BH3/BF3,"") -> 0 | BK3: =SUM(BK7:BK172) -> 0 | BL3: =SUM(BL7:BL172) -> 0 | BM3: =SUM(BM7:BM172) -> 1.594196e+08 | BN3: =SUM(BN7:BN172) -> 3027 | BO3: =SUM(BO7:BO172) -> 0 | BP3: =SUM(BP7:BP172) -> 0 | BQ3: =iferror(BO3/BM3,"") -> 0 | BR3: =SUM(BR7:BR172) -> 0 | BS3: =SUM(BS7:BS172) -> 0 | BT3: =SUM(BT7:BT172) -> 1.8381142e+08 | BU3: =SUM(BU7:BU172) -> 3060 | BV3: =SUM(BV7:BV172) -> 0 | BW3: =SUM(BW7:BW172) -> 0 | BX3: =iferror(BV3/BT3,"") -> 0 | BY3: =SUM(BY7:BY172) -> 0 | BZ3: =SUM(BZ7:BZ172) -> 0 | CA3: =SUM(CA7:CA172) -> 1.6045965e+08 | CB3: =SUM(CB7:CB172) -> 3012 | CC3: =SUM(CC7:CC172) -> 0 | CD3: =SUM(CD7:CD172) -> 0 | CE3: =iferror(CC3/CA3,"") -> 0 | CF3: =SUM(CF7:CF172) -> 0 | CG3: =SUM(CG7:CG172) -> 0 | CH3: =SUM(CH7:CH172) -> 1.6766664e+08 | CI3: =SUM(CI7:CI172) -> 3022 | CJ3: =SUM(CJ7:CJ172) -> 0 | CK3: =SUM(CK7:CK172) -> 0 | CL3: =iferror(CJ3/CH3,"") -> 0 | CM3: =SUM(CM7:CM172) -> 0 | CN3: =SUM(CN7:CN172) -> 0 | CO3: =SUM(CO7:CO172) -> 1.806421e+08 | CP3: =SUM(CP7:CP172) -> 3074 | CQ3: =SUM(CQ7:CQ172) -> 0 | CR3: =SUM(CR7:CR172) -> 0 | CS3: =iferror(CQ3/CO3,"") -> 0 | CT3: =SUM(CT7:CT172) -> 893855 | CU3: =SUM(CU7:CU172) -> 22
B4: State Head | C4: Team Member | D4: H.Q | E4: Contact Number | F4: DOJ | G4: Week Off | H4: Market Hours | I4: Monthly CTC 25-26 | J4: Monthly Target 26-27 | K4: Total Dealer 26-27 | L4: Business Plan 26-27 | M4: Order Booked 26-27 | N4: Final Achievement | O4: Sales 26-27 | P4: 46113 | W4: 46143 | AD4: 46174 | AK4: 46204 | AR4: 46235 | AY4: 46266 | BF4: 46296 | BM4: 46327 | BT4: 46357 | CA4: 46388 | CH4: 46419 | CO4: 46447
P5: Plan | R5: Order Booked | T5: % of Achievement | U5: Sales Received | W5: Plan | Y5: Order Booked | AA5: % of Achievement | AB5: Sales Received | AD5: Plan | AF5: Order Booked | AH5: % of Achievement | AI5: Sales Received | AK5: Plan | AM5: Order Booked | AO5: % of Achievement | AP5: Sales Received | AR5: Plan | AT5: Order Booked | AV5: % of Achievement | AW5: Sales Received | AY5: Plan | BA5: Order Booked | BC5: % of Achievement | BD5: Sales Received | BF5: Plan | BH5: Order Booked | BJ5: % of Achievement | BK5: Sales Received | BM5: Plan | BO5: Order Booked | BQ5: % of Achievement | BR5: Sales Received | BT5: Plan | BV5: Order Booked | BX5: % of Achievement | BY5: Sales Received | CA5: Plan | CC5: Order Booked | CE5: % of Achievement | CF5: Sales Received | CH5: Plan | CJ5: Order Booked | CL5: % of Achievement | CM5: Sales Received | CO5: Plan | CQ5: Order Booked | CS5: % of Achievement | CT5: Sales Received
P6: Amount | Q6: Count | R6: Amount | S6: Count | U6: Amount | V6: Count | W6: Amount | X6: Count | Y6: Amount | Z6: Count | AB6: Amount | AC6: Count | AD6: Amount | AE6: Count | AF6: Amount | AG6: Count | AI6: Amount | AJ6: Count | AK6: Amount | AL6: Count | AM6: Amount | AN6: Count | AP6: Amount | AQ6: Count | AR6: Amount | AS6: Count | AT6: Amount | AU6: Count | AW6: Amount | AX6: Count | AY6: Amount | AZ6: Count | BA6: Amount | BB6: Count | BD6: Amount | BE6: Count | BF6: Amount | BG6: Count | BH6: Amount | BI6: Count | BK6: Amount | BL6: Count | BM6: Amount | BN6: Count | BO6: Amount | BP6: Count | BR6: Amount | BS6: Count | BT6: Amount | BU6: Count | BV6: Amount | BW6: Count | BY6: Amount | BZ6: Count | CA6: Amount | CB6: Count | CC6: Amount | CD6: Count | CF6: Amount | CG6: Count | CH6: Amount | CI6: Count | CJ6: Amount | CK6: Count | CM6: Amount | CN6: Count | CO6: Amount | CP6: Count | CQ6: Amount | CR6: Count | CT6: Amount | CU6: Count
A7: Anant Singh | B7: Anant Singh | C7: Ravinder Puri | D7: Ghaziabad | E7: 8802898600 | F7: 44809 | I7: 32910 | J7: 1980000 | K7: =IFERROR(__xludf.DUMMYFUNCTION("IMPORTRANGE(""1WowgCGTCOMmqanUXVQIbYWHbXi0cuGFxvrPe3CdSDpA"",""2026-27!A3"")"),96.0) -> 96 | L7: =IFERROR(__xludf.DUMMYFUNCTION("IMPORTRANGE(""1WowgCGTCOMmqanUXVQIbYWHbXi0cuGFxvrPe3CdSDpA"",""2026-27!G4"")"),2.376E7) -> 23760000 | M7: =R7+Y7+AF7+AM7+AT7+BA7+BH7+BO7+BV7+CC7+CJ7+CQ7 -> 5225399.2 | N7: =iferror(O7/L7,"") -> 0.23653455 | O7: =U7+AB7+AI7+AP7+AW7+BD7+BK7+BR7+BY7+CF7+CM7+CT7 -> 5620061 | P7: =IFERROR(__xludf.DUMMYFUNCTION("IMPORTRANGE(""1WowgCGTCOMmqanUXVQIbYWHbXi0cuGFxvrPe3CdSDpA"",""2026-27!J4"")"),1800000.0) -> 1800000 | Q7: =IFERROR(__xludf.DUMMYFUNCTION("IMPORTRANGE(""1WowgCGTCOMmqanUXVQIbYWHbXi0cuGFxvrPe3CdSDpA"",""2026-27!J3"")"),91.0) -> 91 | R7: =IFERROR(__xludf.DUMMYFUNCTION("IMPORTRANGE(""1WowgCGTCOMmqanUXVQIbYWHbXi0cuGFxvrPe3CdSDpA"",""2026-27!K4"")"),1544324.43) -> 1544324.4 | S7: =IFERROR(__xludf.DUMMYFUNCTION("IMPORTRANGE(""1WowgCGTCOMmqanUXVQIbYWHbXi0cuGFxvrPe3CdSDpA"",""2026-27!K3"")"),46.0) -> 46 | T7: =IFERROR((U7/P7),"") -> 0.93006667 | U7: =IFERROR(__xludf.DUMMYFUNCTION("IMPORTRANGE(""1WowgCGTCOMmqanUXVQIbYWHbXi0cuGFxvrPe3CdSDpA"",""2026-27!L4"")"),1674120.0) -> 1674120 | V7: =IFERROR(__xludf.DUMMYFUNCTION("IMPORTRANGE(""1WowgCGTCOMmqanUXVQIbYWHbXi0cuGFxvrPe3CdSDpA"",""2026-27!L3"")"),53.0) -> 53 | W7: =IFERROR(__xludf.DUMMYFUNCTION("IMPORTRANGE(""1WowgCGTCOMmqanUXVQIbYWHbXi0cuGFxvrPe3CdSDpA"",""2026-27!m4"")"),1980000.0) -> 1980000 | X7: =IFERROR(__xludf.DUMMYFUNCTION("IMPORTRANGE(""1WowgCGTCOMmqanUXVQIbYWHbXi0cuGFxvrPe3CdSDpA"",""2026-27!m3"")"),91.0) -> 91 | Y7: =IFERROR(__xludf.DUMMYFUNCTION("IMPORTRANGE(""1WowgCGTCOMmqanUXVQIbYWHbXi0cuGFxvrPe3CdSDpA"",""2026-27!N4"")"),1644028.0999999996) -> 1644028.1 | Z7: =IFERROR(__xludf.DUMMYFUNCTION("IMPORTRANGE(""1WowgCGTCOMmqanUXVQIbYWHbXi0cuGFxvrPe3CdSDpA"",""2026-27!N3"")"),50.0) -> 50 | AA7: =IFERROR((AB7/W7),"") -> 0.87523131 | AB7: =IFERROR(__xludf.DUMMYFUNCTION("IMPORTRANGE(""1WowgCGTCOMmqanUXVQIbYWHbXi0cuGFxvrPe3CdSDpA"",""2026-27!O4"")"),1732958.0) -> 1732958 | AC7: =IFERROR(__xludf.DUMMYFUNCTION("IMPORTRANGE(""1WowgCGTCOMmqanUXVQIbYWHbXi0cuGFxvrPe3CdSDpA"",""2026-27!O3"")"),52.0) -> 52 | AD7: =IFERROR(__xludf.DUMMYFUNCTION("IMPORTRANGE(""1WowgCGTCOMmqanUXVQIbYWHbXi0cuGFxvrPe3CdSDpA"",""2026-27!P4"")"),1980000.0) -> 1980000 | AE7: =IFERROR(__xludf.DUMMYFUNCTION("IMPORTRANGE(""1WowgCGTCOMmqanUXVQIbYWHbXi0cuGFxvrPe3CdSDpA"",""2026-27!P3"")"),94.0) -> 94 | AF7: =IFERROR(__xludf.DUMMYFUNCTION("IMPORTRANGE(""1WowgCGTCOMmqanUXVQIbYWHbXi0cuGFxvrPe3CdSDpA"",""2026-27!Q4"")"),2037046.62) -> 2037046.6 | AG7: =IFERROR(__xludf.DUMMYFUNCTION("IMPORTRANGE(""1WowgCGTCOMmqanUXVQIbYWHbXi0cuGFxvrPe3CdSDpA"",""2026-27!Q3"")"),43.0) -> 43 | AH7: =IFERROR((AI7/AD7),"") -> 1.1176682 | AI7: =IFERROR(__xludf.DUMMYFUNCTION("IMPORTRANGE(""1WowgCGTCOMmqanUXVQIbYWHbXi0cuGFxvrPe3CdSDpA"",""2026-27!R4"")"),2212983.0) -> 2212983 | AJ7: =IFERROR(__xludf.DUMMYFUNCTION("IMPORTRANGE(""1WowgCGTCOMmqanUXVQIbYWHbXi0cuGFxvrPe3CdSDpA"",""2026-27!R3"")"),50.0) -> 50 | AK7: =IFERROR(__xludf.DUMMYFUNCTION("IMPORTRANGE(""1WowgCGTCOMmqanUXVQIbYWHbXi0cuGFxvrPe3CdSDpA"",""2026-27!S4"")"),1980000.0) -> 1980000 | AL7: =IFERROR(__xludf.DUMMYFUNCTION("IMPORTRANGE(""1WowgCGTCOMmqanUXVQIbYWHbXi0cuGFxvrPe3CdSDpA"",""2026-27!S3"")"),95.0) -> 95 | AM7: =IFERROR(__xludf.DUMMYFUNCTION("IMPORTRANGE(""1WowgCGTCOMmqanUXVQIbYWHbXi0cuGFxvrPe3CdSDpA"",""2026-27!T4"")"),0.0) -> 0 | AN7: =IFERROR(__xludf.DUMMYFUNCTION("IMPORTRANGE(""1WowgCGTCOMmqanUXVQIbYWHbXi0cuGFxvrPe3CdSDpA"",""2026-27!T3"")"),0.0) -> 0 | AO7: =IFERROR((AP7/AK7),"") -> 0 | AP7: =IFERROR(__xludf.DUMMYFUNCTION("IMPORTRANGE(""1WowgCGTCOMmqanUXVQIbYWHbXi0cuGFxvrPe3CdSDpA"",""2026-27!U4"")"),0.0) -> 0 | AQ7: =IFERROR(__xludf.DUMMYFUNCTION("IMPORTRANGE(""1WowgCGTCOMmqanUXVQIbYWHbXi0cuGFxvrPe3CdSDpA"",""2026-27!U3"")"),0.0) -> 0 | AR7: =IFERROR(__xludf.DUMMYFUNCTION("IMPORTRANGE(""1WowgCGTCOMmqanUXVQIbYWHbXi0cuGFxvrPe3CdSDpA"",""2026-27!V4"")"),0.0) -> 0 | AS7: =IFERROR(__xludf.DUMMYFUNCTION("IMPORTRANGE(""1WowgCGTCOMmqanUXVQIbYWHbXi0cuGFxvrPe3CdSDpA"",""2026-27!V3"")"),0.0) -> 0 | AT7: =IFERROR(__xludf.DUMMYFUNCTION("IMPORTRANGE(""1WowgCGTCOMmqanUXVQIbYWHbXi0cuGFxvrPe3CdSDpA"",""2026-27!W4"")"),0.0) -> 0 | AU7: =IFERROR(__xludf.DUMMYFUNCTION("IMPORTRANGE(""1WowgCGTCOMmqanUXVQIbYWHbXi0cuGFxvrPe3CdSDpA"",""2026-27!W3"")"),0.0) -> 0 | AV7: =IFERROR((AW7/AR7),"") | AW7: =IFERROR(__xludf.DUMMYFUNCTION("IMPORTRANGE(""1WowgCGTCOMmqanUXVQIbYWHbXi0cuGFxvrPe3CdSDpA"",""2026-27!X4"")"),0.0) -> 0 | AX7: =IFERROR(__xludf.DUMMYFUNCTION("IMPORTRANGE(""1WowgCGTCOMmqanUXVQIbYWHbXi0cuGFxvrPe3CdSDpA"",""2026-27!X3"")"),0.0) -> 0 | AY7: =IFERROR(__xludf.DUMMYFUNCTION("IMPORTRANGE(""1WowgCGTCOMmqanUXVQIbYWHbXi0cuGFxvrPe3CdSDpA"",""2026-27!Y4"")"),0.0) -> 0 | AZ7: =IFERROR(__xludf.DUMMYFUNCTION("IMPORTRANGE(""1WowgCGTCOMmqanUXVQIbYWHbXi0cuGFxvrPe3CdSDpA"",""2026-27!Y3"")"),0.0) -> 0 | BA7: =IFERROR(__xludf.DUMMYFUNCTION("IMPORTRANGE(""1WowgCGTCOMmqanUXVQIbYWHbXi0cuGFxvrPe3CdSDpA"",""2026-27!Z4"")"),0.0) -> 0 | BB7: =IFERROR(__xludf.DUMMYFUNCTION("IMPORTRANGE(""1WowgCGTCOMmqanUXVQIbYWHbXi0cuGFxvrPe3CdSDpA"",""2026-27!Z3"")"),0.0) -> 0 | BC7: =IFERROR((BD7/AY7),"") | BD7: =IFERROR(__xludf.DUMMYFUNCTION("IMPORTRANGE(""1WowgCGTCOMmqanUXVQIbYWHbXi0cuGFxvrPe3CdSDpA"",""2026-27!AA4"")"),0.0) -> 0 | BE7: =IFERROR(__xludf.DUMMYFUNCTION("IMPORTRANGE(""1WowgCGTCOMmqanUXVQIbYWHbXi0cuGFxvrPe3CdSDpA"",""2026-27!AA3"")"),0.0) -> 0 | BF7: =IFERROR(__xludf.DUMMYFUNCTION("IMPORTRANGE(""1WowgCGTCOMmqanUXVQIbYWHbXi0cuGFxvrPe3CdSDpA"",""2026-27!AB4"")"),0.0) -> 0 | BG7: =IFERROR(__xludf.DUMMYFUNCTION("IMPORTRANGE(""1WowgCGTCOMmqanUXVQIbYWHbXi0cuGFxvrPe3CdSDpA"",""2026-27!AB3"")"),0.0) -> 0 | BH7: =IFERROR(__xludf.DUMMYFUNCTION("IMPORTRANGE(""1WowgCGTCOMmqanUXVQIbYWHbXi0cuGFxvrPe3CdSDpA"",""2026-27!AC4"")"),0.0) -> 0 | BI7: =IFERROR(__xludf.DUMMYFUNCTION("IMPORTRANGE(""1WowgCGTCOMmqanUXVQIbYWHbXi0cuGFxvrPe3CdSDpA"",""2026-27!AC3"")"),0.0) -> 0 | BJ7: =IFERROR((BK7/BF7),"") | BK7: =IFERROR(__xludf.DUMMYFUNCTION("IMPORTRANGE(""1WowgCGTCOMmqanUXVQIbYWHbXi0cuGFxvrPe3CdSDpA"",""2026-27!AD4"")"),0.0) -> 0 | BL7: =IFERROR(__xludf.DUMMYFUNCTION("IMPORTRANGE(""1WowgCGTCOMmqanUXVQIbYWHbXi0cuGFxvrPe3CdSDpA"",""2026-27!AD3"")"),0.0) -> 0 | BM7: =IFERROR(__xludf.DUMMYFUNCTION("IMPORTRANGE(""1WowgCGTCOMmqanUXVQIbYWHbXi0cuGFxvrPe3CdSDpA"",""2026-27!AE4"")"),0.0) -> 0 | BN7: =IFERROR(__xludf.DUMMYFUNCTION("IMPORTRANGE(""1WowgCGTCOMmqanUXVQIbYWHbXi0cuGFxvrPe3CdSDpA"",""2026-27!AE3"")"),0.0) -> 0 | BO7: =IFERROR(__xludf.DUMMYFUNCTION("IMPORTRANGE(""1WowgCGTCOMmqanUXVQIbYWHbXi0cuGFxvrPe3CdSDpA"",""2026-27!AF4"")"),0.0) -> 0 | BP7: =IFERROR(__xludf.DUMMYFUNCTION("IMPORTRANGE(""1WowgCGTCOMmqanUXVQIbYWHbXi0cuGFxvrPe3CdSDpA"",""2026-27!AF3"")"),0.0) -> 0 | BQ7: =IFERROR((BR7/BM7),"") | BR7: =IFERROR(__xludf.DUMMYFUNCTION("IMPORTRANGE(""1WowgCGTCOMmqanUXVQIbYWHbXi0cuGFxvrPe3CdSDpA"",""2026-27!AG4"")"),0.0) -> 0 | BS7: =IFERROR(__xludf.DUMMYFUNCTION("IMPORTRANGE(""1WowgCGTCOMmqanUXVQIbYWHbXi0cuGFxvrPe3CdSDpA"",""2026-27!AG3"")"),0.0) -> 0 | BT7: =IFERROR(__xludf.DUMMYFUNCTION("IMPORTRANGE(""1WowgCGTCOMmqanUXVQIbYWHbXi0cuGFxvrPe3CdSDpA"",""2026-27!AH4"")"),0.0) -> 0 | BU7: =IFERROR(__xludf.DUMMYFUNCTION("IMPORTRANGE(""1WowgCGTCOMmqanUXVQIbYWHbXi0cuGFxvrPe3CdSDpA"",""2026-27!AH3"")"),0.0) -> 0 | BV7: =IFERROR(__xludf.DUMMYFUNCTION("IMPORTRANGE(""1WowgCGTCOMmqanUXVQIbYWHbXi0cuGFxvrPe3CdSDpA"",""2026-27!AI4"")"),0.0) -> 0 | BW7: =IFERROR(__xludf.DUMMYFUNCTION("IMPORTRANGE(""1WowgCGTCOMmqanUXVQIbYWHbXi0cuGFxvrPe3CdSDpA"",""2026-27!AI3"")"),0.0) -> 0 | BX7: =IFERROR((BY7/BT7),"") | BY7: =IFERROR(__xludf.DUMMYFUNCTION("IMPORTRANGE(""1WowgCGTCOMmqanUXVQIbYWHbXi0cuGFxvrPe3CdSDpA"",""2026-27!AJ4"")"),0.0) -> 0 | BZ7: =IFERROR(__xludf.DUMMYFUNCTION("IMPORTRANGE(""1WowgCGTCOMmqanUXVQIbYWHbXi0cuGFxvrPe3CdSDpA"",""2026-27!AJ3"")"),0.0) -> 0 | CA7: =IFERROR(__xludf.DUMMYFUNCTION("IMPORTRANGE(""1WowgCGTCOMmqanUXVQIbYWHbXi0cuGFxvrPe3CdSDpA"",""2026-27!AK4"")"),0.0) -> 0 | CB7: =IFERROR(__xludf.DUMMYFUNCTION("IMPORTRANGE(""1WowgCGTCOMmqanUXVQIbYWHbXi0cuGFxvrPe3CdSDpA"",""2026-27!AK3"")"),0.0) -> 0 | CC7: =IFERROR(__xludf.DUMMYFUNCTION("IMPORTRANGE(""1WowgCGTCOMmqanUXVQIbYWHbXi0cuGFxvrPe3CdSDpA"",""2026-27!AL4"")"),0.0) -> 0 | CD7: =IFERROR(__xludf.DUMMYFUNCTION("IMPORTRANGE(""1WowgCGTCOMmqanUXVQIbYWHbXi0cuGFxvrPe3CdSDpA"",""2026-27!AL3"")"),0.0) -> 0 | CE7: =IFERROR((CF7/CA7),"") | CF7: =IFERROR(__xludf.DUMMYFUNCTION("IMPORTRANGE(""1WowgCGTCOMmqanUXVQIbYWHbXi0cuGFxvrPe3CdSDpA"",""2026-27!AM4"")"),0.0) -> 0 | CG7: =IFERROR(__xludf.DUMMYFUNCTION("IMPORTRANGE(""1WowgCGTCOMmqanUXVQIbYWHbXi0cuGFxvrPe3CdSDpA"",""2026-27!AM3"")"),0.0) -> 0 | CH7: =IFERROR(__xludf.DUMMYFUNCTION("IMPORTRANGE(""1WowgCGTCOMmqanUXVQIbYWHbXi0cuGFxvrPe3CdSDpA"",""2026-27!AN4"")"),0.0) -> 0 | CI7: =IFERROR(__xludf.DUMMYFUNCTION("IMPORTRANGE(""1WowgCGTCOMmqanUXVQIbYWHbXi0cuGFxvrPe3CdSDpA"",""2026-27!AN3"")"),0.0) -> 0 | CJ7: =IFERROR(__xludf.DUMMYFUNCTION("IMPORTRANGE(""1WowgCGTCOMmqanUXVQIbYWHbXi0cuGFxvrPe3CdSDpA"",""2026-27!AO4"")"),0.0) -> 0 | CK7: =IFERROR(__xludf.DUMMYFUNCTION("IMPORTRANGE(""1WowgCGTCOMmqanUXVQIbYWHbXi0cuGFxvrPe3CdSDpA"",""2026-27!AO3"")"),0.0) -> 0 | CL7: =IFERROR((CM7/CH7),"") | CM7: =IFERROR(__xludf.DUMMYFUNCTION("IMPORTRANGE(""1WowgCGTCOMmqanUXVQIbYWHbXi0cuGFxvrPe3CdSDpA"",""2026-27!AP4"")"),0.0) -> 0 | CN7: =IFERROR(__xludf.DUMMYFUNCTION("IMPORTRANGE(""1WowgCGTCOMmqanUXVQIbYWHbXi0cuGFxvrPe3CdSDpA"",""2026-27!AP3"")"),0.0) -> 0 | CO7: =IFERROR(__xludf.DUMMYFUNCTION("IMPORTRANGE(""1WowgCGTCOMmqanUXVQIbYWHbXi0cuGFxvrPe3CdSDpA"",""2026-27!AQ4"")"),0.0) -> 0 | CP7: =IFERROR(__xludf.DUMMYFUNCTION("IMPORTRANGE(""1WowgCGTCOMmqanUXVQIbYWHbXi0cuGFxvrPe3CdSDpA"",""2026-27!AQ3"")"),0.0) -> 0 | CQ7: =IFERROR(__xludf.DUMMYFUNCTION("IMPORTRANGE(""1WowgCGTCOMmqanUXVQIbYWHbXi0cuGFxvrPe3CdSDpA"",""2026-27!AR4"")"),0.0) -> 0 | CR7: =IFERROR(__xludf.DUMMYFUNCTION("IMPORTRANGE(""1WowgCGTCOMmqanUXVQIbYWHbXi0cuGFxvrPe3CdSDpA"",""2026-27!AR3"")"),0.0) -> 0 | CS7: =IFERROR((CT7/CO7),"") | CT7: =IFERROR(__xludf.DUMMYFUNCTION("IMPORTRANGE(""1WowgCGTCOMmqanUXVQIbYWHbXi0cuGFxvrPe3CdSDpA"",""2026-27!AS4"")"),0.0) -> 0 | CU7: =IFERROR(__xludf.DUMMYFUNCTION("IMPORTRANGE(""1WowgCGTCOMmqanUXVQIbYWHbXi0cuGFxvrPe3CdSDpA"",""2026-27!AS3"")"),0.0) -> 0
A8: Anant Singh | C8: PRASUN CHATTERJEE | D8: Delhi | E8: 9810268300 | F8: 44994 | I8: 46390 | J8: 1800000 | K8: =IFERROR(__xludf.DUMMYFUNCTION("IMPORTRANGE(""1UEZK2L9OACV3t606hu8vkTn-5ekPDyqCYSBS2X6A5Jc"",""2026-27!A3"")"),73.0) -> 73 | L8: =IFERROR(__xludf.DUMMYFUNCTION("IMPORTRANGE(""1UEZK2L9OACV3t606hu8vkTn-5ekPDyqCYSBS2X6A5Jc"",""2026-27!G4"")"),1.8E7) -> 18000000 | M8: =R8+Y8+AF8+AM8+AT8+BA8+BH8+BO8+BV8+CC8+CJ8+CQ8 -> 2621109.1 | N8: =iferror(O8/L8,"") -> 0.079209278 | O8: =U8+AB8+AI8+AP8+AW8+BD8+BK8+BR8+BY8+CF8+CM8+CT8 -> 1425767 | P8: =IFERROR(__xludf.DUMMYFUNCTION("IMPORTRANGE(""1UEZK2L9OACV3t606hu8vkTn-5ekPDyqCYSBS2X6A5Jc"",""2026-27!J4"")"),1673000.0) -> 1673000 | Q8: =IFERROR(__xludf.DUMMYFUNCTION("IMPORTRANGE(""1UEZK2L9OACV3t606hu8vkTn-5ekPDyqCYSBS2X6A5Jc"",""2026-27!J3"")"),66.0) -> 66 | R8: =IFERROR(__xludf.DUMMYFUNCTION("IMPORTRANGE(""1UEZK2L9OACV3t606hu8vkTn-5ekPDyqCYSBS2X6A5Jc"",""2026-27!K4"")"),415010.95) -> 415010.95 | S8: =IFERROR(__xludf.DUMMYFUNCTION("IMPORTRANGE(""1UEZK2L9OACV3t606hu8vkTn-5ekPDyqCYSBS2X6A5Jc"",""2026-27!K3"")"),20.0) -> 20 | T8: =IFERROR((U8/P8),"") -> 0.24477764 | U8: =IFERROR(__xludf.DUMMYFUNCTION("IMPORTRANGE(""1UEZK2L9OACV3t606hu8vkTn-5ekPDyqCYSBS2X6A5Jc"",""2026-27!L4"")"),409513.0) -> 409513 | V8: =IFERROR(__xludf.DUMMYFUNCTION("IMPORTRANGE(""1UEZK2L9OACV3t606hu8vkTn-5ekPDyqCYSBS2X6A5Jc"",""2026-27!L3"")"),20.0) -> 20 | W8: =IFERROR(__xludf.DUMMYFUNCTION("IMPORTRANGE(""1UEZK2L9OACV3t606hu8vkTn-5ekPDyqCYSBS2X6A5Jc"",""2026-27!m4"")"),1673000.0) -> 1673000 | X8: =IFERROR(__xludf.DUMMYFUNCTION("IMPORTRANGE(""1UEZK2L9OACV3t606hu8vkTn-5ekPDyqCYSBS2X6A5Jc"",""2026-27!m3"")"),66.0) -> 66 | Y8: =IFERROR(__xludf.DUMMYFUNCTION("IMPORTRANGE(""1UEZK2L9OACV3t606hu8vkTn-5ekPDyqCYSBS2X6A5Jc"",""2026-27!N4"")"),945801.1) -> 945801.1 | Z8: =IFERROR(__xludf.DUMMYFUNCTION("IMPORTRANGE(""1UEZK2L9OACV3t606hu8vkTn-5ekPDyqCYSBS2X6A5Jc"",""2026-27!N3"")"),20.0) -> 20 | AA8: =IFERROR((AB8/W8),"") -> 0.60744411 | AB8: =IFERROR(__xludf.DUMMYFUNCTION("IMPORTRANGE(""1UEZK2L9OACV3t606hu8vkTn-5ekPDyqCYSBS2X6A5Jc"",""2026-27!O4"")"),1016254.0) -> 1016254 | AC8: =IFERROR(__xludf.DUMMYFUNCTION("IMPORTRANGE(""1UEZK2L9OACV3t606hu8vkTn-5ekPDyqCYSBS2X6A5Jc"",""2026-27!O3"")"),20.0) -> 20 | AD8: =IFERROR(__xludf.DUMMYFUNCTION("IMPORTRANGE(""1UEZK2L9OACV3t606hu8vkTn-5ekPDyqCYSBS2X6A5Jc"",""2026-27!P4"")"),1673000.0) -> 1673000 | AE8: =IFERROR(__xludf.DUMMYFUNCTION("IMPORTRANGE(""1UEZK2L9OACV3t606hu8vkTn-5ekPDyqCYSBS2X6A5Jc"",""2026-27!P3"")"),66.0) -> 66 | AF8: =IFERROR(__xludf.DUMMYFUNCTION("IMPORTRANGE(""1UEZK2L9OACV3t606hu8vkTn-5ekPDyqCYSBS2X6A5Jc"",""2026-27!Q4"")"),1260297.02) -> 1260297 | AG8: =IFERROR(__xludf.DUMMYFUNCTION("IMPORTRANGE(""1UEZK2L9OACV3t606hu8vkTn-5ekPDyqCYSBS2X6A5Jc"",""2026-27!Q3"")"),21.0) -> 21 | AH8: =IFERROR((AI8/AD8),"") -> 0 | AI8: =IFERROR(__xludf.DUMMYFUNCTION("IMPORTRANGE(""1UEZK2L9OACV3t606hu8vkTn-5ekPDyqCYSBS2X6A5Jc"",""2026-27!R4"")"),0.0) -> 0 | AJ8: =IFERROR(__xludf.DUMMYFUNCTION("IMPORTRANGE(""1UEZK2L9OACV3t606hu8vkTn-5ekPDyqCYSBS2X6A5Jc"",""2026-27!R3"")"),0.0) -> 0 | AK8: =IFERROR(__xludf.DUMMYFUNCTION("IMPORTRANGE(""1UEZK2L9OACV3t606hu8vkTn-5ekPDyqCYSBS2X6A5Jc"",""2026-27!S4"")"),0.0) -> 0 | AL8: =IFERROR(__xludf.DUMMYFUNCTION("IMPORTRANGE(""1UEZK2L9OACV3t606hu8vkTn-5ekPDyqCYSBS2X6A5Jc"",""2026-27!S3"")"),0.0) -> 0 | AM8: =IFERROR(__xludf.DUMMYFUNCTION("IMPORTRANGE(""1UEZK2L9OACV3t606hu8vkTn-5ekPDyqCYSBS2X6A5Jc"",""2026-27!T4"")"),0.0) -> 0 | AN8: =IFERROR(__xludf.DUMMYFUNCTION("IMPORTRANGE(""1UEZK2L9OACV3t606hu8vkTn-5ekPDyqCYSBS2X6A5Jc"",""2026-27!T3"")"),0.0) -> 0 | AO8: =IFERROR((AP8/AK8),"") | AP8: =IFERROR(__xludf.DUMMYFUNCTION("IMPORTRANGE(""1UEZK2L9OACV3t606hu8vkTn-5ekPDyqCYSBS2X6A5Jc"",""2026-27!U4"")"),0.0) -> 0 | AQ8: =IFERROR(__xludf.DUMMYFUNCTION("IMPORTRANGE(""1UEZK2L9OACV3t606hu8vkTn-5ekPDyqCYSBS2X6A5Jc"",""2026-27!U3"")"),0.0) -> 0 | AR8: =IFERROR(__xludf.DUMMYFUNCTION("IMPORTRANGE(""1UEZK2L9OACV3t606hu8vkTn-5ekPDyqCYSBS2X6A5Jc"",""2026-27!V4"")"),0.0) -> 0 | AS8: =IFERROR(__xludf.DUMMYFUNCTION("IMPORTRANGE(""1UEZK2L9OACV3t606hu8vkTn-5ekPDyqCYSBS2X6A5Jc"",""2026-27!V3"")"),0.0) -> 0 | AT8: =IFERROR(__xludf.DUMMYFUNCTION("IMPORTRANGE(""1UEZK2L9OACV3t606hu8vkTn-5ekPDyqCYSBS2X6A5Jc"",""2026-27!W4"")"),0.0) -> 0 | AU8: =IFERROR(__xludf.DUMMYFUNCTION("IMPORTRANGE(""1UEZK2L9OACV3t606hu8vkTn-5ekPDyqCYSBS2X6A5Jc"",""2026-27!W3"")"),0.0) -> 0 | AV8: =IFERROR((AW8/AR8),"") | AW8: =IFERROR(__xludf.DUMMYFUNCTION("IMPORTRANGE(""1UEZK2L9OACV3t606hu8vkTn-5ekPDyqCYSBS2X6A5Jc"",""2026-27!X4"")"),0.0) -> 0 | AX8: =IFERROR(__xludf.DUMMYFUNCTION("IMPORTRANGE(""1UEZK2L9OACV3t606hu8vkTn-5ekPDyqCYSBS2X6A5Jc"",""2026-27!X3"")"),0.0) -> 0 | AY8: =IFERROR(__xludf.DUMMYFUNCTION("IMPORTRANGE(""1UEZK2L9OACV3t606hu8vkTn-5ekPDyqCYSBS2X6A5Jc"",""2026-27!Y4"")"),0.0) -> 0 | AZ8: =IFERROR(__xludf.DUMMYFUNCTION("IMPORTRANGE(""1UEZK2L9OACV3t606hu8vkTn-5ekPDyqCYSBS2X6A5Jc"",""2026-27!Y3"")"),0.0) -> 0 | BA8: =IFERROR(__xludf.DUMMYFUNCTION("IMPORTRANGE(""1UEZK2L9OACV3t606hu8vkTn-5ekPDyqCYSBS2X6A5Jc"",""2026-27!Z4"")"),0.0) -> 0 | BB8: =IFERROR(__xludf.DUMMYFUNCTION("IMPORTRANGE(""1UEZK2L9OACV3t606hu8vkTn-5ekPDyqCYSBS2X6A5Jc"",""2026-27!Z3"")"),0.0) -> 0 | BC8: =IFERROR((BD8/AY8),"") | BD8: =IFERROR(__xludf.DUMMYFUNCTION("IMPORTRANGE(""1UEZK2L9OACV3t606hu8vkTn-5ekPDyqCYSBS2X6A5Jc"",""2026-27!AA4"")"),0.0) -> 0 | BE8: =IFERROR(__xludf.DUMMYFUNCTION("IMPORTRANGE(""1UEZK2L9OACV3t606hu8vkTn-5ekPDyqCYSBS2X6A5Jc"",""2026-27!AA3"")"),0.0) -> 0 | BF8: =IFERROR(__xludf.DUMMYFUNCTION("IMPORTRANGE(""1UEZK2L9OACV3t606hu8vkTn-5ekPDyqCYSBS2X6A5Jc"",""2026-27!AB4"")"),0.0) -> 0 | BG8: =IFERROR(__xludf.DUMMYFUNCTION("IMPORTRANGE(""1UEZK2L9OACV3t606hu8vkTn-5ekPDyqCYSBS2X6A5Jc"",""2026-27!AB3"")"),0.0) -> 0 | BH8: =IFERROR(__xludf.DUMMYFUNCTION("IMPORTRANGE(""1UEZK2L9OACV3t606hu8vkTn-5ekPDyqCYSBS2X6A5Jc"",""2026-27!AC4"")"),0.0) -> 0 | BI8: =IFERROR(__xludf.DUMMYFUNCTION("IMPORTRANGE(""1UEZK2L9OACV3t606hu8vkTn-5ekPDyqCYSBS2X6A5Jc"",""2026-27!AC3"")"),0.0) -> 0 | BJ8: =IFERROR((BK8/BF8),"") | BK8: =IFERROR(__xludf.DUMMYFUNCTION("IMPORTRANGE(""1UEZK2L9OACV3t606hu8vkTn-5ekPDyqCYSBS2X6A5Jc"",""2026-27!AD4"")"),0.0) -> 0 | BL8: =IFERROR(__xludf.DUMMYFUNCTION("IMPORTRANGE(""1UEZK2L9OACV3t606hu8vkTn-5ekPDyqCYSBS2X6A5Jc"",""2026-27!AD3"")"),0.0) -> 0 | BM8: =IFERROR(__xludf.DUMMYFUNCTION("IMPORTRANGE(""1UEZK2L9OACV3t606hu8vkTn-5ekPDyqCYSBS2X6A5Jc"",""2026-27!AE4"")"),0.0) -> 0 | BN8: =IFERROR(__xludf.DUMMYFUNCTION("IMPORTRANGE(""1UEZK2L9OACV3t606hu8vkTn-5ekPDyqCYSBS2X6A5Jc"",""2026-27!AE3"")"),0.0) -> 0 | BO8: =IFERROR(__xludf.DUMMYFUNCTION("IMPORTRANGE(""1UEZK2L9OACV3t606hu8vkTn-5ekPDyqCYSBS2X6A5Jc"",""2026-27!AF4"")"),0.0) -> 0 | BP8: =IFERROR(__xludf.DUMMYFUNCTION("IMPORTRANGE(""1UEZK2L9OACV3t606hu8vkTn-5ekPDyqCYSBS2X6A5Jc"",""2026-27!AF3"")"),0.0) -> 0 | BQ8: =IFERROR((BR8/BM8),"") | BR8: =IFERROR(__xludf.DUMMYFUNCTION("IMPORTRANGE(""1UEZK2L9OACV3t606hu8vkTn-5ekPDyqCYSBS2X6A5Jc"",""2026-27!AG4"")"),0.0) -> 0 | BS8: =IFERROR(__xludf.DUMMYFUNCTION("IMPORTRANGE(""1UEZK2L9OACV3t606hu8vkTn-5ekPDyqCYSBS2X6A5Jc"",""2026-27!AG3"")"),0.0) -> 0 | BT8: =IFERROR(__xludf.DUMMYFUNCTION("IMPORTRANGE(""1UEZK2L9OACV3t606hu8vkTn-5ekPDyqCYSBS2X6A5Jc"",""2026-27!AH4"")"),0.0) -> 0 | BU8: =IFERROR(__xludf.DUMMYFUNCTION("IMPORTRANGE(""1UEZK2L9OACV3t606hu8vkTn-5ekPDyqCYSBS2X6A5Jc"",""2026-27!AH3"")"),0.0) -> 0 | BV8: =IFERROR(__xludf.DUMMYFUNCTION("IMPORTRANGE(""1UEZK2L9OACV3t606hu8vkTn-5ekPDyqCYSBS2X6A5Jc"",""2026-27!AI4"")"),0.0) -> 0 | BW8: =IFERROR(__xludf.DUMMYFUNCTION("IMPORTRANGE(""1UEZK2L9OACV3t606hu8vkTn-5ekPDyqCYSBS2X6A5Jc"",""2026-27!AI3"")"),0.0) -> 0 | BX8: =IFERROR((BY8/BT8),"") | BY8: =IFERROR(__xludf.DUMMYFUNCTION("IMPORTRANGE(""1UEZK2L9OACV3t606hu8vkTn-5ekPDyqCYSBS2X6A5Jc"",""2026-27!AJ4"")"),0.0) -> 0 | BZ8: =IFERROR(__xludf.DUMMYFUNCTION("IMPORTRANGE(""1UEZK2L9OACV3t606hu8vkTn-5ekPDyqCYSBS2X6A5Jc"",""2026-27!AJ3"")"),0.0) -> 0 | CA8: =IFERROR(__xludf.DUMMYFUNCTION("IMPORTRANGE(""1UEZK2L9OACV3t606hu8vkTn-5ekPDyqCYSBS2X6A5Jc"",""2026-27!AK4"")"),0.0) -> 0 | CB8: =IFERROR(__xludf.DUMMYFUNCTION("IMPORTRANGE(""1UEZK2L9OACV3t606hu8vkTn-5ekPDyqCYSBS2X6A5Jc"",""2026-27!AK3"")"),0.0) -> 0 | CC8: =IFERROR(__xludf.DUMMYFUNCTION("IMPORTRANGE(""1UEZK2L9OACV3t606hu8vkTn-5ekPDyqCYSBS2X6A5Jc"",""2026-27!AL4"")"),0.0) -> 0 | CD8: =IFERROR(__xludf.DUMMYFUNCTION("IMPORTRANGE(""1UEZK2L9OACV3t606hu8vkTn-5ekPDyqCYSBS2X6A5Jc"",""2026-27!AL3"")"),0.0) -> 0 | CE8: =IFERROR((CF8/CA8),"") | CF8: =IFERROR(__xludf.DUMMYFUNCTION("IMPORTRANGE(""1UEZK2L9OACV3t606hu8vkTn-5ekPDyqCYSBS2X6A5Jc"",""2026-27!AM4"")"),0.0) -> 0 | CG8: =IFERROR(__xludf.DUMMYFUNCTION("IMPORTRANGE(""1UEZK2L9OACV3t606hu8vkTn-5ekPDyqCYSBS2X6A5Jc"",""2026-27!AM3"")"),0.0) -> 0 | CH8: =IFERROR(__xludf.DUMMYFUNCTION("IMPORTRANGE(""1UEZK2L9OACV3t606hu8vkTn-5ekPDyqCYSBS2X6A5Jc"",""2026-27!AN4"")"),0.0) -> 0 | CI8: =IFERROR(__xludf.DUMMYFUNCTION("IMPORTRANGE(""1UEZK2L9OACV3t606hu8vkTn-5ekPDyqCYSBS2X6A5Jc"",""2026-27!AN3"")"),0.0) -> 0 | CJ8: =IFERROR(__xludf.DUMMYFUNCTION("IMPORTRANGE(""1UEZK2L9OACV3t606hu8vkTn-5ekPDyqCYSBS2X6A5Jc"",""2026-27!AO4"")"),0.0) -> 0 | CK8: =IFERROR(__xludf.DUMMYFUNCTION("IMPORTRANGE(""1UEZK2L9OACV3t606hu8vkTn-5ekPDyqCYSBS2X6A5Jc"",""2026-27!AO3"")"),0.0) -> 0 | CL8: =IFERROR((CM8/CH8),"") | CM8: =IFERROR(__xludf.DUMMYFUNCTION("IMPORTRANGE(""1UEZK2L9OACV3t606hu8vkTn-5ekPDyqCYSBS2X6A5Jc"",""2026-27!AP4"")"),0.0) -> 0 | CN8: =IFERROR(__xludf.DUMMYFUNCTION("IMPORTRANGE(""1UEZK2L9OACV3t606hu8vkTn-5ekPDyqCYSBS2X6A5Jc"",""2026-27!AP3"")"),0.0) -> 0 | CO8: =IFERROR(__xludf.DUMMYFUNCTION("IMPORTRANGE(""1UEZK2L9OACV3t606hu8vkTn-5ekPDyqCYSBS2X6A5Jc"",""2026-27!AQ4"")"),0.0) -> 0 | CP8: =IFERROR(__xludf.DUMMYFUNCTION("IMPORTRANGE(""1UEZK2L9OACV3t606hu8vkTn-5ekPDyqCYSBS2X6A5Jc"",""2026-27!AQ3"")"),0.0) -> 0 | CQ8: =IFERROR(__xludf.DUMMYFUNCTION("IMPORTRANGE(""1UEZK2L9OACV3t606hu8vkTn-5ekPDyqCYSBS2X6A5Jc"",""2026-27!AR4"")"),0.0) -> 0 | CR8: =IFERROR(__xludf.DUMMYFUNCTION("IMPORTRANGE(""1UEZK2L9OACV3t606hu8vkTn-5ekPDyqCYSBS2X6A5Jc"",""2026-27!AR3"")"),0.0) -> 0 | CS8: =IFERROR((CT8/CO8),"") | CT8: =IFERROR(__xludf.DUMMYFUNCTION("IMPORTRANGE(""1UEZK2L9OACV3t606hu8vkTn-5ekPDyqCYSBS2X6A5Jc"",""2026-27!AS4"")"),0.0) -> 0 | CU8: =IFERROR(__xludf.DUMMYFUNCTION("IMPORTRANGE(""1UEZK2L9OACV3t606hu8vkTn-5ekPDyqCYSBS2X6A5Jc"",""2026-27!AS3"")"),0.0) -> 0
A9: Anant Singh | C9: Manish Gupta | D9: South East Delhi | E9: 9891552205 | F9: 45551 | I9: 28310 | J9: 1400000 | K9: =IFERROR(__xludf.DUMMYFUNCTION("IMPORTRANGE(""1Oujo8vUnwFLr-WkmYYfJwaGjmRsDy-q2Aq0vU4BlykA"",""2026-27!A3"")"),94.0) -> 94 | L9: =IFERROR(__xludf.DUMMYFUNCTION("IMPORTRANGE(""1Oujo8vUnwFLr-WkmYYfJwaGjmRsDy-q2Aq0vU4BlykA"",""2026-27!G4"")"),1.565E7) -> 15650000 | M9: =R9+Y9+AF9+AM9+AT9+BA9+BH9+BO9+BV9+CC9+CJ9+CQ9 -> 2657739 | N9: =iferror(O9/L9,"") -> 0.18148371 | O9: =U9+AB9+AI9+AP9+AW9+BD9+BK9+BR9+BY9+CF9+CM9+CT9 -> 2840220 | P9: =IFERROR(__xludf.DUMMYFUNCTION("IMPORTRANGE(""1Oujo8vUnwFLr-WkmYYfJwaGjmRsDy-q2Aq0vU4BlykA"",""2026-27!J4"")"),1357000.0) -> 1357000 | Q9: =IFERROR(__xludf.DUMMYFUNCTION("IMPORTRANGE(""1Oujo8vUnwFLr-WkmYYfJwaGjmRsDy-q2Aq0vU4BlykA"",""2026-27!J3"")"),92.0) -> 92 | R9: =IFERROR(__xludf.DUMMYFUNCTION("IMPORTRANGE(""1Oujo8vUnwFLr-WkmYYfJwaGjmRsDy-q2Aq0vU4BlykA"",""2026-27!K4"")"),821049.6) -> 821049.6 | S9: =IFERROR(__xludf.DUMMYFUNCTION("IMPORTRANGE(""1Oujo8vUnwFLr-WkmYYfJwaGjmRsDy-q2Aq0vU4BlykA"",""2026-27!K3"")"),39.0) -> 39 | T9: =IFERROR((U9/P9),"") -> 0.62064047 | U9: =IFERROR(__xludf.DUMMYFUNCTION("IMPORTRANGE(""1Oujo8vUnwFLr-WkmYYfJwaGjmRsDy-q2Aq0vU4BlykA"",""2026-27!L4"")"),842209.1200000001) -> 842209.12 | V9: =IFERROR(__xludf.DUMMYFUNCTION("IMPORTRANGE(""1Oujo8vUnwFLr-WkmYYfJwaGjmRsDy-q2Aq0vU4BlykA"",""2026-27!L3"")"),39.0) -> 39 | W9: =IFERROR(__xludf.DUMMYFUNCTION("IMPORTRANGE(""1Oujo8vUnwFLr-WkmYYfJwaGjmRsDy-q2Aq0vU4BlykA"",""2026-27!m4"")"),1560000.0) -> 1560000 | X9: =IFERROR(__xludf.DUMMYFUNCTION("IMPORTRANGE(""1Oujo8vUnwFLr-WkmYYfJwaGjmRsDy-q2Aq0vU4BlykA"",""2026-27!m3"")"),92.0) -> 92 | Y9: =IFERROR(__xludf.DUMMYFUNCTION("IMPORTRANGE(""1Oujo8vUnwFLr-WkmYYfJwaGjmRsDy-q2Aq0vU4BlykA"",""2026-27!N4"")"),782770.1200000001) -> 782770.12 | Z9: =IFERROR(__xludf.DUMMYFUNCTION("IMPORTRANGE(""1Oujo8vUnwFLr-WkmYYfJwaGjmRsDy-q2Aq0vU4BlykA"",""2026-27!N3"")"),32.0) -> 32 | AA9: =IFERROR((AB9/W9),"") -> 0.60682735 | AB9: =IFERROR(__xludf.DUMMYFUNCTION("IMPORTRANGE(""1Oujo8vUnwFLr-WkmYYfJwaGjmRsDy-q2Aq0vU4BlykA"",""2026-27!O4"")"),946650.6599999997) -> 946650.66 | AC9: =IFERROR(__xludf.DUMMYFUNCTION("IMPORTRANGE(""1Oujo8vUnwFLr-WkmYYfJwaGjmRsDy-q2Aq0vU4BlykA"",""2026-27!O3"")"),32.0) -> 32 | AD9: =IFERROR(__xludf.DUMMYFUNCTION("IMPORTRANGE(""1Oujo8vUnwFLr-WkmYYfJwaGjmRsDy-q2Aq0vU4BlykA"",""2026-27!P4"")"),1405000.0) -> 1405000 | AE9: =IFERROR(__xludf.DUMMYFUNCTION("IMPORTRANGE(""1Oujo8vUnwFLr-WkmYYfJwaGjmRsDy-q2Aq0vU4BlykA"",""2026-27!P3"")"),92.0) -> 92 | AF9: =IFERROR(__xludf.DUMMYFUNCTION("IMPORTRANGE(""1Oujo8vUnwFLr-WkmYYfJwaGjmRsDy-q2Aq0vU4BlykA"",""2026-27!Q4"")"),1053919.24) -> 1053919.2 | AG9: =IFERROR(__xludf.DUMMYFUNCTION("IMPORTRANGE(""1Oujo8vUnwFLr-WkmYYfJwaGjmRsDy-q2Aq0vU4BlykA"",""2026-27!Q3"")"),40.0) -> 40 | AH9: =IFERROR((AI9/AD9),"") -> 0.7482991 | AI9: =IFERROR(__xludf.DUMMYFUNCTION("IMPORTRANGE(""1Oujo8vUnwFLr-WkmYYfJwaGjmRsDy-q2Aq0vU4BlykA"",""2026-27!R4"")"),1051360.23) -> 1051360.2 | AJ9: =IFERROR(__xludf.DUMMYFUNCTION("IMPORTRANGE(""1Oujo8vUnwFLr-WkmYYfJwaGjmRsDy-q2Aq0vU4BlykA"",""2026-27!R3"")"),39.0) -> 39 | AK9: =IFERROR(__xludf.DUMMYFUNCTION("IMPORTRANGE(""1Oujo8vUnwFLr-WkmYYfJwaGjmRsDy-q2Aq0vU4BlykA"",""2026-27!S4"")"),1408000.0) -> 1408000 | AL9: =IFERROR(__xludf.DUMMYFUNCTION("IMPORTRANGE(""1Oujo8vUnwFLr-WkmYYfJwaGjmRsDy-q2Aq0vU4BlykA"",""2026-27!S3"")"),93.0) -> 93 | AM9: =IFERROR(__xludf.DUMMYFUNCTION("IMPORTRANGE(""1Oujo8vUnwFLr-WkmYYfJwaGjmRsDy-q2Aq0vU4BlykA"",""2026-27!T4"")"),0.0) -> 0 | AN9: =IFERROR(__xludf.DUMMYFUNCTION("IMPORTRANGE(""1Oujo8vUnwFLr-WkmYYfJwaGjmRsDy-q2Aq0vU4BlykA"",""2026-27!T3"")"),0.0) -> 0 | AO9: =IFERROR((AP9/AK9),"") -> 0 | AP9: =IFERROR(__xludf.DUMMYFUNCTION("IMPORTRANGE(""1Oujo8vUnwFLr-WkmYYfJwaGjmRsDy-q2Aq0vU4BlykA"",""2026-27!U4"")"),0.0) -> 0 | AQ9: =IFERROR(__xludf.DUMMYFUNCTION("IMPORTRANGE(""1Oujo8vUnwFLr-WkmYYfJwaGjmRsDy-q2Aq0vU4BlykA"",""2026-27!U3"")"),0.0) -> 0 | AR9: =IFERROR(__xludf.DUMMYFUNCTION("IMPORTRANGE(""1Oujo8vUnwFLr-WkmYYfJwaGjmRsDy-q2Aq0vU4BlykA"",""2026-27!V4"")"),0.0) -> 0 | AS9: =IFERROR(__xludf.DUMMYFUNCTION("IMPORTRANGE(""1Oujo8vUnwFLr-WkmYYfJwaGjmRsDy-q2Aq0vU4BlykA"",""2026-27!V3"")"),0.0) -> 0 | AT9: =IFERROR(__xludf.DUMMYFUNCTION("IMPORTRANGE(""1Oujo8vUnwFLr-WkmYYfJwaGjmRsDy-q2Aq0vU4BlykA"",""2026-27!W4"")"),0.0) -> 0 | AU9: =IFERROR(__xludf.DUMMYFUNCTION("IMPORTRANGE(""1Oujo8vUnwFLr-WkmYYfJwaGjmRsDy-q2Aq0vU4BlykA"",""2026-27!W3"")"),0.0) -> 0 | AV9: =IFERROR((AW9/AR9),"") | AW9: =IFERROR(__xludf.DUMMYFUNCTION("IMPORTRANGE(""1Oujo8vUnwFLr-WkmYYfJwaGjmRsDy-q2Aq0vU4BlykA"",""2026-27!X4"")"),0.0) -> 0 | AX9: =IFERROR(__xludf.DUMMYFUNCTION("IMPORTRANGE(""1Oujo8vUnwFLr-WkmYYfJwaGjmRsDy-q2Aq0vU4BlykA"",""2026-27!X3"")"),0.0) -> 0 | AY9: =IFERROR(__xludf.DUMMYFUNCTION("IMPORTRANGE(""1Oujo8vUnwFLr-WkmYYfJwaGjmRsDy-q2Aq0vU4BlykA"",""2026-27!Y4"")"),0.0) -> 0 | AZ9: =IFERROR(__xludf.DUMMYFUNCTION("IMPORTRANGE(""1Oujo8vUnwFLr-WkmYYfJwaGjmRsDy-q2Aq0vU4BlykA"",""2026-27!Y3"")"),0.0) -> 0 | BA9: =IFERROR(__xludf.DUMMYFUNCTION("IMPORTRANGE(""1Oujo8vUnwFLr-WkmYYfJwaGjmRsDy-q2Aq0vU4BlykA"",""2026-27!Z4"")"),0.0) -> 0 | BB9: =IFERROR(__xludf.DUMMYFUNCTION("IMPORTRANGE(""1Oujo8vUnwFLr-WkmYYfJwaGjmRsDy-q2Aq0vU4BlykA"",""2026-27!Z3"")"),0.0) -> 0 | BC9: =IFERROR((BD9/AY9),"") | BD9: =IFERROR(__xludf.DUMMYFUNCTION("IMPORTRANGE(""1Oujo8vUnwFLr-WkmYYfJwaGjmRsDy-q2Aq0vU4BlykA"",""2026-27!AA4"")"),0.0) -> 0 | BE9: =IFERROR(__xludf.DUMMYFUNCTION("IMPORTRANGE(""1Oujo8vUnwFLr-WkmYYfJwaGjmRsDy-q2Aq0vU4BlykA"",""2026-27!AA3"")"),0.0) -> 0 | BF9: =IFERROR(__xludf.DUMMYFUNCTION("IMPORTRANGE(""1Oujo8vUnwFLr-WkmYYfJwaGjmRsDy-q2Aq0vU4BlykA"",""2026-27!AB4"")"),0.0) -> 0 | BG9: =IFERROR(__xludf.DUMMYFUNCTION("IMPORTRANGE(""1Oujo8vUnwFLr-WkmYYfJwaGjmRsDy-q2Aq0vU4BlykA"",""2026-27!AB3"")"),0.0) -> 0 | BH9: =IFERROR(__xludf.DUMMYFUNCTION("IMPORTRANGE(""1Oujo8vUnwFLr-WkmYYfJwaGjmRsDy-q2Aq0vU4BlykA"",""2026-27!AC4"")"),0.0) -> 0 | BI9: =IFERROR(__xludf.DUMMYFUNCTION("IMPORTRANGE(""1Oujo8vUnwFLr-WkmYYfJwaGjmRsDy-q2Aq0vU4BlykA"",""2026-27!AC3"")"),0.0) -> 0 | BJ9: =IFERROR((BK9/BF9),"") | BK9: =IFERROR(__xludf.DUMMYFUNCTION("IMPORTRANGE(""1Oujo8vUnwFLr-WkmYYfJwaGjmRsDy-q2Aq0vU4BlykA"",""2026-27!AD4"")"),0.0) -> 0 | BL9: =IFERROR(__xludf.DUMMYFUNCTION("IMPORTRANGE(""1Oujo8vUnwFLr-WkmYYfJwaGjmRsDy-q2Aq0vU4BlykA"",""2026-27!AD3"")"),0.0) -> 0 | BM9: =IFERROR(__xludf.DUMMYFUNCTION("IMPORTRANGE(""1Oujo8vUnwFLr-WkmYYfJwaGjmRsDy-q2Aq0vU4BlykA"",""2026-27!AE4"")"),0.0) -> 0 | BN9: =IFERROR(__xludf.DUMMYFUNCTION("IMPORTRANGE(""1Oujo8vUnwFLr-WkmYYfJwaGjmRsDy-q2Aq0vU4BlykA"",""2026-27!AE3"")"),0.0) -> 0 | BO9: =IFERROR(__xludf.DUMMYFUNCTION("IMPORTRANGE(""1Oujo8vUnwFLr-WkmYYfJwaGjmRsDy-q2Aq0vU4BlykA"",""2026-27!AF4"")"),0.0) -> 0 | BP9: =IFERROR(__xludf.DUMMYFUNCTION("IMPORTRANGE(""1Oujo8vUnwFLr-WkmYYfJwaGjmRsDy-q2Aq0vU4BlykA"",""2026-27!AF3"")"),0.0) -> 0 | BQ9: =IFERROR((BR9/BM9),"") | BR9: =IFERROR(__xludf.DUMMYFUNCTION("IMPORTRANGE(""1Oujo8vUnwFLr-WkmYYfJwaGjmRsDy-q2Aq0vU4BlykA"",""2026-27!AG4"")"),0.0) -> 0 | BS9: =IFERROR(__xludf.DUMMYFUNCTION("IMPORTRANGE(""1Oujo8vUnwFLr-WkmYYfJwaGjmRsDy-q2Aq0vU4BlykA"",""2026-27!AG3"")"),0.0) -> 0 | BT9: =IFERROR(__xludf.DUMMYFUNCTION("IMPORTRANGE(""1Oujo8vUnwFLr-WkmYYfJwaGjmRsDy-q2Aq0vU4BlykA"",""2026-27!AH4"")"),0.0) -> 0 | BU9: =IFERROR(__xludf.DUMMYFUNCTION("IMPORTRANGE(""1Oujo8vUnwFLr-WkmYYfJwaGjmRsDy-q2Aq0vU4BlykA"",""2026-27!AH3"")"),0.0) -> 0 | BV9: =IFERROR(__xludf.DUMMYFUNCTION("IMPORTRANGE(""1Oujo8vUnwFLr-WkmYYfJwaGjmRsDy-q2Aq0vU4BlykA"",""2026-27!AI4"")"),0.0) -> 0 | BW9: =IFERROR(__xludf.DUMMYFUNCTION("IMPORTRANGE(""1Oujo8vUnwFLr-WkmYYfJwaGjmRsDy-q2Aq0vU4BlykA"",""2026-27!AI3"")"),0.0) -> 0 | BX9: =IFERROR((BY9/BT9),"") | BY9: =IFERROR(__xludf.DUMMYFUNCTION("IMPORTRANGE(""1Oujo8vUnwFLr-WkmYYfJwaGjmRsDy-q2Aq0vU4BlykA"",""2026-27!AJ4"")"),0.0) -> 0 | BZ9: =IFERROR(__xludf.DUMMYFUNCTION("IMPORTRANGE(""1Oujo8vUnwFLr-WkmYYfJwaGjmRsDy-q2Aq0vU4BlykA"",""2026-27!AJ3"")"),0.0) -> 0 | CA9: =IFERROR(__xludf.DUMMYFUNCTION("IMPORTRANGE(""1Oujo8vUnwFLr-WkmYYfJwaGjmRsDy-q2Aq0vU4BlykA"",""2026-27!AK4"")"),0.0) -> 0 | CB9: =IFERROR(__xludf.DUMMYFUNCTION("IMPORTRANGE(""1Oujo8vUnwFLr-WkmYYfJwaGjmRsDy-q2Aq0vU4BlykA"",""2026-27!AK3"")"),0.0) -> 0 | CC9: =IFERROR(__xludf.DUMMYFUNCTION("IMPORTRANGE(""1Oujo8vUnwFLr-WkmYYfJwaGjmRsDy-q2Aq0vU4BlykA"",""2026-27!AL4"")"),0.0) -> 0 | CD9: =IFERROR(__xludf.DUMMYFUNCTION("IMPORTRANGE(""1Oujo8vUnwFLr-WkmYYfJwaGjmRsDy-q2Aq0vU4BlykA"",""2026-27!AL3"")"),0.0) -> 0 | CE9: =IFERROR((CF9/CA9),"") | CF9: =IFERROR(__xludf.DUMMYFUNCTION("IMPORTRANGE(""1Oujo8vUnwFLr-WkmYYfJwaGjmRsDy-q2Aq0vU4BlykA"",""2026-27!AM4"")"),0.0) -> 0 | CG9: =IFERROR(__xludf.DUMMYFUNCTION("IMPORTRANGE(""1Oujo8vUnwFLr-WkmYYfJwaGjmRsDy-q2Aq0vU4BlykA"",""2026-27!AM3"")"),0.0) -> 0 | CH9: =IFERROR(__xludf.DUMMYFUNCTION("IMPORTRANGE(""1Oujo8vUnwFLr-WkmYYfJwaGjmRsDy-q2Aq0vU4BlykA"",""2026-27!AN4"")"),0.0) -> 0 | CI9: =IFERROR(__xludf.DUMMYFUNCTION("IMPORTRANGE(""1Oujo8vUnwFLr-WkmYYfJwaGjmRsDy-q2Aq0vU4BlykA"",""2026-27!AN3"")"),0.0) -> 0 | CJ9: =IFERROR(__xludf.DUMMYFUNCTION("IMPORTRANGE(""1Oujo8vUnwFLr-WkmYYfJwaGjmRsDy-q2Aq0vU4BlykA"",""2026-27!AO4"")"),0.0) -> 0 | CK9: =IFERROR(__xludf.DUMMYFUNCTION("IMPORTRANGE(""1Oujo8vUnwFLr-WkmYYfJwaGjmRsDy-q2Aq0vU4BlykA"",""2026-27!AO3"")"),0.0) -> 0 | CL9: =IFERROR((CM9/CH9),"") | CM9: =IFERROR(__xludf.DUMMYFUNCTION("IMPORTRANGE(""1Oujo8vUnwFLr-WkmYYfJwaGjmRsDy-q2Aq0vU4BlykA"",""2026-27!AP4"")"),0.0) -> 0 | CN9: =IFERROR(__xludf.DUMMYFUNCTION("IMPORTRANGE(""1Oujo8vUnwFLr-WkmYYfJwaGjmRsDy-q2Aq0vU4BlykA"",""2026-27!AP3"")"),0.0) -> 0 | CO9: =IFERROR(__xludf.DUMMYFUNCTION("IMPORTRANGE(""1Oujo8vUnwFLr-WkmYYfJwaGjmRsDy-q2Aq0vU4BlykA"",""2026-27!AQ4"")"),0.0) -> 0 | CP9: =IFERROR(__xludf.DUMMYFUNCTION("IMPORTRANGE(""1Oujo8vUnwFLr-WkmYYfJwaGjmRsDy-q2Aq0vU4BlykA"",""2026-27!AQ3"")"),0.0) -> 0 | CQ9: =IFERROR(__xludf.DUMMYFUNCTION("IMPORTRANGE(""1Oujo8vUnwFLr-WkmYYfJwaGjmRsDy-q2Aq0vU4BlykA"",""2026-27!AR4"")"),0.0) -> 0 | CR9: =IFERROR(__xludf.DUMMYFUNCTION("IMPORTRANGE(""1Oujo8vUnwFLr-WkmYYfJwaGjmRsDy-q2Aq0vU4BlykA"",""2026-27!AR3"")"),0.0) -> 0 | CS9: =IFERROR((CT9/CO9),"") | CT9: =IFERROR(__xludf.DUMMYFUNCTION("IMPORTRANGE(""1Oujo8vUnwFLr-WkmYYfJwaGjmRsDy-q2Aq0vU4BlykA"",""2026-27!AS4"")"),0.0) -> 0 | CU9: =IFERROR(__xludf.DUMMYFUNCTION("IMPORTRANGE(""1Oujo8vUnwFLr-WkmYYfJwaGjmRsDy-q2Aq0vU4BlykA"",""2026-27!AS3"")"),0.0) -> 0
A10: Anant Singh | C10: Rinku | D10: Moradabad | E10: 6398490183 | F10: 45568 | I10: 30405 | J10: 1400000 | K10: =IFERROR(__xludf.DUMMYFUNCTION("IMPORTRANGE(""1LJGS53NCp-odxIXkmSORKxH8_UeQo5bY4expBVdkFdk"",""2026-27!A3"")"),34.0) -> 34 | L10: =IFERROR(__xludf.DUMMYFUNCTION("IMPORTRANGE(""1LJGS53NCp-odxIXkmSORKxH8_UeQo5bY4expBVdkFdk"",""2026-27!G4"")"),1.777E7) -> 17770000 | M10: =R10+Y10+AF10+AM10+AT10+BA10+BH10+BO10+BV10+CC10+CJ10+CQ10 -> 3015628 | N10: =iferror(O10/L10,"") -> 0.16270698 | O10: =U10+AB10+AI10+AP10+AW10+BD10+BK10+BR10+BY10+CF10+CM10+CT10 -> 2891303 | P10: =IFERROR(__xludf.DUMMYFUNCTION("IMPORTRANGE(""1LJGS53NCp-odxIXkmSORKxH8_UeQo5bY4expBVdkFdk"",""2026-27!J4"")"),1328000.0) -> 1328000 | Q10: =IFERROR(__xludf.DUMMYFUNCTION("IMPORTRANGE(""1LJGS53NCp-odxIXkmSORKxH8_UeQo5bY4expBVdkFdk"",""2026-27!J3"")"),27.0) -> 27 | R10: =IFERROR(__xludf.DUMMYFUNCTION("IMPORTRANGE(""1LJGS53NCp-odxIXkmSORKxH8_UeQo5bY4expBVdkFdk"",""2026-27!K4"")"),674641.1099999999) -> 674641.11 | S10: =IFERROR(__xludf.DUMMYFUNCTION("IMPORTRANGE(""1LJGS53NCp-odxIXkmSORKxH8_UeQo5bY4expBVdkFdk"",""2026-27!K3"")"),10.0) -> 10 | T10: =IFERROR((U10/P10),"") -> 0.45152259 | U10: =IFERROR(__xludf.DUMMYFUNCTION("IMPORTRANGE(""1LJGS53NCp-odxIXkmSORKxH8_UeQo5bY4expBVdkFdk"",""2026-27!L4"")"),599622.0) -> 599622 | V10: =IFERROR(__xludf.DUMMYFUNCTION("IMPORTRANGE(""1LJGS53NCp-odxIXkmSORKxH8_UeQo5bY4expBVdkFdk"",""2026-27!L3"")"),8.0) -> 8 | W10: =IFERROR(__xludf.DUMMYFUNCTION("IMPORTRANGE(""1LJGS53NCp-odxIXkmSORKxH8_UeQo5bY4expBVdkFdk"",""2026-27!m4"")"),1590000.0) -> 1590000 | X10: =IFERROR(__xludf.DUMMYFUNCTION("IMPORTRANGE(""1LJGS53NCp-odxIXkmSORKxH8_UeQo5bY4expBVdkFdk"",""2026-27!m3"")"),29.0) -> 29 | Y10: =IFERROR(__xludf.DUMMYFUNCTION("IMPORTRANGE(""1LJGS53NCp-odxIXkmSORKxH8_UeQo5bY4expBVdkFdk"",""2026-27!N4"")"),1241551.0799999998) -> 1241551.1 | Z10: =IFERROR(__xludf.DUMMYFUNCTION("IMPORTRANGE(""1LJGS53NCp-odxIXkmSORKxH8_UeQo5bY4expBVdkFdk"",""2026-27!N3"")"),17.0) -> 17 | AA10: =IFERROR((AB10/W10),"") -> 0.75457736 | AB10: =IFERROR(__xludf.DUMMYFUNCTION("IMPORTRANGE(""1LJGS53NCp-odxIXkmSORKxH8_UeQo5bY4expBVdkFdk"",""2026-27!O4"")"),1199778.0) -> 1199778 | AC10: =IFERROR(__xludf.DUMMYFUNCTION("IMPORTRANGE(""1LJGS53NCp-odxIXkmSORKxH8_UeQo5bY4expBVdkFdk"",""2026-27!O3"")"),17.0) -> 17 | AD10: =IFERROR(__xludf.DUMMYFUNCTION("IMPORTRANGE(""1LJGS53NCp-odxIXkmSORKxH8_UeQo5bY4expBVdkFdk"",""2026-27!P4"")"),1612000.0) -> 1612000 | AE10: =IFERROR(__xludf.DUMMYFUNCTION("IMPORTRANGE(""1LJGS53NCp-odxIXkmSORKxH8_UeQo5bY4expBVdkFdk"",""2026-27!P3"")"),29.0) -> 29 | AF10: =IFERROR(__xludf.DUMMYFUNCTION("IMPORTRANGE(""1LJGS53NCp-odxIXkmSORKxH8_UeQo5bY4expBVdkFdk"",""2026-27!Q4"")"),1099435.76) -> 1099435.8 | AG10: =IFERROR(__xludf.DUMMYFUNCTION("IMPORTRANGE(""1LJGS53NCp-odxIXkmSORKxH8_UeQo5bY4expBVdkFdk"",""2026-27!Q3"")"),20.0) -> 20 | AH10: =IFERROR((AI10/AD10),"") -> 0.67735918 | AI10: =IFERROR(__xludf.DUMMYFUNCTION("IMPORTRANGE(""1LJGS53NCp-odxIXkmSORKxH8_UeQo5bY4expBVdkFdk"",""2026-27!R4"")"),1091903.0) -> 1091903 | AJ10: =IFERROR(__xludf.DUMMYFUNCTION("IMPORTRANGE(""1LJGS53NCp-odxIXkmSORKxH8_UeQo5bY4expBVdkFdk"",""2026-27!R3"")"),20.0) -> 20 | AK10: =IFERROR(__xludf.DUMMYFUNCTION("IMPORTRANGE(""1LJGS53NCp-odxIXkmSORKxH8_UeQo5bY4expBVdkFdk"",""2026-27!S4"")"),1405000.0) -> 1405000 | AL10: =IFERROR(__xludf.DUMMYFUNCTION("IMPORTRANGE(""1LJGS53NCp-odxIXkmSORKxH8_UeQo5bY4expBVdkFdk"",""2026-27!S3"")"),30.0) -> 30 | AM10: =IFERROR(__xludf.DUMMYFUNCTION("IMPORTRANGE(""1LJGS53NCp-odxIXkmSORKxH8_UeQo5bY4expBVdkFdk"",""2026-27!T4"")"),0.0) -> 0 | AN10: =IFERROR(__xludf.DUMMYFUNCTION("IMPORTRANGE(""1LJGS53NCp-odxIXkmSORKxH8_UeQo5bY4expBVdkFdk"",""2026-27!T3"")"),0.0) -> 0 | AO10: =IFERROR((AP10/AK10),"") -> 0 | AP10: =IFERROR(__xludf.DUMMYFUNCTION("IMPORTRANGE(""1LJGS53NCp-odxIXkmSORKxH8_UeQo5bY4expBVdkFdk"",""2026-27!U4"")"),0.0) -> 0 | AQ10: =IFERROR(__xludf.DUMMYFUNCTION("IMPORTRANGE(""1LJGS53NCp-odxIXkmSORKxH8_UeQo5bY4expBVdkFdk"",""2026-27!U3"")"),0.0) -> 0 | AR10: =IFERROR(__xludf.DUMMYFUNCTION("IMPORTRANGE(""1LJGS53NCp-odxIXkmSORKxH8_UeQo5bY4expBVdkFdk"",""2026-27!V4"")"),1420000.0) -> 1420000 | AS10: =IFERROR(__xludf.DUMMYFUNCTION("IMPORTRANGE(""1LJGS53NCp-odxIXkmSORKxH8_UeQo5bY4expBVdkFdk"",""2026-27!V3"")"),30.0) -> 30 | AT10: =IFERROR(__xludf.DUMMYFUNCTION("IMPORTRANGE(""1LJGS53NCp-odxIXkmSORKxH8_UeQo5bY4expBVdkFdk"",""2026-27!W4"")"),0.0) -> 0 | AU10: =IFERROR(__xludf.DUMMYFUNCTION("IMPORTRANGE(""1LJGS53NCp-odxIXkmSORKxH8_UeQo5bY4expBVdkFdk"",""2026-27!W3"")"),0.0) -> 0 | AV10: =IFERROR((AW10/AR10),"") -> 0 | AW10: =IFERROR(__xludf.DUMMYFUNCTION("IMPORTRANGE(""1LJGS53NCp-odxIXkmSORKxH8_UeQo5bY4expBVdkFdk"",""2026-27!X4"")"),0.0) -> 0 | AX10: =IFERROR(__xludf.DUMMYFUNCTION("IMPORTRANGE(""1LJGS53NCp-odxIXkmSORKxH8_UeQo5bY4expBVdkFdk"",""2026-27!X3"")"),0.0) -> 0 | AY10: =IFERROR(__xludf.DUMMYFUNCTION("IMPORTRANGE(""1LJGS53NCp-odxIXkmSORKxH8_UeQo5bY4expBVdkFdk"",""2026-27!Y4"")"),0.0) -> 0 | AZ10: =IFERROR(__xludf.DUMMYFUNCTION("IMPORTRANGE(""1LJGS53NCp-odxIXkmSORKxH8_UeQo5bY4expBVdkFdk"",""2026-27!Y3"")"),0.0) -> 0 | BA10: =IFERROR(__xludf.DUMMYFUNCTION("IMPORTRANGE(""1LJGS53NCp-odxIXkmSORKxH8_UeQo5bY4expBVdkFdk"",""2026-27!Z4"")"),0.0) -> 0 | BB10: =IFERROR(__xludf.DUMMYFUNCTION("IMPORTRANGE(""1LJGS53NCp-odxIXkmSORKxH8_UeQo5bY4expBVdkFdk"",""2026-27!Z3"")"),0.0) -> 0 | BC10: =IFERROR((BD10/AY10),"") | BD10: =IFERROR(__xludf.DUMMYFUNCTION("IMPORTRANGE(""1LJGS53NCp-odxIXkmSORKxH8_UeQo5bY4expBVdkFdk"",""2026-27!AA4"")"),0.0) -> 0 | BE10: =IFERROR(__xludf.DUMMYFUNCTION("IMPORTRANGE(""1LJGS53NCp-odxIXkmSORKxH8_UeQo5bY4expBVdkFdk"",""2026-27!AA3"")"),0.0) -> 0 | BF10: =IFERROR(__xludf.DUMMYFUNCTION("IMPORTRANGE(""1LJGS53NCp-odxIXkmSORKxH8_UeQo5bY4expBVdkFdk"",""2026-27!AB4"")"),0.0) -> 0 | BG10: =IFERROR(__xludf.DUMMYFUNCTION("IMPORTRANGE(""1LJGS53NCp-odxIXkmSORKxH8_UeQo5bY4expBVdkFdk"",""2026-27!AB3"")"),0.0) -> 0 | BH10: =IFERROR(__xludf.DUMMYFUNCTION("IMPORTRANGE(""1LJGS53NCp-odxIXkmSORKxH8_UeQo5bY4expBVdkFdk"",""2026-27!AC4"")"),0.0) -> 0 | BI10: =IFERROR(__xludf.DUMMYFUNCTION("IMPORTRANGE(""1LJGS53NCp-odxIXkmSORKxH8_UeQo5bY4expBVdkFdk"",""2026-27!AC3"")"),0.0) -> 0 | BJ10: =IFERROR((BK10/BF10),"") | BK10: =IFERROR(__xludf.DUMMYFUNCTION("IMPORTRANGE(""1LJGS53NCp-odxIXkmSORKxH8_UeQo5bY4expBVdkFdk"",""2026-27!AD4"")"),0.0) -> 0 | BL10: =IFERROR(__xludf.DUMMYFUNCTION("IMPORTRANGE(""1LJGS53NCp-odxIXkmSORKxH8_UeQo5bY4expBVdkFdk"",""2026-27!AD3"")"),0.0) -> 0 | BM10: =IFERROR(__xludf.DUMMYFUNCTION("IMPORTRANGE(""1LJGS53NCp-odxIXkmSORKxH8_UeQo5bY4expBVdkFdk"",""2026-27!AE4"")"),0.0) -> 0 | BN10: =IFERROR(__xludf.DUMMYFUNCTION("IMPORTRANGE(""1LJGS53NCp-odxIXkmSORKxH8_UeQo5bY4expBVdkFdk"",""2026-27!AE3"")"),0.0) -> 0 | BO10: =IFERROR(__xludf.DUMMYFUNCTION("IMPORTRANGE(""1LJGS53NCp-odxIXkmSORKxH8_UeQo5bY4expBVdkFdk"",""2026-27!AF4"")"),0.0) -> 0 | BP10: =IFERROR(__xludf.DUMMYFUNCTION("IMPORTRANGE(""1LJGS53NCp-odxIXkmSORKxH8_UeQo5bY4expBVdkFdk"",""2026-27!AF3"")"),0.0) -> 0 | BQ10: =IFERROR((BR10/BM10),"") | BR10: =IFERROR(__xludf.DUMMYFUNCTION("IMPORTRANGE(""1LJGS53NCp-odxIXkmSORKxH8_UeQo5bY4expBVdkFdk"",""2026-27!AG4"")"),0.0) -> 0 | BS10: =IFERROR(__xludf.DUMMYFUNCTION("IMPORTRANGE(""1LJGS53NCp-odxIXkmSORKxH8_UeQo5bY4expBVdkFdk"",""2026-27!AG3"")"),0.0) -> 0 | BT10: =IFERROR(__xludf.DUMMYFUNCTION("IMPORTRANGE(""1LJGS53NCp-odxIXkmSORKxH8_UeQo5bY4expBVdkFdk"",""2026-27!AH4"")"),0.0) -> 0 | BU10: =IFERROR(__xludf.DUMMYFUNCTION("IMPORTRANGE(""1LJGS53NCp-odxIXkmSORKxH8_UeQo5bY4expBVdkFdk"",""2026-27!AH3"")"),0.0) -> 0 | BV10: =IFERROR(__xludf.DUMMYFUNCTION("IMPORTRANGE(""1LJGS53NCp-odxIXkmSORKxH8_UeQo5bY4expBVdkFdk"",""2026-27!AI4"")"),0.0) -> 0 | BW10: =IFERROR(__xludf.DUMMYFUNCTION("IMPORTRANGE(""1LJGS53NCp-odxIXkmSORKxH8_UeQo5bY4expBVdkFdk"",""2026-27!AI3"")"),0.0) -> 0 | BX10: =IFERROR((BY10/BT10),"") | BY10: =IFERROR(__xludf.DUMMYFUNCTION("IMPORTRANGE(""1LJGS53NCp-odxIXkmSORKxH8_UeQo5bY4expBVdkFdk"",""2026-27!AJ4"")"),0.0) -> 0 | BZ10: =IFERROR(__xludf.DUMMYFUNCTION("IMPORTRANGE(""1LJGS53NCp-odxIXkmSORKxH8_UeQo5bY4expBVdkFdk"",""2026-27!AJ3"")"),0.0) -> 0 | CA10: =IFERROR(__xludf.DUMMYFUNCTION("IMPORTRANGE(""1LJGS53NCp-odxIXkmSORKxH8_UeQo5bY4expBVdkFdk"",""2026-27!AK4"")"),0.0) -> 0 | CB10: =IFERROR(__xludf.DUMMYFUNCTION("IMPORTRANGE(""1LJGS53NCp-odxIXkmSORKxH8_UeQo5bY4expBVdkFdk"",""2026-27!AK3"")"),0.0) -> 0 | CC10: =IFERROR(__xludf.DUMMYFUNCTION("IMPORTRANGE(""1LJGS53NCp-odxIXkmSORKxH8_UeQo5bY4expBVdkFdk"",""2026-27!AL4"")"),0.0) -> 0 | CD10: =IFERROR(__xludf.DUMMYFUNCTION("IMPORTRANGE(""1LJGS53NCp-odxIXkmSORKxH8_UeQo5bY4expBVdkFdk"",""2026-27!AL3"")"),0.0) -> 0 | CE10: =IFERROR((CF10/CA10),"") | CF10: =IFERROR(__xludf.DUMMYFUNCTION("IMPORTRANGE(""1LJGS53NCp-odxIXkmSORKxH8_UeQo5bY4expBVdkFdk"",""2026-27!AM4"")"),0.0) -> 0 | CG10: =IFERROR(__xludf.DUMMYFUNCTION("IMPORTRANGE(""1LJGS53NCp-odxIXkmSORKxH8_UeQo5bY4expBVdkFdk"",""2026-27!AM3"")"),0.0) -> 0 | CH10: =IFERROR(__xludf.DUMMYFUNCTION("IMPORTRANGE(""1LJGS53NCp-odxIXkmSORKxH8_UeQo5bY4expBVdkFdk"",""2026-27!AN4"")"),0.0) -> 0 | CI10: =IFERROR(__xludf.DUMMYFUNCTION("IMPORTRANGE(""1LJGS53NCp-odxIXkmSORKxH8_UeQo5bY4expBVdkFdk"",""2026-27!AN3"")"),0.0) -> 0 | CJ10: =IFERROR(__xludf.DUMMYFUNCTION("IMPORTRANGE(""1LJGS53NCp-odxIXkmSORKxH8_UeQo5bY4expBVdkFdk"",""2026-27!AO4"")"),0.0) -> 0 | CK10: =IFERROR(__xludf.DUMMYFUNCTION("IMPORTRANGE(""1LJGS53NCp-odxIXkmSORKxH8_UeQo5bY4expBVdkFdk"",""2026-27!AO3"")"),0.0) -> 0 | CL10: =IFERROR((CM10/CH10),"") | CM10: =IFERROR(__xludf.DUMMYFUNCTION("IMPORTRANGE(""1LJGS53NCp-odxIXkmSORKxH8_UeQo5bY4expBVdkFdk"",""2026-27!AP4"")"),0.0) -> 0 | CN10: =IFERROR(__xludf.DUMMYFUNCTION("IMPORTRANGE(""1LJGS53NCp-odxIXkmSORKxH8_UeQo5bY4expBVdkFdk"",""2026-27!AP3"")"),0.0) -> 0 | CO10: =IFERROR(__xludf.DUMMYFUNCTION("IMPORTRANGE(""1LJGS53NCp-odxIXkmSORKxH8_UeQo5bY4expBVdkFdk"",""2026-27!AQ4"")"),0.0) -> 0 | CP10: =IFERROR(__xludf.DUMMYFUNCTION("IMPORTRANGE(""1LJGS53NCp-odxIXkmSORKxH8_UeQo5bY4expBVdkFdk"",""2026-27!AQ3"")"),0.0) -> 0 | CQ10: =IFERROR(__xludf.DUMMYFUNCTION("IMPORTRANGE(""1LJGS53NCp-odxIXkmSORKxH8_UeQo5bY4expBVdkFdk"",""2026-27!AR4"")"),0.0) -> 0 | CR10: =IFERROR(__xludf.DUMMYFUNCTION("IMPORTRANGE(""1LJGS53NCp-odxIXkmSORKxH8_UeQo5bY4expBVdkFdk"",""2026-27!AR3"")"),0.0) -> 0 | CS10: =IFERROR((CT10/CO10),"") | CT10: =IFERROR(__xludf.DUMMYFUNCTION("IMPORTRANGE(""1LJGS53NCp-odxIXkmSORKxH8_UeQo5bY4expBVdkFdk"",""2026-27!AS4"")"),0.0) -> 0 | CU10: =IFERROR(__xludf.DUMMYFUNCTION("IMPORTRANGE(""1LJGS53NCp-odxIXkmSORKxH8_UeQo5bY4expBVdkFdk"",""2026-27!AS3"")"),0.0) -> 0
A11: Anant Singh | C11: Ashutosh Kumar (Rudrapur) | D11: Rudrapur | E11: 9319865478 | F11: 45658 | I11: 31455 | J11: 1400000 | K11: =IFERROR(__xludf.DUMMYFUNCTION("IMPORTRANGE(""13EYfcAewqPPQ83PA3ta2L46h2GIwi9k-mw8zx8HuEws"",""2026-27!A3"")"),100.0) -> 100 | L11: =IFERROR(__xludf.DUMMYFUNCTION("IMPORTRANGE(""13EYfcAewqPPQ83PA3ta2L46h2GIwi9k-mw8zx8HuEws"",""2026-27!G4"")"),1.735E7) -> 17350000 | M11: =R11+Y11+AF11+AM11+AT11+BA11+BH11+BO11+BV11+CC11+CJ11+CQ11 -> 2124687.9 | N11: =iferror(O11/L11,"") -> 0.13429297 | O11: =U11+AB11+AI11+AP11+AW11+BD11+BK11+BR11+BY11+CF11+CM11+CT11 -> 2329983 | P11: =IFERROR(__xludf.DUMMYFUNCTION("IMPORTRANGE(""13EYfcAewqPPQ83PA3ta2L46h2GIwi9k-mw8zx8HuEws"",""2026-27!J4"")"),1500000.0) -> 1500000 | Q11: =IFERROR(__xludf.DUMMYFUNCTION("IMPORTRANGE(""13EYfcAewqPPQ83PA3ta2L46h2GIwi9k-mw8zx8HuEws"",""2026-27!J3"")"),86.0) -> 86 | R11: =IFERROR(__xludf.DUMMYFUNCTION("IMPORTRANGE(""13EYfcAewqPPQ83PA3ta2L46h2GIwi9k-mw8zx8HuEws"",""2026-27!K4"")"),231251.31999999998) -> 231251.32 | S11: =IFERROR(__xludf.DUMMYFUNCTION("IMPORTRANGE(""13EYfcAewqPPQ83PA3ta2L46h2GIwi9k-mw8zx8HuEws"",""2026-27!K3"")"),15.0) -> 15 | T11: =IFERROR((U11/P11),"") -> 0.17681 | U11: =IFERROR(__xludf.DUMMYFUNCTION("IMPORTRANGE(""13EYfcAewqPPQ83PA3ta2L46h2GIwi9k-mw8zx8HuEws"",""2026-27!L4"")"),265215.0) -> 265215 | V11: =IFERROR(__xludf.DUMMYFUNCTION("IMPORTRANGE(""13EYfcAewqPPQ83PA3ta2L46h2GIwi9k-mw8zx8HuEws"",""2026-27!L3"")"),17.0) -> 17 | W11: =IFERROR(__xludf.DUMMYFUNCTION("IMPORTRANGE(""13EYfcAewqPPQ83PA3ta2L46h2GIwi9k-mw8zx8HuEws"",""2026-27!m4"")"),1425000.0) -> 1425000 | X11: =IFERROR(__xludf.DUMMYFUNCTION("IMPORTRANGE(""13EYfcAewqPPQ83PA3ta2L46h2GIwi9k-mw8zx8HuEws"",""2026-27!m3"")"),86.0) -> 86 | Y11: =IFERROR(__xludf.DUMMYFUNCTION("IMPORTRANGE(""13EYfcAewqPPQ83PA3ta2L46h2GIwi9k-mw8zx8HuEws"",""2026-27!N4"")"),1088919.99) -> 1088920 | Z11: =IFERROR(__xludf.DUMMYFUNCTION("IMPORTRANGE(""13EYfcAewqPPQ83PA3ta2L46h2GIwi9k-mw8zx8HuEws"",""2026-27!N3"")"),22.0) -> 22 | AA11: =IFERROR((AB11/W11),"") -> 0.85945754 | AB11: =IFERROR(__xludf.DUMMYFUNCTION("IMPORTRANGE(""13EYfcAewqPPQ83PA3ta2L46h2GIwi9k-mw8zx8HuEws"",""2026-27!O4"")"),1224727.0) -> 1224727 | AC11: =IFERROR(__xludf.DUMMYFUNCTION("IMPORTRANGE(""13EYfcAewqPPQ83PA3ta2L46h2GIwi9k-mw8zx8HuEws"",""2026-27!O3"")"),22.0) -> 22 | AD11: =IFERROR(__xludf.DUMMYFUNCTION("IMPORTRANGE(""13EYfcAewqPPQ83PA3ta2L46h2GIwi9k-mw8zx8HuEws"",""2026-27!P4"")"),1400000.0) -> 1400000 | AE11: =IFERROR(__xludf.DUMMYFUNCTION("IMPORTRANGE(""13EYfcAewqPPQ83PA3ta2L46h2GIwi9k-mw8zx8HuEws"",""2026-27!P3"")"),95.0) -> 95 | AF11: =IFERROR(__xludf.DUMMYFUNCTION("IMPORTRANGE(""13EYfcAewqPPQ83PA3ta2L46h2GIwi9k-mw8zx8HuEws"",""2026-27!Q4"")"),804516.6100000001) -> 804516.61 | AG11: =IFERROR(__xludf.DUMMYFUNCTION("IMPORTRANGE(""13EYfcAewqPPQ83PA3ta2L46h2GIwi9k-mw8zx8HuEws"",""2026-27!Q3"")"),23.0) -> 23 | AH11: =IFERROR((AI11/AD11),"") -> 0.60002929 | AI11: =IFERROR(__xludf.DUMMYFUNCTION("IMPORTRANGE(""13EYfcAewqPPQ83PA3ta2L46h2GIwi9k-mw8zx8HuEws"",""2026-27!R4"")"),840041.0) -> 840041 | AJ11: =IFERROR(__xludf.DUMMYFUNCTION("IMPORTRANGE(""13EYfcAewqPPQ83PA3ta2L46h2GIwi9k-mw8zx8HuEws"",""2026-27!R3"")"),24.0) -> 24 | AK11: =IFERROR(__xludf.DUMMYFUNCTION("IMPORTRANGE(""13EYfcAewqPPQ83PA3ta2L46h2GIwi9k-mw8zx8HuEws"",""2026-27!S4"")"),0.0) -> 0 | AL11: =IFERROR(__xludf.DUMMYFUNCTION("IMPORTRANGE(""13EYfcAewqPPQ83PA3ta2L46h2GIwi9k-mw8zx8HuEws"",""2026-27!S3"")"),0.0) -> 0 | AM11: =IFERROR(__xludf.DUMMYFUNCTION("IMPORTRANGE(""13EYfcAewqPPQ83PA3ta2L46h2GIwi9k-mw8zx8HuEws"",""2026-27!T4"")"),0.0) -> 0 | AN11: =IFERROR(__xludf.DUMMYFUNCTION("IMPORTRANGE(""13EYfcAewqPPQ83PA3ta2L46h2GIwi9k-mw8zx8HuEws"",""2026-27!T3"")"),0.0) -> 0 | AO11: =IFERROR((AP11/AK11),"") | AP11: =IFERROR(__xludf.DUMMYFUNCTION("IMPORTRANGE(""13EYfcAewqPPQ83PA3ta2L46h2GIwi9k-mw8zx8HuEws"",""2026-27!U4"")"),0.0) -> 0 | AQ11: =IFERROR(__xludf.DUMMYFUNCTION("IMPORTRANGE(""13EYfcAewqPPQ83PA3ta2L46h2GIwi9k-mw8zx8HuEws"",""2026-27!U3"")"),0.0) -> 0 | AR11: =IFERROR(__xludf.DUMMYFUNCTION("IMPORTRANGE(""13EYfcAewqPPQ83PA3ta2L46h2GIwi9k-mw8zx8HuEws"",""2026-27!V4"")"),0.0) -> 0 | AS11: =IFERROR(__xludf.DUMMYFUNCTION("IMPORTRANGE(""13EYfcAewqPPQ83PA3ta2L46h2GIwi9k-mw8zx8HuEws"",""2026-27!V3"")"),0.0) -> 0 | AT11: =IFERROR(__xludf.DUMMYFUNCTION("IMPORTRANGE(""13EYfcAewqPPQ83PA3ta2L46h2GIwi9k-mw8zx8HuEws"",""2026-27!W4"")"),0.0) -> 0 | AU11: =IFERROR(__xludf.DUMMYFUNCTION("IMPORTRANGE(""13EYfcAewqPPQ83PA3ta2L46h2GIwi9k-mw8zx8HuEws"",""2026-27!W3"")"),0.0) -> 0 | AV11: =IFERROR((AW11/AR11),"") | AW11: =IFERROR(__xludf.DUMMYFUNCTION("IMPORTRANGE(""13EYfcAewqPPQ83PA3ta2L46h2GIwi9k-mw8zx8HuEws"",""2026-27!X4"")"),0.0) -> 0 | AX11: =IFERROR(__xludf.DUMMYFUNCTION("IMPORTRANGE(""13EYfcAewqPPQ83PA3ta2L46h2GIwi9k-mw8zx8HuEws"",""2026-27!X3"")"),0.0) -> 0 | AY11: =IFERROR(__xludf.DUMMYFUNCTION("IMPORTRANGE(""13EYfcAewqPPQ83PA3ta2L46h2GIwi9k-mw8zx8HuEws"",""2026-27!Y4"")"),0.0) -> 0 | AZ11: =IFERROR(__xludf.DUMMYFUNCTION("IMPORTRANGE(""13EYfcAewqPPQ83PA3ta2L46h2GIwi9k-mw8zx8HuEws"",""2026-27!Y3"")"),0.0) -> 0 | BA11: =IFERROR(__xludf.DUMMYFUNCTION("IMPORTRANGE(""13EYfcAewqPPQ83PA3ta2L46h2GIwi9k-mw8zx8HuEws"",""2026-27!Z4"")"),0.0) -> 0 | BB11: =IFERROR(__xludf.DUMMYFUNCTION("IMPORTRANGE(""13EYfcAewqPPQ83PA3ta2L46h2GIwi9k-mw8zx8HuEws"",""2026-27!Z3"")"),0.0) -> 0 | BC11: =IFERROR((BD11/AY11),"") | BD11: =IFERROR(__xludf.DUMMYFUNCTION("IMPORTRANGE(""13EYfcAewqPPQ83PA3ta2L46h2GIwi9k-mw8zx8HuEws"",""2026-27!AA4"")"),0.0) -> 0 | BE11: =IFERROR(__xludf.DUMMYFUNCTION("IMPORTRANGE(""13EYfcAewqPPQ83PA3ta2L46h2GIwi9k-mw8zx8HuEws"",""2026-27!AA3"")"),0.0) -> 0 | BF11: =IFERROR(__xludf.DUMMYFUNCTION("IMPORTRANGE(""13EYfcAewqPPQ83PA3ta2L46h2GIwi9k-mw8zx8HuEws"",""2026-27!AB4"")"),0.0) -> 0 | BG11: =IFERROR(__xludf.DUMMYFUNCTION("IMPORTRANGE(""13EYfcAewqPPQ83PA3ta2L46h2GIwi9k-mw8zx8HuEws"",""2026-27!AB3"")"),0.0) -> 0 | BH11: =IFERROR(__xludf.DUMMYFUNCTION("IMPORTRANGE(""13EYfcAewqPPQ83PA3ta2L46h2GIwi9k-mw8zx8HuEws"",""2026-27!AC4"")"),0.0) -> 0 | BI11: =IFERROR(__xludf.DUMMYFUNCTION("IMPORTRANGE(""13EYfcAewqPPQ83PA3ta2L46h2GIwi9k-mw8zx8HuEws"",""2026-27!AC3"")"),0.0) -> 0 | BJ11: =IFERROR((BK11/BF11),"") | BK11: =IFERROR(__xludf.DUMMYFUNCTION("IMPORTRANGE(""13EYfcAewqPPQ83PA3ta2L46h2GIwi9k-mw8zx8HuEws"",""2026-27!AD4"")"),0.0) -> 0 | BL11: =IFERROR(__xludf.DUMMYFUNCTION("IMPORTRANGE(""13EYfcAewqPPQ83PA3ta2L46h2GIwi9k-mw8zx8HuEws"",""2026-27!AD3"")"),0.0) -> 0 | BM11: =IFERROR(__xludf.DUMMYFUNCTION("IMPORTRANGE(""13EYfcAewqPPQ83PA3ta2L46h2GIwi9k-mw8zx8HuEws"",""2026-27!AE4"")"),0.0) -> 0 | BN11: =IFERROR(__xludf.DUMMYFUNCTION("IMPORTRANGE(""13EYfcAewqPPQ83PA3ta2L46h2GIwi9k-mw8zx8HuEws"",""2026-27!AE3"")"),0.0) -> 0 | BO11: =IFERROR(__xludf.DUMMYFUNCTION("IMPORTRANGE(""13EYfcAewqPPQ83PA3ta2L46h2GIwi9k-mw8zx8HuEws"",""2026-27!AF4"")"),0.0) -> 0 | BP11: =IFERROR(__xludf.DUMMYFUNCTION("IMPORTRANGE(""13EYfcAewqPPQ83PA3ta2L46h2GIwi9k-mw8zx8HuEws"",""2026-27!AF3"")"),0.0) -> 0 | BQ11: =IFERROR((BR11/BM11),"") | BR11: =IFERROR(__xludf.DUMMYFUNCTION("IMPORTRANGE(""13EYfcAewqPPQ83PA3ta2L46h2GIwi9k-mw8zx8HuEws"",""2026-27!AG4"")"),0.0) -> 0 | BS11: =IFERROR(__xludf.DUMMYFUNCTION("IMPORTRANGE(""13EYfcAewqPPQ83PA3ta2L46h2GIwi9k-mw8zx8HuEws"",""2026-27!AG3"")"),0.0) -> 0 | BT11: =IFERROR(__xludf.DUMMYFUNCTION("IMPORTRANGE(""13EYfcAewqPPQ83PA3ta2L46h2GIwi9k-mw8zx8HuEws"",""2026-27!AH4"")"),0.0) -> 0 | BU11: =IFERROR(__xludf.DUMMYFUNCTION("IMPORTRANGE(""13EYfcAewqPPQ83PA3ta2L46h2GIwi9k-mw8zx8HuEws"",""2026-27!AH3"")"),0.0) -> 0 | BV11: =IFERROR(__xludf.DUMMYFUNCTION("IMPORTRANGE(""13EYfcAewqPPQ83PA3ta2L46h2GIwi9k-mw8zx8HuEws"",""2026-27!AI4"")"),0.0) -> 0 | BW11: =IFERROR(__xludf.DUMMYFUNCTION("IMPORTRANGE(""13EYfcAewqPPQ83PA3ta2L46h2GIwi9k-mw8zx8HuEws"",""2026-27!AI3"")"),0.0) -> 0 | BX11: =IFERROR((BY11/BT11),"") | BY11: =IFERROR(__xludf.DUMMYFUNCTION("IMPORTRANGE(""13EYfcAewqPPQ83PA3ta2L46h2GIwi9k-mw8zx8HuEws"",""2026-27!AJ4"")"),0.0) -> 0 | BZ11: =IFERROR(__xludf.DUMMYFUNCTION("IMPORTRANGE(""13EYfcAewqPPQ83PA3ta2L46h2GIwi9k-mw8zx8HuEws"",""2026-27!AJ3"")"),0.0) -> 0 | CA11: =IFERROR(__xludf.DUMMYFUNCTION("IMPORTRANGE(""13EYfcAewqPPQ83PA3ta2L46h2GIwi9k-mw8zx8HuEws"",""2026-27!AK4"")"),0.0) -> 0 | CB11: =IFERROR(__xludf.DUMMYFUNCTION("IMPORTRANGE(""13EYfcAewqPPQ83PA3ta2L46h2GIwi9k-mw8zx8HuEws"",""2026-27!AK3"")"),0.0) -> 0 | CC11: =IFERROR(__xludf.DUMMYFUNCTION("IMPORTRANGE(""13EYfcAewqPPQ83PA3ta2L46h2GIwi9k-mw8zx8HuEws"",""2026-27!AL4"")"),0.0) -> 0 | CD11: =IFERROR(__xludf.DUMMYFUNCTION("IMPORTRANGE(""13EYfcAewqPPQ83PA3ta2L46h2GIwi9k-mw8zx8HuEws"",""2026-27!AL3"")"),0.0) -> 0 | CE11: =IFERROR((CF11/CA11),"") | CF11: =IFERROR(__xludf.DUMMYFUNCTION("IMPORTRANGE(""13EYfcAewqPPQ83PA3ta2L46h2GIwi9k-mw8zx8HuEws"",""2026-27!AM4"")"),0.0) -> 0 | CG11: =IFERROR(__xludf.DUMMYFUNCTION("IMPORTRANGE(""13EYfcAewqPPQ83PA3ta2L46h2GIwi9k-mw8zx8HuEws"",""2026-27!AM3"")"),0.0) -> 0 | CH11: =IFERROR(__xludf.DUMMYFUNCTION("IMPORTRANGE(""13EYfcAewqPPQ83PA3ta2L46h2GIwi9k-mw8zx8HuEws"",""2026-27!AN4"")"),0.0) -> 0 | CI11: =IFERROR(__xludf.DUMMYFUNCTION("IMPORTRANGE(""13EYfcAewqPPQ83PA3ta2L46h2GIwi9k-mw8zx8HuEws"",""2026-27!AN3"")"),0.0) -> 0 | CJ11: =IFERROR(__xludf.DUMMYFUNCTION("IMPORTRANGE(""13EYfcAewqPPQ83PA3ta2L46h2GIwi9k-mw8zx8HuEws"",""2026-27!AO4"")"),0.0) -> 0 | CK11: =IFERROR(__xludf.DUMMYFUNCTION("IMPORTRANGE(""13EYfcAewqPPQ83PA3ta2L46h2GIwi9k-mw8zx8HuEws"",""2026-27!AO3"")"),0.0) -> 0 | CL11: =IFERROR((CM11/CH11),"") | CM11: =IFERROR(__xludf.DUMMYFUNCTION("IMPORTRANGE(""13EYfcAewqPPQ83PA3ta2L46h2GIwi9k-mw8zx8HuEws"",""2026-27!AP4"")"),0.0) -> 0 | CN11: =IFERROR(__xludf.DUMMYFUNCTION("IMPORTRANGE(""13EYfcAewqPPQ83PA3ta2L46h2GIwi9k-mw8zx8HuEws"",""2026-27!AP3"")"),0.0) -> 0 | CO11: =IFERROR(__xludf.DUMMYFUNCTION("IMPORTRANGE(""13EYfcAewqPPQ83PA3ta2L46h2GIwi9k-mw8zx8HuEws"",""2026-27!AQ4"")"),0.0) -> 0 | CP11: =IFERROR(__xludf.DUMMYFUNCTION("IMPORTRANGE(""13EYfcAewqPPQ83PA3ta2L46h2GIwi9k-mw8zx8HuEws"",""2026-27!AQ3"")"),0.0) -> 0 | CQ11: =IFERROR(__xludf.DUMMYFUNCTION("IMPORTRANGE(""13EYfcAewqPPQ83PA3ta2L46h2GIwi9k-mw8zx8HuEws"",""2026-27!AR4"")"),0.0) -> 0 | CR11: =IFERROR(__xludf.DUMMYFUNCTION("IMPORTRANGE(""13EYfcAewqPPQ83PA3ta2L46h2GIwi9k-mw8zx8HuEws"",""2026-27!AR3"")"),0.0) -> 0 | CS11: =IFERROR((CT11/CO11),"") | CT11: =IFERROR(__xludf.DUMMYFUNCTION("IMPORTRANGE(""13EYfcAewqPPQ83PA3ta2L46h2GIwi9k-mw8zx8HuEws"",""2026-27!AS4"")"),0.0) -> 0 | CU11: =IFERROR(__xludf.DUMMYFUNCTION("IMPORTRANGE(""13EYfcAewqPPQ83PA3ta2L46h2GIwi9k-mw8zx8HuEws"",""2026-27!AS3"")"),0.0) -> 0
A12: Anant Singh | C12: Ravi (Faridabad) | D12: Faridabad | E12: 8266009918 | F12: 45736 | I12: 27260 | J12: 1350000 | K12: =IFERROR(__xludf.DUMMYFUNCTION("IMPORTRANGE(""1jFDZ-XQ8Fuzz37_6c1Wi087O7eNCDVE8KbcMW9lSUac"",""2026-27!A3"")"),38.0) -> 38 | L12: =IFERROR(__xludf.DUMMYFUNCTION("IMPORTRANGE(""1jFDZ-XQ8Fuzz37_6c1Wi087O7eNCDVE8KbcMW9lSUac"",""2026-27!G4"")"),0.0) -> 0 | M12: =R12+Y12+AF12+AM12+AT12+BA12+BH12+BO12+BV12+CC12+CJ12+CQ12 -> 228007.86 | N12: =iferror(O12/L12,"") | O12: =U12+AB12+AI12+AP12+AW12+BD12+BK12+BR12+BY12+CF12+CM12+CT12 -> 0 | P12: =IFERROR(__xludf.DUMMYFUNCTION("IMPORTRANGE(""1jFDZ-XQ8Fuzz37_6c1Wi087O7eNCDVE8KbcMW9lSUac"",""2026-27!J4"")"),0.0) -> 0 | Q12: =IFERROR(__xludf.DUMMYFUNCTION("IMPORTRANGE(""1jFDZ-XQ8Fuzz37_6c1Wi087O7eNCDVE8KbcMW9lSUac"",""2026-27!J3"")"),0.0) -> 0 | R12: =IFERROR(__xludf.DUMMYFUNCTION("IMPORTRANGE(""1jFDZ-XQ8Fuzz37_6c1Wi087O7eNCDVE8KbcMW9lSUac"",""2026-27!K4"")"),13407.54) -> 13407.54 | S12: =IFERROR(__xludf.DUMMYFUNCTION("IMPORTRANGE(""1jFDZ-XQ8Fuzz37_6c1Wi087O7eNCDVE8KbcMW9lSUac"",""2026-27!K3"")"),2.0) -> 2 | T12: =IFERROR((U12/P12),"") | U12: =IFERROR(__xludf.DUMMYFUNCTION("IMPORTRANGE(""1jFDZ-XQ8Fuzz37_6c1Wi087O7eNCDVE8KbcMW9lSUac"",""2026-27!L4"")"),0.0) -> 0 | V12: =IFERROR(__xludf.DUMMYFUNCTION("IMPORTRANGE(""1jFDZ-XQ8Fuzz37_6c1Wi087O7eNCDVE8KbcMW9lSUac"",""2026-27!L3"")"),0.0) -> 0 | W12: =IFERROR(__xludf.DUMMYFUNCTION("IMPORTRANGE(""1jFDZ-XQ8Fuzz37_6c1Wi087O7eNCDVE8KbcMW9lSUac"",""2026-27!m4"")"),0.0) -> 0 | X12: =IFERROR(__xludf.DUMMYFUNCTION("IMPORTRANGE(""1jFDZ-XQ8Fuzz37_6c1Wi087O7eNCDVE8KbcMW9lSUac"",""2026-27!m3"")"),0.0) -> 0 | Y12: =IFERROR(__xludf.DUMMYFUNCTION("IMPORTRANGE(""1jFDZ-XQ8Fuzz37_6c1Wi087O7eNCDVE8KbcMW9lSUac"",""2026-27!N4"")"),0.0) -> 0 | Z12: =IFERROR(__xludf.DUMMYFUNCTION("IMPORTRANGE(""1jFDZ-XQ8Fuzz37_6c1Wi087O7eNCDVE8KbcMW9lSUac"",""2026-27!N3"")"),0.0) -> 0 | AA12: =IFERROR((AB12/W12),"") | AB12: =IFERROR(__xludf.DUMMYFUNCTION("IMPORTRANGE(""1jFDZ-XQ8Fuzz37_6c1Wi087O7eNCDVE8KbcMW9lSUac"",""2026-27!O4"")"),0.0) -> 0 | AC12: =IFERROR(__xludf.DUMMYFUNCTION("IMPORTRANGE(""1jFDZ-XQ8Fuzz37_6c1Wi087O7eNCDVE8KbcMW9lSUac"",""2026-27!O3"")"),0.0) -> 0 | AD12: =IFERROR(__xludf.DUMMYFUNCTION("IMPORTRANGE(""1jFDZ-XQ8Fuzz37_6c1Wi087O7eNCDVE8KbcMW9lSUac"",""2026-27!P4"")"),0.0) -> 0 | AE12: =IFERROR(__xludf.DUMMYFUNCTION("IMPORTRANGE(""1jFDZ-XQ8Fuzz37_6c1Wi087O7eNCDVE8KbcMW9lSUac"",""2026-27!P3"")"),0.0) -> 0 | AF12: =IFERROR(__xludf.DUMMYFUNCTION("IMPORTRANGE(""1jFDZ-XQ8Fuzz37_6c1Wi087O7eNCDVE8KbcMW9lSUac"",""2026-27!Q4"")"),214600.32) -> 214600.32 | AG12: =IFERROR(__xludf.DUMMYFUNCTION("IMPORTRANGE(""1jFDZ-XQ8Fuzz37_6c1Wi087O7eNCDVE8KbcMW9lSUac"",""2026-27!Q3"")"),3.0) -> 3 | AH12: =IFERROR((AI12/AD12),"") | AI12: =IFERROR(__xludf.DUMMYFUNCTION("IMPORTRANGE(""1jFDZ-XQ8Fuzz37_6c1Wi087O7eNCDVE8KbcMW9lSUac"",""2026-27!R4"")"),0.0) -> 0 | AJ12: =IFERROR(__xludf.DUMMYFUNCTION("IMPORTRANGE(""1jFDZ-XQ8Fuzz37_6c1Wi087O7eNCDVE8KbcMW9lSUac"",""2026-27!R3"")"),0.0) -> 0 | AK12: =IFERROR(__xludf.DUMMYFUNCTION("IMPORTRANGE(""1jFDZ-XQ8Fuzz37_6c1Wi087O7eNCDVE8KbcMW9lSUac"",""2026-27!S4"")"),0.0) -> 0 | AL12: =IFERROR(__xludf.DUMMYFUNCTION("IMPORTRANGE(""1jFDZ-XQ8Fuzz37_6c1Wi087O7eNCDVE8KbcMW9lSUac"",""2026-27!S3"")"),0.0) -> 0 | AM12: =IFERROR(__xludf.DUMMYFUNCTION("IMPORTRANGE(""1jFDZ-XQ8Fuzz37_6c1Wi087O7eNCDVE8KbcMW9lSUac"",""2026-27!T4"")"),0.0) -> 0 | AN12: =IFERROR(__xludf.DUMMYFUNCTION("IMPORTRANGE(""1jFDZ-XQ8Fuzz37_6c1Wi087O7eNCDVE8KbcMW9lSUac"",""2026-27!T3"")"),0.0) -> 0 | AO12: =IFERROR((AP12/AK12),"") | AP12: =IFERROR(__xludf.DUMMYFUNCTION("IMPORTRANGE(""1jFDZ-XQ8Fuzz37_6c1Wi087O7eNCDVE8KbcMW9lSUac"",""2026-27!U4"")"),0.0) -> 0 | AQ12: =IFERROR(__xludf.DUMMYFUNCTION("IMPORTRANGE(""1jFDZ-XQ8Fuzz37_6c1Wi087O7eNCDVE8KbcMW9lSUac"",""2026-27!U3"")"),0.0) -> 0 | AR12: =IFERROR(__xludf.DUMMYFUNCTION("IMPORTRANGE(""1jFDZ-XQ8Fuzz37_6c1Wi087O7eNCDVE8KbcMW9lSUac"",""2026-27!V4"")"),0.0) -> 0 | AS12: =IFERROR(__xludf.DUMMYFUNCTION("IMPORTRANGE(""1jFDZ-XQ8Fuzz37_6c1Wi087O7eNCDVE8KbcMW9lSUac"",""2026-27!V3"")"),0.0) -> 0 | AT12: =IFERROR(__xludf.DUMMYFUNCTION("IMPORTRANGE(""1jFDZ-XQ8Fuzz37_6c1Wi087O7eNCDVE8KbcMW9lSUac"",""2026-27!W4"")"),0.0) -> 0 | AU12: =IFERROR(__xludf.DUMMYFUNCTION("IMPORTRANGE(""1jFDZ-XQ8Fuzz37_6c1Wi087O7eNCDVE8KbcMW9lSUac"",""2026-27!W3"")"),0.0) -> 0 | AV12: =IFERROR((AW12/AR12),"") | AW12: =IFERROR(__xludf.DUMMYFUNCTION("IMPORTRANGE(""1jFDZ-XQ8Fuzz37_6c1Wi087O7eNCDVE8KbcMW9lSUac"",""2026-27!X4"")"),0.0) -> 0 | AX12: =IFERROR(__xludf.DUMMYFUNCTION("IMPORTRANGE(""1jFDZ-XQ8Fuzz37_6c1Wi087O7eNCDVE8KbcMW9lSUac"",""2026-27!X3"")"),0.0) -> 0 | AY12: =IFERROR(__xludf.DUMMYFUNCTION("IMPORTRANGE(""1jFDZ-XQ8Fuzz37_6c1Wi087O7eNCDVE8KbcMW9lSUac"",""2026-27!Y4"")"),0.0) -> 0 | AZ12: =IFERROR(__xludf.DUMMYFUNCTION("IMPORTRANGE(""1jFDZ-XQ8Fuzz37_6c1Wi087O7eNCDVE8KbcMW9lSUac"",""2026-27!Y3"")"),0.0) -> 0 | BA12: =IFERROR(__xludf.DUMMYFUNCTION("IMPORTRANGE(""1jFDZ-XQ8Fuzz37_6c1Wi087O7eNCDVE8KbcMW9lSUac"",""2026-27!Z4"")"),0.0) -> 0 | BB12: =IFERROR(__xludf.DUMMYFUNCTION("IMPORTRANGE(""1jFDZ-XQ8Fuzz37_6c1Wi087O7eNCDVE8KbcMW9lSUac"",""2026-27!Z3"")"),0.0) -> 0 | BC12: =IFERROR((BD12/AY12),"") | BD12: =IFERROR(__xludf.DUMMYFUNCTION("IMPORTRANGE(""1jFDZ-XQ8Fuzz37_6c1Wi087O7eNCDVE8KbcMW9lSUac"",""2026-27!AA4"")"),0.0) -> 0 | BE12: =IFERROR(__xludf.DUMMYFUNCTION("IMPORTRANGE(""1jFDZ-XQ8Fuzz37_6c1Wi087O7eNCDVE8KbcMW9lSUac"",""2026-27!AA3"")"),0.0) -> 0 | BF12: =IFERROR(__xludf.DUMMYFUNCTION("IMPORTRANGE(""1jFDZ-XQ8Fuzz37_6c1Wi087O7eNCDVE8KbcMW9lSUac"",""2026-27!AB4"")"),0.0) -> 0 | BG12: =IFERROR(__xludf.DUMMYFUNCTION("IMPORTRANGE(""1jFDZ-XQ8Fuzz37_6c1Wi087O7eNCDVE8KbcMW9lSUac"",""2026-27!AB3"")"),0.0) -> 0 | BH12: =IFERROR(__xludf.DUMMYFUNCTION("IMPORTRANGE(""1jFDZ-XQ8Fuzz37_6c1Wi087O7eNCDVE8KbcMW9lSUac"",""2026-27!AC4"")"),0.0) -> 0 | BI12: =IFERROR(__xludf.DUMMYFUNCTION("IMPORTRANGE(""1jFDZ-XQ8Fuzz37_6c1Wi087O7eNCDVE8KbcMW9lSUac"",""2026-27!AC3"")"),0.0) -> 0 | BJ12: =IFERROR((BK12/BF12),"") | BK12: =IFERROR(__xludf.DUMMYFUNCTION("IMPORTRANGE(""1jFDZ-XQ8Fuzz37_6c1Wi087O7eNCDVE8KbcMW9lSUac"",""2026-27!AD4"")"),0.0) -> 0 | BL12: =IFERROR(__xludf.DUMMYFUNCTION("IMPORTRANGE(""1jFDZ-XQ8Fuzz37_6c1Wi087O7eNCDVE8KbcMW9lSUac"",""2026-27!AD3"")"),0.0) -> 0 | BM12: =IFERROR(__xludf.DUMMYFUNCTION("IMPORTRANGE(""1jFDZ-XQ8Fuzz37_6c1Wi087O7eNCDVE8KbcMW9lSUac"",""2026-27!AE4"")"),0.0) -> 0 | BN12: =IFERROR(__xludf.DUMMYFUNCTION("IMPORTRANGE(""1jFDZ-XQ8Fuzz37_6c1Wi087O7eNCDVE8KbcMW9lSUac"",""2026-27!AE3"")"),0.0) -> 0 | BO12: =IFERROR(__xludf.DUMMYFUNCTION("IMPORTRANGE(""1jFDZ-XQ8Fuzz37_6c1Wi087O7eNCDVE8KbcMW9lSUac"",""2026-27!AF4"")"),0.0) -> 0 | BP12: =IFERROR(__xludf.DUMMYFUNCTION("IMPORTRANGE(""1jFDZ-XQ8Fuzz37_6c1Wi087O7eNCDVE8KbcMW9lSUac"",""2026-27!AF3"")"),0.0) -> 0 | BQ12: =IFERROR((BR12/BM12),"") | BR12: =IFERROR(__xludf.DUMMYFUNCTION("IMPORTRANGE(""1jFDZ-XQ8Fuzz37_6c1Wi087O7eNCDVE8KbcMW9lSUac"",""2026-27!AG4"")"),0.0) -> 0 | BS12: =IFERROR(__xludf.DUMMYFUNCTION("IMPORTRANGE(""1jFDZ-XQ8Fuzz37_6c1Wi087O7eNCDVE8KbcMW9lSUac"",""2026-27!AG3"")"),0.0) -> 0 | BT12: =IFERROR(__xludf.DUMMYFUNCTION("IMPORTRANGE(""1jFDZ-XQ8Fuzz37_6c1Wi087O7eNCDVE8KbcMW9lSUac"",""2026-27!AH4"")"),0.0) -> 0 | BU12: =IFERROR(__xludf.DUMMYFUNCTION("IMPORTRANGE(""1jFDZ-XQ8Fuzz37_6c1Wi087O7eNCDVE8KbcMW9lSUac"",""2026-27!AH3"")"),0.0) -> 0 | BV12: =IFERROR(__xludf.DUMMYFUNCTION("IMPORTRANGE(""1jFDZ-XQ8Fuzz37_6c1Wi087O7eNCDVE8KbcMW9lSUac"",""2026-27!AI4"")"),0.0) -> 0 | BW12: =IFERROR(__xludf.DUMMYFUNCTION("IMPORTRANGE(""1jFDZ-XQ8Fuzz37_6c1Wi087O7eNCDVE8KbcMW9lSUac"",""2026-27!AI3"")"),0.0) -> 0 | BX12: =IFERROR((BY12/BT12),"") | BY12: =IFERROR(__xludf.DUMMYFUNCTION("IMPORTRANGE(""1jFDZ-XQ8Fuzz37_6c1Wi087O7eNCDVE8KbcMW9lSUac"",""2026-27!AJ4"")"),0.0) -> 0 | BZ12: =IFERROR(__xludf.DUMMYFUNCTION("IMPORTRANGE(""1jFDZ-XQ8Fuzz37_6c1Wi087O7eNCDVE8KbcMW9lSUac"",""2026-27!AJ3"")"),0.0) -> 0 | CA12: =IFERROR(__xludf.DUMMYFUNCTION("IMPORTRANGE(""1jFDZ-XQ8Fuzz37_6c1Wi087O7eNCDVE8KbcMW9lSUac"",""2026-27!AK4"")"),0.0) -> 0 | CB12: =IFERROR(__xludf.DUMMYFUNCTION("IMPORTRANGE(""1jFDZ-XQ8Fuzz37_6c1Wi087O7eNCDVE8KbcMW9lSUac"",""2026-27!AK3"")"),0.0) -> 0 | CC12: =IFERROR(__xludf.DUMMYFUNCTION("IMPORTRANGE(""1jFDZ-XQ8Fuzz37_6c1Wi087O7eNCDVE8KbcMW9lSUac"",""2026-27!AL4"")"),0.0) -> 0 | CD12: =IFERROR(__xludf.DUMMYFUNCTION("IMPORTRANGE(""1jFDZ-XQ8Fuzz37_6c1Wi087O7eNCDVE8KbcMW9lSUac"",""2026-27!AL3"")"),0.0) -> 0 | CE12: =IFERROR((CF12/CA12),"") | CF12: =IFERROR(__xludf.DUMMYFUNCTION("IMPORTRANGE(""1jFDZ-XQ8Fuzz37_6c1Wi087O7eNCDVE8KbcMW9lSUac"",""2026-27!AM4"")"),0.0) -> 0 | CG12: =IFERROR(__xludf.DUMMYFUNCTION("IMPORTRANGE(""1jFDZ-XQ8Fuzz37_6c1Wi087O7eNCDVE8KbcMW9lSUac"",""2026-27!AM3"")"),0.0) -> 0 | CH12: =IFERROR(__xludf.DUMMYFUNCTION("IMPORTRANGE(""1jFDZ-XQ8Fuzz37_6c1Wi087O7eNCDVE8KbcMW9lSUac"",""2026-27!AN4"")"),0.0) -> 0 | CI12: =IFERROR(__xludf.DUMMYFUNCTION("IMPORTRANGE(""1jFDZ-XQ8Fuzz37_6c1Wi087O7eNCDVE8KbcMW9lSUac"",""2026-27!AN3"")"),0.0) -> 0 | CJ12: =IFERROR(__xludf.DUMMYFUNCTION("IMPORTRANGE(""1jFDZ-XQ8Fuzz37_6c1Wi087O7eNCDVE8KbcMW9lSUac"",""2026-27!AO4"")"),0.0) -> 0 | CK12: =IFERROR(__xludf.DUMMYFUNCTION("IMPORTRANGE(""1jFDZ-XQ8Fuzz37_6c1Wi087O7eNCDVE8KbcMW9lSUac"",""2026-27!AO3"")"),0.0) -> 0 | CL12: =IFERROR((CM12/CH12),"") | CM12: =IFERROR(__xludf.DUMMYFUNCTION("IMPORTRANGE(""1jFDZ-XQ8Fuzz37_6c1Wi087O7eNCDVE8KbcMW9lSUac"",""2026-27!AP4"")"),0.0) -> 0 | CN12: =IFERROR(__xludf.DUMMYFUNCTION("IMPORTRANGE(""1jFDZ-XQ8Fuzz37_6c1Wi087O7eNCDVE8KbcMW9lSUac"",""2026-27!AP3"")"),0.0) -> 0 | CO12: =IFERROR(__xludf.DUMMYFUNCTION("IMPORTRANGE(""1jFDZ-XQ8Fuzz37_6c1Wi087O7eNCDVE8KbcMW9lSUac"",""2026-27!AQ4"")"),0.0) -> 0 | CP12: =IFERROR(__xludf.DUMMYFUNCTION("IMPORTRANGE(""1jFDZ-XQ8Fuzz37_6c1Wi087O7eNCDVE8KbcMW9lSUac"",""2026-27!AQ3"")"),0.0) -> 0 | CQ12: =IFERROR(__xludf.DUMMYFUNCTION("IMPORTRANGE(""1jFDZ-XQ8Fuzz37_6c1Wi087O7eNCDVE8KbcMW9lSUac"",""2026-27!AR4"")"),0.0) -> 0 | CR12: =IFERROR(__xludf.DUMMYFUNCTION("IMPORTRANGE(""1jFDZ-XQ8Fuzz37_6c1Wi087O7eNCDVE8KbcMW9lSUac"",""2026-27!AR3"")"),0.0) -> 0 | CS12: =IFERROR((CT12/CO12),"") | CT12: =IFERROR(__xludf.DUMMYFUNCTION("IMPORTRANGE(""1jFDZ-XQ8Fuzz37_6c1Wi087O7eNCDVE8KbcMW9lSUac"",""2026-27!AS4"")"),0.0) -> 0 | CU12: =IFERROR(__xludf.DUMMYFUNCTION("IMPORTRANGE(""1jFDZ-XQ8Fuzz37_6c1Wi087O7eNCDVE8KbcMW9lSUac"",""2026-27!AS3"")"),0.0) -> 0
A13: Anant Singh | C13: Shivam Chauhan | D13: Haridwar | E13: 8006520839 | F13: 45887 | I13: 28835 | J13: 1300000 | K13: =IFERROR(__xludf.DUMMYFUNCTION("IMPORTRANGE(""132I0fvbfTDk_3h-QeYGrQ-F6z0A921MXbdqyLFsyN5Y"",""2026-27!A3"")"),136.0) -> 136 | L13: =IFERROR(__xludf.DUMMYFUNCTION("IMPORTRANGE(""132I0fvbfTDk_3h-QeYGrQ-F6z0A921MXbdqyLFsyN5Y"",""2026-27!G4"")"),1.92E7) -> 19200000 | M13: =R13+Y13+AF13+AM13+AT13+BA13+BH13+BO13+BV13+CC13+CJ13+CQ13 -> 2143935.2 | N13: =iferror(O13/L13,"") -> 0.10086755 | O13: =U13+AB13+AI13+AP13+AW13+BD13+BK13+BR13+BY13+CF13+CM13+CT13 -> 1936657 | P13: =IFERROR(__xludf.DUMMYFUNCTION("IMPORTRANGE(""132I0fvbfTDk_3h-QeYGrQ-F6z0A921MXbdqyLFsyN5Y"",""2026-27!J4"")"),1280000.0) -> 1280000 | Q13: =IFERROR(__xludf.DUMMYFUNCTION("IMPORTRANGE(""132I0fvbfTDk_3h-QeYGrQ-F6z0A921MXbdqyLFsyN5Y"",""2026-27!J3"")"),40.0) -> 40 | R13: =IFERROR(__xludf.DUMMYFUNCTION("IMPORTRANGE(""132I0fvbfTDk_3h-QeYGrQ-F6z0A921MXbdqyLFsyN5Y"",""2026-27!K4"")"),459401.44) -> 459401.44 | S13: =IFERROR(__xludf.DUMMYFUNCTION("IMPORTRANGE(""132I0fvbfTDk_3h-QeYGrQ-F6z0A921MXbdqyLFsyN5Y"",""2026-27!K3"")"),20.0) -> 20 | T13: =IFERROR((U13/P13),"") -> 0.37675859 | U13: =IFERROR(__xludf.DUMMYFUNCTION("IMPORTRANGE(""132I0fvbfTDk_3h-QeYGrQ-F6z0A921MXbdqyLFsyN5Y"",""2026-27!L4"")"),482251.0) -> 482251 | V13: =IFERROR(__xludf.DUMMYFUNCTION("IMPORTRANGE(""132I0fvbfTDk_3h-QeYGrQ-F6z0A921MXbdqyLFsyN5Y"",""2026-27!L3"")"),22.0) -> 22 | W13: =IFERROR(__xludf.DUMMYFUNCTION("IMPORTRANGE(""132I0fvbfTDk_3h-QeYGrQ-F6z0A921MXbdqyLFsyN5Y"",""2026-27!m4"")"),1275000.0) -> 1275000 | X13: =IFERROR(__xludf.DUMMYFUNCTION("IMPORTRANGE(""132I0fvbfTDk_3h-QeYGrQ-F6z0A921MXbdqyLFsyN5Y"",""2026-27!m3"")"),47.0) -> 47 | Y13: =IFERROR(__xludf.DUMMYFUNCTION("IMPORTRANGE(""132I0fvbfTDk_3h-QeYGrQ-F6z0A921MXbdqyLFsyN5Y"",""2026-27!N4"")"),806328.56) -> 806328.56 | Z13: =IFERROR(__xludf.DUMMYFUNCTION("IMPORTRANGE(""132I0fvbfTDk_3h-QeYGrQ-F6z0A921MXbdqyLFsyN5Y"",""2026-27!N3"")"),38.0) -> 38 | AA13: =IFERROR((AB13/W13),"") -> 0.53463686 | AB13: =IFERROR(__xludf.DUMMYFUNCTION("IMPORTRANGE(""132I0fvbfTDk_3h-QeYGrQ-F6z0A921MXbdqyLFsyN5Y"",""2026-27!O4"")"),681662.0) -> 681662 | AC13: =IFERROR(__xludf.DUMMYFUNCTION("IMPORTRANGE(""132I0fvbfTDk_3h-QeYGrQ-F6z0A921MXbdqyLFsyN5Y"",""2026-27!O3"")"),39.0) -> 39 | AD13: =IFERROR(__xludf.DUMMYFUNCTION("IMPORTRANGE(""132I0fvbfTDk_3h-QeYGrQ-F6z0A921MXbdqyLFsyN5Y"",""2026-27!P4"")"),1300000.0) -> 1300000 | AE13: =IFERROR(__xludf.DUMMYFUNCTION("IMPORTRANGE(""132I0fvbfTDk_3h-QeYGrQ-F6z0A921MXbdqyLFsyN5Y"",""2026-27!P3"")"),59.0) -> 59 | AF13: =IFERROR(__xludf.DUMMYFUNCTION("IMPORTRANGE(""132I0fvbfTDk_3h-QeYGrQ-F6z0A921MXbdqyLFsyN5Y"",""2026-27!Q4"")"),878205.1799999999) -> 878205.18 | AG13: =IFERROR(__xludf.DUMMYFUNCTION("IMPORTRANGE(""132I0fvbfTDk_3h-QeYGrQ-F6z0A921MXbdqyLFsyN5Y"",""2026-27!Q3"")"),46.0) -> 46 | AH13: =IFERROR((AI13/AD13),"") -> 0.59441846 | AI13: =IFERROR(__xludf.DUMMYFUNCTION("IMPORTRANGE(""132I0fvbfTDk_3h-QeYGrQ-F6z0A921MXbdqyLFsyN5Y"",""2026-27!R4"")"),772744.0) -> 772744 | AJ13: =IFERROR(__xludf.DUMMYFUNCTION("IMPORTRANGE(""132I0fvbfTDk_3h-QeYGrQ-F6z0A921MXbdqyLFsyN5Y"",""2026-27!R3"")"),41.0) -> 41 | AK13: =IFERROR(__xludf.DUMMYFUNCTION("IMPORTRANGE(""132I0fvbfTDk_3h-QeYGrQ-F6z0A921MXbdqyLFsyN5Y"",""2026-27!S4"")"),1300000.0) -> 1300000 | AL13: =IFERROR(__xludf.DUMMYFUNCTION("IMPORTRANGE(""132I0fvbfTDk_3h-QeYGrQ-F6z0A921MXbdqyLFsyN5Y"",""2026-27!S3"")"),55.0) -> 55 | AM13: =IFERROR(__xludf.DUMMYFUNCTION("IMPORTRANGE(""132I0fvbfTDk_3h-QeYGrQ-F6z0A921MXbdqyLFsyN5Y"",""2026-27!T4"")"),0.0) -> 0 | AN13: =IFERROR(__xludf.DUMMYFUNCTION("IMPORTRANGE(""132I0fvbfTDk_3h-QeYGrQ-F6z0A921MXbdqyLFsyN5Y"",""2026-27!T3"")"),0.0) -> 0 | AO13: =IFERROR((AP13/AK13),"") -> 0 | AP13: =IFERROR(__xludf.DUMMYFUNCTION("IMPORTRANGE(""132I0fvbfTDk_3h-QeYGrQ-F6z0A921MXbdqyLFsyN5Y"",""2026-27!U4"")"),0.0) -> 0 | AQ13: =IFERROR(__xludf.DUMMYFUNCTION("IMPORTRANGE(""132I0fvbfTDk_3h-QeYGrQ-F6z0A921MXbdqyLFsyN5Y"",""2026-27!U3"")"),0.0) -> 0 | AR13: =IFERROR(__xludf.DUMMYFUNCTION("IMPORTRANGE(""132I0fvbfTDk_3h-QeYGrQ-F6z0A921MXbdqyLFsyN5Y"",""2026-27!V4"")"),0.0) -> 0 | AS13: =IFERROR(__xludf.DUMMYFUNCTION("IMPORTRANGE(""132I0fvbfTDk_3h-QeYGrQ-F6z0A921MXbdqyLFsyN5Y"",""2026-27!V3"")"),0.0) -> 0 | AT13: =IFERROR(__xludf.DUMMYFUNCTION("IMPORTRANGE(""132I0fvbfTDk_3h-QeYGrQ-F6z0A921MXbdqyLFsyN5Y"",""2026-27!W4"")"),0.0) -> 0 | AU13: =IFERROR(__xludf.DUMMYFUNCTION("IMPORTRANGE(""132I0fvbfTDk_3h-QeYGrQ-F6z0A921MXbdqyLFsyN5Y"",""2026-27!W3"")"),0.0) -> 0 | AV13: =IFERROR((AW13/AR13),"") | AW13: =IFERROR(__xludf.DUMMYFUNCTION("IMPORTRANGE(""132I0fvbfTDk_3h-QeYGrQ-F6z0A921MXbdqyLFsyN5Y"",""2026-27!X4"")"),0.0) -> 0 | AX13: =IFERROR(__xludf.DUMMYFUNCTION("IMPORTRANGE(""132I0fvbfTDk_3h-QeYGrQ-F6z0A921MXbdqyLFsyN5Y"",""2026-27!X3"")"),0.0) -> 0 | AY13: =IFERROR(__xludf.DUMMYFUNCTION("IMPORTRANGE(""132I0fvbfTDk_3h-QeYGrQ-F6z0A921MXbdqyLFsyN5Y"",""2026-27!Y4"")"),0.0) -> 0 | AZ13: =IFERROR(__xludf.DUMMYFUNCTION("IMPORTRANGE(""132I0fvbfTDk_3h-QeYGrQ-F6z0A921MXbdqyLFsyN5Y"",""2026-27!Y3"")"),0.0) -> 0 | BA13: =IFERROR(__xludf.DUMMYFUNCTION("IMPORTRANGE(""132I0fvbfTDk_3h-QeYGrQ-F6z0A921MXbdqyLFsyN5Y"",""2026-27!Z4"")"),0.0) -> 0 | BB13: =IFERROR(__xludf.DUMMYFUNCTION("IMPORTRANGE(""132I0fvbfTDk_3h-QeYGrQ-F6z0A921MXbdqyLFsyN5Y"",""2026-27!Z3"")"),0.0) -> 0 | BC13: =IFERROR((BD13/AY13),"") | BD13: =IFERROR(__xludf.DUMMYFUNCTION("IMPORTRANGE(""132I0fvbfTDk_3h-QeYGrQ-F6z0A921MXbdqyLFsyN5Y"",""2026-27!AA4"")"),0.0) -> 0 | BE13: =IFERROR(__xludf.DUMMYFUNCTION("IMPORTRANGE(""132I0fvbfTDk_3h-QeYGrQ-F6z0A921MXbdqyLFsyN5Y"",""2026-27!AA3"")"),0.0) -> 0 | BF13: =IFERROR(__xludf.DUMMYFUNCTION("IMPORTRANGE(""132I0fvbfTDk_3h-QeYGrQ-F6z0A921MXbdqyLFsyN5Y"",""2026-27!AB4"")"),0.0) -> 0 | BG13: =IFERROR(__xludf.DUMMYFUNCTION("IMPORTRANGE(""132I0fvbfTDk_3h-QeYGrQ-F6z0A921MXbdqyLFsyN5Y"",""2026-27!AB3"")"),0.0) -> 0 | BH13: =IFERROR(__xludf.DUMMYFUNCTION("IMPORTRANGE(""132I0fvbfTDk_3h-QeYGrQ-F6z0A921MXbdqyLFsyN5Y"",""2026-27!AC4"")"),0.0) -> 0 | BI13: =IFERROR(__xludf.DUMMYFUNCTION("IMPORTRANGE(""132I0fvbfTDk_3h-QeYGrQ-F6z0A921MXbdqyLFsyN5Y"",""2026-27!AC3"")"),0.0) -> 0 | BJ13: =IFERROR((BK13/BF13),"") | BK13: =IFERROR(__xludf.DUMMYFUNCTION("IMPORTRANGE(""132I0fvbfTDk_3h-QeYGrQ-F6z0A921MXbdqyLFsyN5Y"",""2026-27!AD4"")"),0.0) -> 0 | BL13: =IFERROR(__xludf.DUMMYFUNCTION("IMPORTRANGE(""132I0fvbfTDk_3h-QeYGrQ-F6z0A921MXbdqyLFsyN5Y"",""2026-27!AD3"")"),0.0) -> 0 | BM13: =IFERROR(__xludf.DUMMYFUNCTION("IMPORTRANGE(""132I0fvbfTDk_3h-QeYGrQ-F6z0A921MXbdqyLFsyN5Y"",""2026-27!AE4"")"),0.0) -> 0 | BN13: =IFERROR(__xludf.DUMMYFUNCTION("IMPORTRANGE(""132I0fvbfTDk_3h-QeYGrQ-F6z0A921MXbdqyLFsyN5Y"",""2026-27!AE3"")"),0.0) -> 0 | BO13: =IFERROR(__xludf.DUMMYFUNCTION("IMPORTRANGE(""132I0fvbfTDk_3h-QeYGrQ-F6z0A921MXbdqyLFsyN5Y"",""2026-27!AF4"")"),0.0) -> 0 | BP13: =IFERROR(__xludf.DUMMYFUNCTION("IMPORTRANGE(""132I0fvbfTDk_3h-QeYGrQ-F6z0A921MXbdqyLFsyN5Y"",""2026-27!AF3"")"),0.0) -> 0 | BQ13: =IFERROR((BR13/BM13),"") | BR13: =IFERROR(__xludf.DUMMYFUNCTION("IMPORTRANGE(""132I0fvbfTDk_3h-QeYGrQ-F6z0A921MXbdqyLFsyN5Y"",""2026-27!AG4"")"),0.0) -> 0 | BS13: =IFERROR(__xludf.DUMMYFUNCTION("IMPORTRANGE(""132I0fvbfTDk_3h-QeYGrQ-F6z0A921MXbdqyLFsyN5Y"",""2026-27!AG3"")"),0.0) -> 0 | BT13: =IFERROR(__xludf.DUMMYFUNCTION("IMPORTRANGE(""132I0fvbfTDk_3h-QeYGrQ-F6z0A921MXbdqyLFsyN5Y"",""2026-27!AH4"")"),0.0) -> 0 | BU13: =IFERROR(__xludf.DUMMYFUNCTION("IMPORTRANGE(""132I0fvbfTDk_3h-QeYGrQ-F6z0A921MXbdqyLFsyN5Y"",""2026-27!AH3"")"),0.0) -> 0 | BV13: =IFERROR(__xludf.DUMMYFUNCTION("IMPORTRANGE(""132I0fvbfTDk_3h-QeYGrQ-F6z0A921MXbdqyLFsyN5Y"",""2026-27!AI4"")"),0.0) -> 0 | BW13: =IFERROR(__xludf.DUMMYFUNCTION("IMPORTRANGE(""132I0fvbfTDk_3h-QeYGrQ-F6z0A921MXbdqyLFsyN5Y"",""2026-27!AI3"")"),0.0) -> 0 | BX13: =IFERROR((BY13/BT13),"") | BY13: =IFERROR(__xludf.DUMMYFUNCTION("IMPORTRANGE(""132I0fvbfTDk_3h-QeYGrQ-F6z0A921MXbdqyLFsyN5Y"",""2026-27!AJ4"")"),0.0) -> 0 | BZ13: =IFERROR(__xludf.DUMMYFUNCTION("IMPORTRANGE(""132I0fvbfTDk_3h-QeYGrQ-F6z0A921MXbdqyLFsyN5Y"",""2026-27!AJ3"")"),0.0) -> 0 | CA13: =IFERROR(__xludf.DUMMYFUNCTION("IMPORTRANGE(""132I0fvbfTDk_3h-QeYGrQ-F6z0A921MXbdqyLFsyN5Y"",""2026-27!AK4"")"),0.0) -> 0 | CB13: =IFERROR(__xludf.DUMMYFUNCTION("IMPORTRANGE(""132I0fvbfTDk_3h-QeYGrQ-F6z0A921MXbdqyLFsyN5Y"",""2026-27!AK3"")"),0.0) -> 0 | CC13: =IFERROR(__xludf.DUMMYFUNCTION("IMPORTRANGE(""132I0fvbfTDk_3h-QeYGrQ-F6z0A921MXbdqyLFsyN5Y"",""2026-27!AL4"")"),0.0) -> 0 | CD13: =IFERROR(__xludf.DUMMYFUNCTION("IMPORTRANGE(""132I0fvbfTDk_3h-QeYGrQ-F6z0A921MXbdqyLFsyN5Y"",""2026-27!AL3"")"),0.0) -> 0 | CE13: =IFERROR((CF13/CA13),"") | CF13: =IFERROR(__xludf.DUMMYFUNCTION("IMPORTRANGE(""132I0fvbfTDk_3h-QeYGrQ-F6z0A921MXbdqyLFsyN5Y"",""2026-27!AM4"")"),0.0) -> 0 | CG13: =IFERROR(__xludf.DUMMYFUNCTION("IMPORTRANGE(""132I0fvbfTDk_3h-QeYGrQ-F6z0A921MXbdqyLFsyN5Y"",""2026-27!AM3"")"),0.0) -> 0 | CH13: =IFERROR(__xludf.DUMMYFUNCTION("IMPORTRANGE(""132I0fvbfTDk_3h-QeYGrQ-F6z0A921MXbdqyLFsyN5Y"",""2026-27!AN4"")"),0.0) -> 0 | CI13: =IFERROR(__xludf.DUMMYFUNCTION("IMPORTRANGE(""132I0fvbfTDk_3h-QeYGrQ-F6z0A921MXbdqyLFsyN5Y"",""2026-27!AN3"")"),0.0) -> 0 | CJ13: =IFERROR(__xludf.DUMMYFUNCTION("IMPORTRANGE(""132I0fvbfTDk_3h-QeYGrQ-F6z0A921MXbdqyLFsyN5Y"",""2026-27!AO4"")"),0.0) -> 0 | CK13: =IFERROR(__xludf.DUMMYFUNCTION("IMPORTRANGE(""132I0fvbfTDk_3h-QeYGrQ-F6z0A921MXbdqyLFsyN5Y"",""2026-27!AO3"")"),0.0) -> 0 | CL13: =IFERROR((CM13/CH13),"") | CM13: =IFERROR(__xludf.DUMMYFUNCTION("IMPORTRANGE(""132I0fvbfTDk_3h-QeYGrQ-F6z0A921MXbdqyLFsyN5Y"",""2026-27!AP4"")"),0.0) -> 0 | CN13: =IFERROR(__xludf.DUMMYFUNCTION("IMPORTRANGE(""132I0fvbfTDk_3h-QeYGrQ-F6z0A921MXbdqyLFsyN5Y"",""2026-27!AP3"")"),0.0) -> 0 | CO13: =IFERROR(__xludf.DUMMYFUNCTION("IMPORTRANGE(""132I0fvbfTDk_3h-QeYGrQ-F6z0A921MXbdqyLFsyN5Y"",""2026-27!AQ4"")"),0.0) -> 0 | CP13: =IFERROR(__xludf.DUMMYFUNCTION("IMPORTRANGE(""132I0fvbfTDk_3h-QeYGrQ-F6z0A921MXbdqyLFsyN5Y"",""2026-27!AQ3"")"),0.0) -> 0 | CQ13: =IFERROR(__xludf.DUMMYFUNCTION("IMPORTRANGE(""132I0fvbfTDk_3h-QeYGrQ-F6z0A921MXbdqyLFsyN5Y"",""2026-27!AR4"")"),0.0) -> 0 | CR13: =IFERROR(__xludf.DUMMYFUNCTION("IMPORTRANGE(""132I0fvbfTDk_3h-QeYGrQ-F6z0A921MXbdqyLFsyN5Y"",""2026-27!AR3"")"),0.0) -> 0 | CS13: =IFERROR((CT13/CO13),"") | CT13: =IFERROR(__xludf.DUMMYFUNCTION("IMPORTRANGE(""132I0fvbfTDk_3h-QeYGrQ-F6z0A921MXbdqyLFsyN5Y"",""2026-27!AS4"")"),0.0) -> 0 | CU13: =IFERROR(__xludf.DUMMYFUNCTION("IMPORTRANGE(""132I0fvbfTDk_3h-QeYGrQ-F6z0A921MXbdqyLFsyN5Y"",""2026-27!AS3"")"),0.0) -> 0
A14: Anant Singh | C14: Ankit Kumar | D14: Aligarh | E14: 9720224041 | F14: 46002 | I14: 30405 | J14: 1300000 | K14: =IFERROR(__xludf.DUMMYFUNCTION("IMPORTRANGE(""1rYn_Flgp7jo7mcfA8eUDen14LV_dF62DRjmNbnJEK7k"",""2026-27!A3"")"),78.0) -> 78 | L14: =IFERROR(__xludf.DUMMYFUNCTION("IMPORTRANGE(""1rYn_Flgp7jo7mcfA8eUDen14LV_dF62DRjmNbnJEK7k"",""2026-27!G4"")"),1.848E7) -> 18480000 | M14: =R14+Y14+AF14+AM14+AT14+BA14+BH14+BO14+BV14+CC14+CJ14+CQ14 -> 2430542.2 | N14: =iferror(O14/L14,"") -> 0.091564665 | O14: =U14+AB14+AI14+AP14+AW14+BD14+BK14+BR14+BY14+CF14+CM14+CT14 -> 1692115 | P14: =IFERROR(__xludf.DUMMYFUNCTION("IMPORTRANGE(""1rYn_Flgp7jo7mcfA8eUDen14LV_dF62DRjmNbnJEK7k"",""2026-27!J4"")"),1564000.0) -> 1564000 | Q14: =IFERROR(__xludf.DUMMYFUNCTION("IMPORTRANGE(""1rYn_Flgp7jo7mcfA8eUDen14LV_dF62DRjmNbnJEK7k"",""2026-27!J3"")"),71.0) -> 71 | R14: =IFERROR(__xludf.DUMMYFUNCTION("IMPORTRANGE(""1rYn_Flgp7jo7mcfA8eUDen14LV_dF62DRjmNbnJEK7k"",""2026-27!K4"")"),792884.83) -> 792884.83 | S14: =IFERROR(__xludf.DUMMYFUNCTION("IMPORTRANGE(""1rYn_Flgp7jo7mcfA8eUDen14LV_dF62DRjmNbnJEK7k"",""2026-27!K3"")"),19.0) -> 19 | T14: =IFERROR((U14/P14),"") -> 0.52829348 | U14: =IFERROR(__xludf.DUMMYFUNCTION("IMPORTRANGE(""1rYn_Flgp7jo7mcfA8eUDen14LV_dF62DRjmNbnJEK7k"",""2026-27!L4"")"),826251.0) -> 826251 | V14: =IFERROR(__xludf.DUMMYFUNCTION("IMPORTRANGE(""1rYn_Flgp7jo7mcfA8eUDen14LV_dF62DRjmNbnJEK7k"",""2026-27!L3"")"),25.0) -> 25 | W14: =IFERROR(__xludf.DUMMYFUNCTION("IMPORTRANGE(""1rYn_Flgp7jo7mcfA8eUDen14LV_dF62DRjmNbnJEK7k"",""2026-27!m4"")"),1303001.0) -> 1303001 | X14: =IFERROR(__xludf.DUMMYFUNCTION("IMPORTRANGE(""1rYn_Flgp7jo7mcfA8eUDen14LV_dF62DRjmNbnJEK7k"",""2026-27!m3"")"),74.0) -> 74 | Y14: =IFERROR(__xludf.DUMMYFUNCTION("IMPORTRANGE(""1rYn_Flgp7jo7mcfA8eUDen14LV_dF62DRjmNbnJEK7k"",""2026-27!N4"")"),764525.93) -> 764525.93 | Z14: =IFERROR(__xludf.DUMMYFUNCTION("IMPORTRANGE(""1rYn_Flgp7jo7mcfA8eUDen14LV_dF62DRjmNbnJEK7k"",""2026-27!N3"")"),25.0) -> 25 | AA14: =IFERROR((AB14/W14),"") -> 0.66451522 | AB14: =IFERROR(__xludf.DUMMYFUNCTION("IMPORTRANGE(""1rYn_Flgp7jo7mcfA8eUDen14LV_dF62DRjmNbnJEK7k"",""2026-27!O4"")"),865864.0) -> 865864 | AC14: =IFERROR(__xludf.DUMMYFUNCTION("IMPORTRANGE(""1rYn_Flgp7jo7mcfA8eUDen14LV_dF62DRjmNbnJEK7k"",""2026-27!O3"")"),31.0) -> 31 | AD14: =IFERROR(__xludf.DUMMYFUNCTION("IMPORTRANGE(""1rYn_Flgp7jo7mcfA8eUDen14LV_dF62DRjmNbnJEK7k"",""2026-27!P4"")"),1352000.0) -> 1352000 | AE14: =IFERROR(__xludf.DUMMYFUNCTION("IMPORTRANGE(""1rYn_Flgp7jo7mcfA8eUDen14LV_dF62DRjmNbnJEK7k"",""2026-27!P3"")"),77.0) -> 77 | AF14: =IFERROR(__xludf.DUMMYFUNCTION("IMPORTRANGE(""1rYn_Flgp7jo7mcfA8eUDen14LV_dF62DRjmNbnJEK7k"",""2026-27!Q4"")"),873131.4899999999) -> 873131.49 | AG14: =IFERROR(__xludf.DUMMYFUNCTION("IMPORTRANGE(""1rYn_Flgp7jo7mcfA8eUDen14LV_dF62DRjmNbnJEK7k"",""2026-27!Q3"")"),30.0) -> 30 | AH14: =IFERROR((AI14/AD14),"") -> 0 | AI14: =IFERROR(__xludf.DUMMYFUNCTION("IMPORTRANGE(""1rYn_Flgp7jo7mcfA8eUDen14LV_dF62DRjmNbnJEK7k"",""2026-27!R4"")"),0.0) -> 0 | AJ14: =IFERROR(__xludf.DUMMYFUNCTION("IMPORTRANGE(""1rYn_Flgp7jo7mcfA8eUDen14LV_dF62DRjmNbnJEK7k"",""2026-27!R3"")"),0.0) -> 0 | AK14: =IFERROR(__xludf.DUMMYFUNCTION("IMPORTRANGE(""1rYn_Flgp7jo7mcfA8eUDen14LV_dF62DRjmNbnJEK7k"",""2026-27!S4"")"),0.0) -> 0 | AL14: =IFERROR(__xludf.DUMMYFUNCTION("IMPORTRANGE(""1rYn_Flgp7jo7mcfA8eUDen14LV_dF62DRjmNbnJEK7k"",""2026-27!S3"")"),0.0) -> 0 | AM14: =IFERROR(__xludf.DUMMYFUNCTION("IMPORTRANGE(""1rYn_Flgp7jo7mcfA8eUDen14LV_dF62DRjmNbnJEK7k"",""2026-27!T4"")"),0.0) -> 0 | AN14: =IFERROR(__xludf.DUMMYFUNCTION("IMPORTRANGE(""1rYn_Flgp7jo7mcfA8eUDen14LV_dF62DRjmNbnJEK7k"",""2026-27!T3"")"),0.0) -> 0 | AO14: =IFERROR((AP14/AK14),"") | AP14: =IFERROR(__xludf.DUMMYFUNCTION("IMPORTRANGE(""1rYn_Flgp7jo7mcfA8eUDen14LV_dF62DRjmNbnJEK7k"",""2026-27!U4"")"),0.0) -> 0 | AQ14: =IFERROR(__xludf.DUMMYFUNCTION("IMPORTRANGE(""1rYn_Flgp7jo7mcfA8eUDen14LV_dF62DRjmNbnJEK7k"",""2026-27!U3"")"),0.0) -> 0 | AR14: =IFERROR(__xludf.DUMMYFUNCTION("IMPORTRANGE(""1rYn_Flgp7jo7mcfA8eUDen14LV_dF62DRjmNbnJEK7k"",""2026-27!V4"")"),0.0) -> 0 | AS14: =IFERROR(__xludf.DUMMYFUNCTION("IMPORTRANGE(""1rYn_Flgp7jo7mcfA8eUDen14LV_dF62DRjmNbnJEK7k"",""2026-27!V3"")"),0.0) -> 0 | AT14: =IFERROR(__xludf.DUMMYFUNCTION("IMPORTRANGE(""1rYn_Flgp7jo7mcfA8eUDen14LV_dF62DRjmNbnJEK7k"",""2026-27!W4"")"),0.0) -> 0 | AU14: =IFERROR(__xludf.DUMMYFUNCTION("IMPORTRANGE(""1rYn_Flgp7jo7mcfA8eUDen14LV_dF62DRjmNbnJEK7k"",""2026-27!W3"")"),0.0) -> 0 | AV14: =IFERROR((AW14/AR14),"") | AW14: =IFERROR(__xludf.DUMMYFUNCTION("IMPORTRANGE(""1rYn_Flgp7jo7mcfA8eUDen14LV_dF62DRjmNbnJEK7k"",""2026-27!X4"")"),0.0) -> 0 | AX14: =IFERROR(__xludf.DUMMYFUNCTION("IMPORTRANGE(""1rYn_Flgp7jo7mcfA8eUDen14LV_dF62DRjmNbnJEK7k"",""2026-27!X3"")"),0.0) -> 0 | AY14: =IFERROR(__xludf.DUMMYFUNCTION("IMPORTRANGE(""1rYn_Flgp7jo7mcfA8eUDen14LV_dF62DRjmNbnJEK7k"",""2026-27!Y4"")"),0.0) -> 0 | AZ14: =IFERROR(__xludf.DUMMYFUNCTION("IMPORTRANGE(""1rYn_Flgp7jo7mcfA8eUDen14LV_dF62DRjmNbnJEK7k"",""2026-27!Y3"")"),0.0) -> 0 | BA14: =IFERROR(__xludf.DUMMYFUNCTION("IMPORTRANGE(""1rYn_Flgp7jo7mcfA8eUDen14LV_dF62DRjmNbnJEK7k"",""2026-27!Z4"")"),0.0) -> 0 | BB14: =IFERROR(__xludf.DUMMYFUNCTION("IMPORTRANGE(""1rYn_Flgp7jo7mcfA8eUDen14LV_dF62DRjmNbnJEK7k"",""2026-27!Z3"")"),0.0) -> 0 | BC14: =IFERROR((BD14/AY14),"") | BD14: =IFERROR(__xludf.DUMMYFUNCTION("IMPORTRANGE(""1rYn_Flgp7jo7mcfA8eUDen14LV_dF62DRjmNbnJEK7k"",""2026-27!AA4"")"),0.0) -> 0 | BE14: =IFERROR(__xludf.DUMMYFUNCTION("IMPORTRANGE(""1rYn_Flgp7jo7mcfA8eUDen14LV_dF62DRjmNbnJEK7k"",""2026-27!AA3"")"),0.0) -> 0 | BF14: =IFERROR(__xludf.DUMMYFUNCTION("IMPORTRANGE(""1rYn_Flgp7jo7mcfA8eUDen14LV_dF62DRjmNbnJEK7k"",""2026-27!AB4"")"),0.0) -> 0 | BG14: =IFERROR(__xludf.DUMMYFUNCTION("IMPORTRANGE(""1rYn_Flgp7jo7mcfA8eUDen14LV_dF62DRjmNbnJEK7k"",""2026-27!AB3"")"),0.0) -> 0 | BH14: =IFERROR(__xludf.DUMMYFUNCTION("IMPORTRANGE(""1rYn_Flgp7jo7mcfA8eUDen14LV_dF62DRjmNbnJEK7k"",""2026-27!AC4"")"),0.0) -> 0 | BI14: =IFERROR(__xludf.DUMMYFUNCTION("IMPORTRANGE(""1rYn_Flgp7jo7mcfA8eUDen14LV_dF62DRjmNbnJEK7k"",""2026-27!AC3"")"),0.0) -> 0 | BJ14: =IFERROR((BK14/BF14),"") | BK14: =IFERROR(__xludf.DUMMYFUNCTION("IMPORTRANGE(""1rYn_Flgp7jo7mcfA8eUDen14LV_dF62DRjmNbnJEK7k"",""2026-27!AD4"")"),0.0) -> 0 | BL14: =IFERROR(__xludf.DUMMYFUNCTION("IMPORTRANGE(""1rYn_Flgp7jo7mcfA8eUDen14LV_dF62DRjmNbnJEK7k"",""2026-27!AD3"")"),0.0) -> 0 | BM14: =IFERROR(__xludf.DUMMYFUNCTION("IMPORTRANGE(""1rYn_Flgp7jo7mcfA8eUDen14LV_dF62DRjmNbnJEK7k"",""2026-27!AE4"")"),0.0) -> 0 | BN14: =IFERROR(__xludf.DUMMYFUNCTION("IMPORTRANGE(""1rYn_Flgp7jo7mcfA8eUDen14LV_dF62DRjmNbnJEK7k"",""2026-27!AE3"")"),0.0) -> 0 | BO14: =IFERROR(__xludf.DUMMYFUNCTION("IMPORTRANGE(""1rYn_Flgp7jo7mcfA8eUDen14LV_dF62DRjmNbnJEK7k"",""2026-27!AF4"")"),0.0) -> 0 | BP14: =IFERROR(__xludf.DUMMYFUNCTION("IMPORTRANGE(""1rYn_Flgp7jo7mcfA8eUDen14LV_dF62DRjmNbnJEK7k"",""2026-27!AF3"")"),0.0) -> 0 | BQ14: =IFERROR((BR14/BM14),"") | BR14: =IFERROR(__xludf.DUMMYFUNCTION("IMPORTRANGE(""1rYn_Flgp7jo7mcfA8eUDen14LV_dF62DRjmNbnJEK7k"",""2026-27!AG4"")"),0.0) -> 0 | BS14: =IFERROR(__xludf.DUMMYFUNCTION("IMPORTRANGE(""1rYn_Flgp7jo7mcfA8eUDen14LV_dF62DRjmNbnJEK7k"",""2026-27!AG3"")"),0.0) -> 0 | BT14: =IFERROR(__xludf.DUMMYFUNCTION("IMPORTRANGE(""1rYn_Flgp7jo7mcfA8eUDen14LV_dF62DRjmNbnJEK7k"",""2026-27!AH4"")"),0.0) -> 0 | BU14: =IFERROR(__xludf.DUMMYFUNCTION("IMPORTRANGE(""1rYn_Flgp7jo7mcfA8eUDen14LV_dF62DRjmNbnJEK7k"",""2026-27!AH3"")"),0.0) -> 0 | BV14: =IFERROR(__xludf.DUMMYFUNCTION("IMPORTRANGE(""1rYn_Flgp7jo7mcfA8eUDen14LV_dF62DRjmNbnJEK7k"",""2026-27!AI4"")"),0.0) -> 0 | BW14: =IFERROR(__xludf.DUMMYFUNCTION("IMPORTRANGE(""1rYn_Flgp7jo7mcfA8eUDen14LV_dF62DRjmNbnJEK7k"",""2026-27!AI3"")"),0.0) -> 0 | BX14: =IFERROR((BY14/BT14),"") | BY14: =IFERROR(__xludf.DUMMYFUNCTION("IMPORTRANGE(""1rYn_Flgp7jo7mcfA8eUDen14LV_dF62DRjmNbnJEK7k"",""2026-27!AJ4"")"),0.0) -> 0 | BZ14: =IFERROR(__xludf.DUMMYFUNCTION("IMPORTRANGE(""1rYn_Flgp7jo7mcfA8eUDen14LV_dF62DRjmNbnJEK7k"",""2026-27!AJ3"")"),0.0) -> 0 | CA14: =IFERROR(__xludf.DUMMYFUNCTION("IMPORTRANGE(""1rYn_Flgp7jo7mcfA8eUDen14LV_dF62DRjmNbnJEK7k"",""2026-27!AK4"")"),0.0) -> 0 | CB14: =IFERROR(__xludf.DUMMYFUNCTION("IMPORTRANGE(""1rYn_Flgp7jo7mcfA8eUDen14LV_dF62DRjmNbnJEK7k"",""2026-27!AK3"")"),0.0) -> 0 | CC14: =IFERROR(__xludf.DUMMYFUNCTION("IMPORTRANGE(""1rYn_Flgp7jo7mcfA8eUDen14LV_dF62DRjmNbnJEK7k"",""2026-27!AL4"")"),0.0) -> 0 | CD14: =IFERROR(__xludf.DUMMYFUNCTION("IMPORTRANGE(""1rYn_Flgp7jo7mcfA8eUDen14LV_dF62DRjmNbnJEK7k"",""2026-27!AL3"")"),0.0) -> 0 | CE14: =IFERROR((CF14/CA14),"") | CF14: =IFERROR(__xludf.DUMMYFUNCTION("IMPORTRANGE(""1rYn_Flgp7jo7mcfA8eUDen14LV_dF62DRjmNbnJEK7k"",""2026-27!AM4"")"),0.0) -> 0 | CG14: =IFERROR(__xludf.DUMMYFUNCTION("IMPORTRANGE(""1rYn_Flgp7jo7mcfA8eUDen14LV_dF62DRjmNbnJEK7k"",""2026-27!AM3"")"),0.0) -> 0 | CH14: =IFERROR(__xludf.DUMMYFUNCTION("IMPORTRANGE(""1rYn_Flgp7jo7mcfA8eUDen14LV_dF62DRjmNbnJEK7k"",""2026-27!AN4"")"),0.0) -> 0 | CI14: =IFERROR(__xludf.DUMMYFUNCTION("IMPORTRANGE(""1rYn_Flgp7jo7mcfA8eUDen14LV_dF62DRjmNbnJEK7k"",""2026-27!AN3"")"),0.0) -> 0 | CJ14: =IFERROR(__xludf.DUMMYFUNCTION("IMPORTRANGE(""1rYn_Flgp7jo7mcfA8eUDen14LV_dF62DRjmNbnJEK7k"",""2026-27!AO4"")"),0.0) -> 0 | CK14: =IFERROR(__xludf.DUMMYFUNCTION("IMPORTRANGE(""1rYn_Flgp7jo7mcfA8eUDen14LV_dF62DRjmNbnJEK7k"",""2026-27!AO3"")"),0.0) -> 0 | CL14: =IFERROR((CM14/CH14),"") | CM14: =IFERROR(__xludf.DUMMYFUNCTION("IMPORTRANGE(""1rYn_Flgp7jo7mcfA8eUDen14LV_dF62DRjmNbnJEK7k"",""2026-27!AP4"")"),0.0) -> 0 | CN14: =IFERROR(__xludf.DUMMYFUNCTION("IMPORTRANGE(""1rYn_Flgp7jo7mcfA8eUDen14LV_dF62DRjmNbnJEK7k"",""2026-27!AP3"")"),0.0) -> 0 | CO14: =IFERROR(__xludf.DUMMYFUNCTION("IMPORTRANGE(""1rYn_Flgp7jo7mcfA8eUDen14LV_dF62DRjmNbnJEK7k"",""2026-27!AQ4"")"),0.0) -> 0 | CP14: =IFERROR(__xludf.DUMMYFUNCTION("IMPORTRANGE(""1rYn_Flgp7jo7mcfA8eUDen14LV_dF62DRjmNbnJEK7k"",""2026-27!AQ3"")"),0.0) -> 0 | CQ14: =IFERROR(__xludf.DUMMYFUNCTION("IMPORTRANGE(""1rYn_Flgp7jo7mcfA8eUDen14LV_dF62DRjmNbnJEK7k"",""2026-27!AR4"")"),0.0) -> 0 | CR14: =IFERROR(__xludf.DUMMYFUNCTION("IMPORTRANGE(""1rYn_Flgp7jo7mcfA8eUDen14LV_dF62DRjmNbnJEK7k"",""2026-27!AR3"")"),0.0) -> 0 | CS14: =IFERROR((CT14/CO14),"") | CT14: =IFERROR(__xludf.DUMMYFUNCTION("IMPORTRANGE(""1rYn_Flgp7jo7mcfA8eUDen14LV_dF62DRjmNbnJEK7k"",""2026-27!AS4"")"),0.0) -> 0 | CU14: =IFERROR(__xludf.DUMMYFUNCTION("IMPORTRANGE(""1rYn_Flgp7jo7mcfA8eUDen14LV_dF62DRjmNbnJEK7k"",""2026-27!AS3"")"),0.0) -> 0
A15: Anant Singh | C15: Tarun Giri | D15: Meerut | E15: 7536014712 | F15: 46069 | I15: 31455 | J15: 1300000 | K15: =IFERROR(__xludf.DUMMYFUNCTION("IMPORTRANGE(""1K_te1jkI-iFfbgNObYuqxjJkg-GYMv3I58ZA0lOYHRg"",""2026-27!A3"")"),54.0) -> 54 | L15: =IFERROR(__xludf.DUMMYFUNCTION("IMPORTRANGE(""1K_te1jkI-iFfbgNObYuqxjJkg-GYMv3I58ZA0lOYHRg"",""2026-27!G4"")"),1.55E7) -> 15500000 | M15: =R15+Y15+AF15+AM15+AT15+BA15+BH15+BO15+BV15+CC15+CJ15+CQ15 -> 2780778.2 | N15: =iferror(O15/L15,"") -> 0.21259213 | O15: =U15+AB15+AI15+AP15+AW15+BD15+BK15+BR15+BY15+CF15+CM15+CT15 -> 3295178 | P15: =IFERROR(__xludf.DUMMYFUNCTION("IMPORTRANGE(""1K_te1jkI-iFfbgNObYuqxjJkg-GYMv3I58ZA0lOYHRg"",""2026-27!J4"")"),1200000.0) -> 1200000 | Q15: =IFERROR(__xludf.DUMMYFUNCTION("IMPORTRANGE(""1K_te1jkI-iFfbgNObYuqxjJkg-GYMv3I58ZA0lOYHRg"",""2026-27!J3"")"),24.0) -> 24 | R15: =IFERROR(__xludf.DUMMYFUNCTION("IMPORTRANGE(""1K_te1jkI-iFfbgNObYuqxjJkg-GYMv3I58ZA0lOYHRg"",""2026-27!K4"")"),964275.7799999999) -> 964275.78 | S15: =IFERROR(__xludf.DUMMYFUNCTION("IMPORTRANGE(""1K_te1jkI-iFfbgNObYuqxjJkg-GYMv3I58ZA0lOYHRg"",""2026-27!K3"")"),21.0) -> 21 | T15: =IFERROR((U15/P15),"") -> 0.74487917 | U15: =IFERROR(__xludf.DUMMYFUNCTION("IMPORTRANGE(""1K_te1jkI-iFfbgNObYuqxjJkg-GYMv3I58ZA0lOYHRg"",""2026-27!L4"")"),893855.0) -> 893855 | V15: =IFERROR(__xludf.DUMMYFUNCTION("IMPORTRANGE(""1K_te1jkI-iFfbgNObYuqxjJkg-GYMv3I58ZA0lOYHRg"",""2026-27!L3"")"),22.0) -> 22 | W15: =IFERROR(__xludf.DUMMYFUNCTION("IMPORTRANGE(""1K_te1jkI-iFfbgNObYuqxjJkg-GYMv3I58ZA0lOYHRg"",""2026-27!m4"")"),1300000.0) -> 1300000 | X15: =IFERROR(__xludf.DUMMYFUNCTION("IMPORTRANGE(""1K_te1jkI-iFfbgNObYuqxjJkg-GYMv3I58ZA0lOYHRg"",""2026-27!m3"")"),34.0) -> 34 | Y15: =IFERROR(__xludf.DUMMYFUNCTION("IMPORTRANGE(""1K_te1jkI-iFfbgNObYuqxjJkg-GYMv3I58ZA0lOYHRg"",""2026-27!N4"")"),806226.76) -> 806226.76 | Z15: =IFERROR(__xludf.DUMMYFUNCTION("IMPORTRANGE(""1K_te1jkI-iFfbgNObYuqxjJkg-GYMv3I58ZA0lOYHRg"",""2026-27!N3"")"),25.0) -> 25 | AA15: =IFERROR((AB15/W15),"") -> 0.57979538 | AB15: =IFERROR(__xludf.DUMMYFUNCTION("IMPORTRANGE(""1K_te1jkI-iFfbgNObYuqxjJkg-GYMv3I58ZA0lOYHRg"",""2026-27!O4"")"),753734.0) -> 753734 | AC15: =IFERROR(__xludf.DUMMYFUNCTION("IMPORTRANGE(""1K_te1jkI-iFfbgNObYuqxjJkg-GYMv3I58ZA0lOYHRg"",""2026-27!O3"")"),25.0) -> 25 | AD15: =IFERROR(__xludf.DUMMYFUNCTION("IMPORTRANGE(""1K_te1jkI-iFfbgNObYuqxjJkg-GYMv3I58ZA0lOYHRg"",""2026-27!P4"")"),1300000.0) -> 1300000 | AE15: =IFERROR(__xludf.DUMMYFUNCTION("IMPORTRANGE(""1K_te1jkI-iFfbgNObYuqxjJkg-GYMv3I58ZA0lOYHRg"",""2026-27!P3"")"),34.0) -> 34 | AF15: =IFERROR(__xludf.DUMMYFUNCTION("IMPORTRANGE(""1K_te1jkI-iFfbgNObYuqxjJkg-GYMv3I58ZA0lOYHRg"",""2026-27!Q4"")"),1010275.71) -> 1010275.7 | AG15: =IFERROR(__xludf.DUMMYFUNCTION("IMPORTRANGE(""1K_te1jkI-iFfbgNObYuqxjJkg-GYMv3I58ZA0lOYHRg"",""2026-27!Q3"")"),33.0) -> 33 | AH15: =IFERROR((AI15/AD15),"") -> 0.57979538 | AI15: =IFERROR(__xludf.DUMMYFUNCTION("IMPORTRANGE(""1K_te1jkI-iFfbgNObYuqxjJkg-GYMv3I58ZA0lOYHRg"",""2026-27!R4"")"),753734.0) -> 753734 | AJ15: =IFERROR(__xludf.DUMMYFUNCTION("IMPORTRANGE(""1K_te1jkI-iFfbgNObYuqxjJkg-GYMv3I58ZA0lOYHRg"",""2026-27!R3"")"),25.0) -> 25 | AK15: =IFERROR(__xludf.DUMMYFUNCTION("IMPORTRANGE(""1K_te1jkI-iFfbgNObYuqxjJkg-GYMv3I58ZA0lOYHRg"",""2026-27!S4"")"),0.0) -> 0 | AL15: =IFERROR(__xludf.DUMMYFUNCTION("IMPORTRANGE(""1K_te1jkI-iFfbgNObYuqxjJkg-GYMv3I58ZA0lOYHRg"",""2026-27!S3"")"),0.0) -> 0 | AM15: =IFERROR(__xludf.DUMMYFUNCTION("IMPORTRANGE(""1K_te1jkI-iFfbgNObYuqxjJkg-GYMv3I58ZA0lOYHRg"",""2026-27!T4"")"),0.0) -> 0 | AN15: =IFERROR(__xludf.DUMMYFUNCTION("IMPORTRANGE(""1K_te1jkI-iFfbgNObYuqxjJkg-GYMv3I58ZA0lOYHRg"",""2026-27!T3"")"),0.0) -> 0 | AO15: =IFERROR((AP15/AK15),"") | AP15: =IFERROR(__xludf.DUMMYFUNCTION("IMPORTRANGE(""1K_te1jkI-iFfbgNObYuqxjJkg-GYMv3I58ZA0lOYHRg"",""2026-27!U4"")"),0.0) -> 0 | AQ15: =IFERROR(__xludf.DUMMYFUNCTION("IMPORTRANGE(""1K_te1jkI-iFfbgNObYuqxjJkg-GYMv3I58ZA0lOYHRg"",""2026-27!U3"")"),0.0) -> 0 | AR15: =IFERROR(__xludf.DUMMYFUNCTION("IMPORTRANGE(""1K_te1jkI-iFfbgNObYuqxjJkg-GYMv3I58ZA0lOYHRg"",""2026-27!V4"")"),0.0) -> 0 | AS15: =IFERROR(__xludf.DUMMYFUNCTION("IMPORTRANGE(""1K_te1jkI-iFfbgNObYuqxjJkg-GYMv3I58ZA0lOYHRg"",""2026-27!V3"")"),0.0) -> 0 | AT15: =IFERROR(__xludf.DUMMYFUNCTION("IMPORTRANGE(""1K_te1jkI-iFfbgNObYuqxjJkg-GYMv3I58ZA0lOYHRg"",""2026-27!W4"")"),0.0) -> 0 | AU15: =IFERROR(__xludf.DUMMYFUNCTION("IMPORTRANGE(""1K_te1jkI-iFfbgNObYuqxjJkg-GYMv3I58ZA0lOYHRg"",""2026-27!W3"")"),0.0) -> 0 | AV15: =IFERROR((AW15/AR15),"") | AW15: =IFERROR(__xludf.DUMMYFUNCTION("IMPORTRANGE(""1K_te1jkI-iFfbgNObYuqxjJkg-GYMv3I58ZA0lOYHRg"",""2026-27!X4"")"),0.0) -> 0 | AX15: =IFERROR(__xludf.DUMMYFUNCTION("IMPORTRANGE(""1K_te1jkI-iFfbgNObYuqxjJkg-GYMv3I58ZA0lOYHRg"",""2026-27!X3"")"),0.0) -> 0 | AY15: =IFERROR(__xludf.DUMMYFUNCTION("IMPORTRANGE(""1K_te1jkI-iFfbgNObYuqxjJkg-GYMv3I58ZA0lOYHRg"",""2026-27!Y4"")"),0.0) -> 0 | AZ15: =IFERROR(__xludf.DUMMYFUNCTION("IMPORTRANGE(""1K_te1jkI-iFfbgNObYuqxjJkg-GYMv3I58ZA0lOYHRg"",""2026-27!Y3"")"),0.0) -> 0 | BA15: =IFERROR(__xludf.DUMMYFUNCTION("IMPORTRANGE(""1K_te1jkI-iFfbgNObYuqxjJkg-GYMv3I58ZA0lOYHRg"",""2026-27!Z4"")"),0.0) -> 0 | BB15: =IFERROR(__xludf.DUMMYFUNCTION("IMPORTRANGE(""1K_te1jkI-iFfbgNObYuqxjJkg-GYMv3I58ZA0lOYHRg"",""2026-27!Z3"")"),0.0) -> 0 | BC15: =IFERROR((BD15/AY15),"") | BD15: =IFERROR(__xludf.DUMMYFUNCTION("IMPORTRANGE(""1K_te1jkI-iFfbgNObYuqxjJkg-GYMv3I58ZA0lOYHRg"",""2026-27!AA4"")"),0.0) -> 0 | BE15: =IFERROR(__xludf.DUMMYFUNCTION("IMPORTRANGE(""1K_te1jkI-iFfbgNObYuqxjJkg-GYMv3I58ZA0lOYHRg"",""2026-27!AA3"")"),0.0) -> 0 | BF15: =IFERROR(__xludf.DUMMYFUNCTION("IMPORTRANGE(""1K_te1jkI-iFfbgNObYuqxjJkg-GYMv3I58ZA0lOYHRg"",""2026-27!AB4"")"),0.0) -> 0 | BG15: =IFERROR(__xludf.DUMMYFUNCTION("IMPORTRANGE(""1K_te1jkI-iFfbgNObYuqxjJkg-GYMv3I58ZA0lOYHRg"",""2026-27!AB3"")"),0.0) -> 0 | BH15: =IFERROR(__xludf.DUMMYFUNCTION("IMPORTRANGE(""1K_te1jkI-iFfbgNObYuqxjJkg-GYMv3I58ZA0lOYHRg"",""2026-27!AC4"")"),0.0) -> 0 | BI15: =IFERROR(__xludf.DUMMYFUNCTION("IMPORTRANGE(""1K_te1jkI-iFfbgNObYuqxjJkg-GYMv3I58ZA0lOYHRg"",""2026-27!AC3"")"),0.0) -> 0 | BJ15: =IFERROR((BK15/BF15),"") | BK15: =IFERROR(__xludf.DUMMYFUNCTION("IMPORTRANGE(""1K_te1jkI-iFfbgNObYuqxjJkg-GYMv3I58ZA0lOYHRg"",""2026-27!AD4"")"),0.0) -> 0 | BL15: =IFERROR(__xludf.DUMMYFUNCTION("IMPORTRANGE(""1K_te1jkI-iFfbgNObYuqxjJkg-GYMv3I58ZA0lOYHRg"",""2026-27!AD3"")"),0.0) -> 0 | BM15: =IFERROR(__xludf.DUMMYFUNCTION("IMPORTRANGE(""1K_te1jkI-iFfbgNObYuqxjJkg-GYMv3I58ZA0lOYHRg"",""2026-27!AE4"")"),0.0) -> 0 | BN15: =IFERROR(__xludf.DUMMYFUNCTION("IMPORTRANGE(""1K_te1jkI-iFfbgNObYuqxjJkg-GYMv3I58ZA0lOYHRg"",""2026-27!AE3"")"),0.0) -> 0 | BO15: =IFERROR(__xludf.DUMMYFUNCTION("IMPORTRANGE(""1K_te1jkI-iFfbgNObYuqxjJkg-GYMv3I58ZA0lOYHRg"",""2026-27!AF4"")"),0.0) -> 0 | BP15: =IFERROR(__xludf.DUMMYFUNCTION("IMPORTRANGE(""1K_te1jkI-iFfbgNObYuqxjJkg-GYMv3I58ZA0lOYHRg"",""2026-27!AF3"")"),0.0) -> 0 | BQ15: =IFERROR((BR15/BM15),"") | BR15: =IFERROR(__xludf.DUMMYFUNCTION("IMPORTRANGE(""1K_te1jkI-iFfbgNObYuqxjJkg-GYMv3I58ZA0lOYHRg"",""2026-27!AG4"")"),0.0) -> 0 | BS15: =IFERROR(__xludf.DUMMYFUNCTION("IMPORTRANGE(""1K_te1jkI-iFfbgNObYuqxjJkg-GYMv3I58ZA0lOYHRg"",""2026-27!AG3"")"),0.0) -> 0 | BT15: =IFERROR(__xludf.DUMMYFUNCTION("IMPORTRANGE(""1K_te1jkI-iFfbgNObYuqxjJkg-GYMv3I58ZA0lOYHRg"",""2026-27!AH4"")"),0.0) -> 0 | BU15: =IFERROR(__xludf.DUMMYFUNCTION("IMPORTRANGE(""1K_te1jkI-iFfbgNObYuqxjJkg-GYMv3I58ZA0lOYHRg"",""2026-27!AH3"")"),0.0) -> 0 | BV15: =IFERROR(__xludf.DUMMYFUNCTION("IMPORTRANGE(""1K_te1jkI-iFfbgNObYuqxjJkg-GYMv3I58ZA0lOYHRg"",""2026-27!AI4"")"),0.0) -> 0 | BW15: =IFERROR(__xludf.DUMMYFUNCTION("IMPORTRANGE(""1K_te1jkI-iFfbgNObYuqxjJkg-GYMv3I58ZA0lOYHRg"",""2026-27!AI3"")"),0.0) -> 0 | BX15: =IFERROR((BY15/BT15),"") | BY15: =IFERROR(__xludf.DUMMYFUNCTION("IMPORTRANGE(""1K_te1jkI-iFfbgNObYuqxjJkg-GYMv3I58ZA0lOYHRg"",""2026-27!AJ4"")"),0.0) -> 0 | BZ15: =IFERROR(__xludf.DUMMYFUNCTION("IMPORTRANGE(""1K_te1jkI-iFfbgNObYuqxjJkg-GYMv3I58ZA0lOYHRg"",""2026-27!AJ3"")"),0.0) -> 0 | CA15: =IFERROR(__xludf.DUMMYFUNCTION("IMPORTRANGE(""1K_te1jkI-iFfbgNObYuqxjJkg-GYMv3I58ZA0lOYHRg"",""2026-27!AK4"")"),0.0) -> 0 | CB15: =IFERROR(__xludf.DUMMYFUNCTION("IMPORTRANGE(""1K_te1jkI-iFfbgNObYuqxjJkg-GYMv3I58ZA0lOYHRg"",""2026-27!AK3"")"),0.0) -> 0 | CC15: =IFERROR(__xludf.DUMMYFUNCTION("IMPORTRANGE(""1K_te1jkI-iFfbgNObYuqxjJkg-GYMv3I58ZA0lOYHRg"",""2026-27!AL4"")"),0.0) -> 0 | CD15: =IFERROR(__xludf.DUMMYFUNCTION("IMPORTRANGE(""1K_te1jkI-iFfbgNObYuqxjJkg-GYMv3I58ZA0lOYHRg"",""2026-27!AL3"")"),0.0) -> 0 | CE15: =IFERROR((CF15/CA15),"") | CF15: =IFERROR(__xludf.DUMMYFUNCTION("IMPORTRANGE(""1K_te1jkI-iFfbgNObYuqxjJkg-GYMv3I58ZA0lOYHRg"",""2026-27!AM4"")"),0.0) -> 0 | CG15: =IFERROR(__xludf.DUMMYFUNCTION("IMPORTRANGE(""1K_te1jkI-iFfbgNObYuqxjJkg-GYMv3I58ZA0lOYHRg"",""2026-27!AM3"")"),0.0) -> 0 | CH15: =IFERROR(__xludf.DUMMYFUNCTION("IMPORTRANGE(""1K_te1jkI-iFfbgNObYuqxjJkg-GYMv3I58ZA0lOYHRg"",""2026-27!AN4"")"),0.0) -> 0 | CI15: =IFERROR(__xludf.DUMMYFUNCTION("IMPORTRANGE(""1K_te1jkI-iFfbgNObYuqxjJkg-GYMv3I58ZA0lOYHRg"",""2026-27!AN3"")"),0.0) -> 0 | CJ15: =IFERROR(__xludf.DUMMYFUNCTION("IMPORTRANGE(""1K_te1jkI-iFfbgNObYuqxjJkg-GYMv3I58ZA0lOYHRg"",""2026-27!AO4"")"),0.0) -> 0 | CK15: =IFERROR(__xludf.DUMMYFUNCTION("IMPORTRANGE(""1K_te1jkI-iFfbgNObYuqxjJkg-GYMv3I58ZA0lOYHRg"",""2026-27!AO3"")"),0.0) -> 0 | CL15: =IFERROR((CM15/CH15),"") | CM15: =IFERROR(__xludf.DUMMYFUNCTION("IMPORTRANGE(""1K_te1jkI-iFfbgNObYuqxjJkg-GYMv3I58ZA0lOYHRg"",""2026-27!AP4"")"),0.0) -> 0 | CN15: =IFERROR(__xludf.DUMMYFUNCTION("IMPORTRANGE(""1K_te1jkI-iFfbgNObYuqxjJkg-GYMv3I58ZA0lOYHRg"",""2026-27!AP3"")"),0.0) -> 0 | CO15: =IFERROR(__xludf.DUMMYFUNCTION("IMPORTRANGE(""1K_te1jkI-iFfbgNObYuqxjJkg-GYMv3I58ZA0lOYHRg"",""2026-27!AQ4"")"),0.0) -> 0 | CP15: =IFERROR(__xludf.DUMMYFUNCTION("IMPORTRANGE(""1K_te1jkI-iFfbgNObYuqxjJkg-GYMv3I58ZA0lOYHRg"",""2026-27!AQ3"")"),0.0) -> 0 | CQ15: =IFERROR(__xludf.DUMMYFUNCTION("IMPORTRANGE(""1K_te1jkI-iFfbgNObYuqxjJkg-GYMv3I58ZA0lOYHRg"",""2026-27!AR4"")"),0.0) -> 0 | CR15: =IFERROR(__xludf.DUMMYFUNCTION("IMPORTRANGE(""1K_te1jkI-iFfbgNObYuqxjJkg-GYMv3I58ZA0lOYHRg"",""2026-27!AR3"")"),0.0) -> 0 | CS15: =IFERROR((CT15/CO15),"") | CT15: =IFERROR(__xludf.DUMMYFUNCTION("IMPORTRANGE(""1K_te1jkI-iFfbgNObYuqxjJkg-GYMv3I58ZA0lOYHRg"",""2026-27!AS4"")"),893855.0) -> 893855 | CU15: =IFERROR(__xludf.DUMMYFUNCTION("IMPORTRANGE(""1K_te1jkI-iFfbgNObYuqxjJkg-GYMv3I58ZA0lOYHRg"",""2026-27!AS3"")"),22.0) -> 22
C16: Rahul Singh | J16: 1300000
A17: Sulinder Pal | B17: Sulinder Pal | C17: Ranjit Kumar | D17: Abohar | E17: 7428099946 | F17: 45311 | I17: 28835 | J17: 1500000 | K17: =IFERROR(__xludf.DUMMYFUNCTION("IMPORTRANGE(""1IoSPGtbL4ygnaTCF1Ct5WGA347GvBvKfaHJjalIvqh4"",""2026-27!A3"")"),63.0) -> 63 | L17: =IFERROR(__xludf.DUMMYFUNCTION("IMPORTRANGE(""1IoSPGtbL4ygnaTCF1Ct5WGA347GvBvKfaHJjalIvqh4"",""2026-27!G4"")"),8590000.0) -> 8590000 | M17: =R17+Y17+AF17+AM17+AT17+BA17+BH17+BO17+BV17+CC17+CJ17+CQ17 -> 1917036.5 | N17: =iferror(O17/L17,"") -> 0.1413901 | O17: =U17+AB17+AI17+AP17+AW17+BD17+BK17+BR17+BY17+CF17+CM17+CT17 -> 1214541 | P17: =IFERROR(__xludf.DUMMYFUNCTION("IMPORTRANGE(""1IoSPGtbL4ygnaTCF1Ct5WGA347GvBvKfaHJjalIvqh4"",""2026-27!J4"")"),705100.0) -> 705100 | Q17: =IFERROR(__xludf.DUMMYFUNCTION("IMPORTRANGE(""1IoSPGtbL4ygnaTCF1Ct5WGA347GvBvKfaHJjalIvqh4"",""2026-27!J3"")"),62.0) -> 62 | R17: =IFERROR(__xludf.DUMMYFUNCTION("IMPORTRANGE(""1IoSPGtbL4ygnaTCF1Ct5WGA347GvBvKfaHJjalIvqh4"",""2026-27!K4"")"),481630.26) -> 481630.26 | S17: =IFERROR(__xludf.DUMMYFUNCTION("IMPORTRANGE(""1IoSPGtbL4ygnaTCF1Ct5WGA347GvBvKfaHJjalIvqh4"",""2026-27!K3"")"),45.0) -> 45 | T17: =IFERROR((U17/P17),"") -> 0.71068501 | U17: =IFERROR(__xludf.DUMMYFUNCTION("IMPORTRANGE(""1IoSPGtbL4ygnaTCF1Ct5WGA347GvBvKfaHJjalIvqh4"",""2026-27!L4"")"),501104.0) -> 501104 | V17: =IFERROR(__xludf.DUMMYFUNCTION("IMPORTRANGE(""1IoSPGtbL4ygnaTCF1Ct5WGA347GvBvKfaHJjalIvqh4"",""2026-27!L3"")"),46.0) -> 46 | W17: =IFERROR(__xludf.DUMMYFUNCTION("IMPORTRANGE(""1IoSPGtbL4ygnaTCF1Ct5WGA347GvBvKfaHJjalIvqh4"",""2026-27!m4"")"),705100.0) -> 705100 | X17: =IFERROR(__xludf.DUMMYFUNCTION("IMPORTRANGE(""1IoSPGtbL4ygnaTCF1Ct5WGA347GvBvKfaHJjalIvqh4"",""2026-27!m3"")"),62.0) -> 62 | Y17: =IFERROR(__xludf.DUMMYFUNCTION("IMPORTRANGE(""1IoSPGtbL4ygnaTCF1Ct5WGA347GvBvKfaHJjalIvqh4"",""2026-27!N4"")"),702171.86) -> 702171.86 | Z17: =IFERROR(__xludf.DUMMYFUNCTION("IMPORTRANGE(""1IoSPGtbL4ygnaTCF1Ct5WGA347GvBvKfaHJjalIvqh4"",""2026-27!N3"")"),52.0) -> 52 | AA17: =IFERROR((AB17/W17),"") -> 1.0118239 | AB17: =IFERROR(__xludf.DUMMYFUNCTION("IMPORTRANGE(""1IoSPGtbL4ygnaTCF1Ct5WGA347GvBvKfaHJjalIvqh4"",""2026-27!O4"")"),713437.0) -> 713437 | AC17: =IFERROR(__xludf.DUMMYFUNCTION("IMPORTRANGE(""1IoSPGtbL4ygnaTCF1Ct5WGA347GvBvKfaHJjalIvqh4"",""2026-27!O3"")"),51.0) -> 51 | AD17: =IFERROR(__xludf.DUMMYFUNCTION("IMPORTRANGE(""1IoSPGtbL4ygnaTCF1Ct5WGA347GvBvKfaHJjalIvqh4"",""2026-27!P4"")"),705100.0) -> 705100 | AE17: =IFERROR(__xludf.DUMMYFUNCTION("IMPORTRANGE(""1IoSPGtbL4ygnaTCF1Ct5WGA347GvBvKfaHJjalIvqh4"",""2026-27!P3"")"),62.0) -> 62 | AF17: =IFERROR(__xludf.DUMMYFUNCTION("IMPORTRANGE(""1IoSPGtbL4ygnaTCF1Ct5WGA347GvBvKfaHJjalIvqh4"",""2026-27!Q4"")"),733234.41) -> 733234.41 | AG17: =IFERROR(__xludf.DUMMYFUNCTION("IMPORTRANGE(""1IoSPGtbL4ygnaTCF1Ct5WGA347GvBvKfaHJjalIvqh4"",""2026-27!Q3"")"),51.0) -> 51 | AH17: =IFERROR((AI17/AD17),"") -> 0 | AI17: =IFERROR(__xludf.DUMMYFUNCTION("IMPORTRANGE(""1IoSPGtbL4ygnaTCF1Ct5WGA347GvBvKfaHJjalIvqh4"",""2026-27!R4"")"),0.0) -> 0 | AJ17: =IFERROR(__xludf.DUMMYFUNCTION("IMPORTRANGE(""1IoSPGtbL4ygnaTCF1Ct5WGA347GvBvKfaHJjalIvqh4"",""2026-27!R3"")"),0.0) -> 0 | AK17: =IFERROR(__xludf.DUMMYFUNCTION("IMPORTRANGE(""1IoSPGtbL4ygnaTCF1Ct5WGA347GvBvKfaHJjalIvqh4"",""2026-27!S4"")"),0.0) -> 0 | AL17: =IFERROR(__xludf.DUMMYFUNCTION("IMPORTRANGE(""1IoSPGtbL4ygnaTCF1Ct5WGA347GvBvKfaHJjalIvqh4"",""2026-27!S3"")"),0.0) -> 0 | AM17: =IFERROR(__xludf.DUMMYFUNCTION("IMPORTRANGE(""1IoSPGtbL4ygnaTCF1Ct5WGA347GvBvKfaHJjalIvqh4"",""2026-27!T4"")"),0.0) -> 0 | AN17: =IFERROR(__xludf.DUMMYFUNCTION("IMPORTRANGE(""1IoSPGtbL4ygnaTCF1Ct5WGA347GvBvKfaHJjalIvqh4"",""2026-27!T3"")"),0.0) -> 0 | AO17: =IFERROR((AP17/AK17),"") | AP17: =IFERROR(__xludf.DUMMYFUNCTION("IMPORTRANGE(""1IoSPGtbL4ygnaTCF1Ct5WGA347GvBvKfaHJjalIvqh4"",""2026-27!U4"")"),0.0) -> 0 | AQ17: =IFERROR(__xludf.DUMMYFUNCTION("IMPORTRANGE(""1IoSPGtbL4ygnaTCF1Ct5WGA347GvBvKfaHJjalIvqh4"",""2026-27!U3"")"),0.0) -> 0 | AR17: =IFERROR(__xludf.DUMMYFUNCTION("IMPORTRANGE(""1IoSPGtbL4ygnaTCF1Ct5WGA347GvBvKfaHJjalIvqh4"",""2026-27!V4"")"),0.0) -> 0 | AS17: =IFERROR(__xludf.DUMMYFUNCTION("IMPORTRANGE(""1IoSPGtbL4ygnaTCF1Ct5WGA347GvBvKfaHJjalIvqh4"",""2026-27!V3"")"),0.0) -> 0 | AT17: =IFERROR(__xludf.DUMMYFUNCTION("IMPORTRANGE(""1IoSPGtbL4ygnaTCF1Ct5WGA347GvBvKfaHJjalIvqh4"",""2026-27!W4"")"),0.0) -> 0 | AU17: =IFERROR(__xludf.DUMMYFUNCTION("IMPORTRANGE(""1IoSPGtbL4ygnaTCF1Ct5WGA347GvBvKfaHJjalIvqh4"",""2026-27!W3"")"),0.0) -> 0 | AV17: =IFERROR((AW17/AR17),"") | AW17: =IFERROR(__xludf.DUMMYFUNCTION("IMPORTRANGE(""1IoSPGtbL4ygnaTCF1Ct5WGA347GvBvKfaHJjalIvqh4"",""2026-27!X4"")"),0.0) -> 0 | AX17: =IFERROR(__xludf.DUMMYFUNCTION("IMPORTRANGE(""1IoSPGtbL4ygnaTCF1Ct5WGA347GvBvKfaHJjalIvqh4"",""2026-27!X3"")"),0.0) -> 0 | AY17: =IFERROR(__xludf.DUMMYFUNCTION("IMPORTRANGE(""1IoSPGtbL4ygnaTCF1Ct5WGA347GvBvKfaHJjalIvqh4"",""2026-27!Y4"")"),0.0) -> 0 | AZ17: =IFERROR(__xludf.DUMMYFUNCTION("IMPORTRANGE(""1IoSPGtbL4ygnaTCF1Ct5WGA347GvBvKfaHJjalIvqh4"",""2026-27!Y3"")"),0.0) -> 0 | BA17: =IFERROR(__xludf.DUMMYFUNCTION("IMPORTRANGE(""1IoSPGtbL4ygnaTCF1Ct5WGA347GvBvKfaHJjalIvqh4"",""2026-27!Z4"")"),0.0) -> 0 | BB17: =IFERROR(__xludf.DUMMYFUNCTION("IMPORTRANGE(""1IoSPGtbL4ygnaTCF1Ct5WGA347GvBvKfaHJjalIvqh4"",""2026-27!Z3"")"),0.0) -> 0 | BC17: =IFERROR((BD17/AY17),"") | BD17: =IFERROR(__xludf.DUMMYFUNCTION("IMPORTRANGE(""1IoSPGtbL4ygnaTCF1Ct5WGA347GvBvKfaHJjalIvqh4"",""2026-27!AA4"")"),0.0) -> 0 | BE17: =IFERROR(__xludf.DUMMYFUNCTION("IMPORTRANGE(""1IoSPGtbL4ygnaTCF1Ct5WGA347GvBvKfaHJjalIvqh4"",""2026-27!AA3"")"),0.0) -> 0 | BF17: =IFERROR(__xludf.DUMMYFUNCTION("IMPORTRANGE(""1IoSPGtbL4ygnaTCF1Ct5WGA347GvBvKfaHJjalIvqh4"",""2026-27!AB4"")"),0.0) -> 0 | BG17: =IFERROR(__xludf.DUMMYFUNCTION("IMPORTRANGE(""1IoSPGtbL4ygnaTCF1Ct5WGA347GvBvKfaHJjalIvqh4"",""2026-27!AB3"")"),0.0) -> 0 | BH17: =IFERROR(__xludf.DUMMYFUNCTION("IMPORTRANGE(""1IoSPGtbL4ygnaTCF1Ct5WGA347GvBvKfaHJjalIvqh4"",""2026-27!AC4"")"),0.0) -> 0 | BI17: =IFERROR(__xludf.DUMMYFUNCTION("IMPORTRANGE(""1IoSPGtbL4ygnaTCF1Ct5WGA347GvBvKfaHJjalIvqh4"",""2026-27!AC3"")"),0.0) -> 0 | BJ17: =IFERROR((BK17/BF17),"") | BK17: =IFERROR(__xludf.DUMMYFUNCTION("IMPORTRANGE(""1IoSPGtbL4ygnaTCF1Ct5WGA347GvBvKfaHJjalIvqh4"",""2026-27!AD4"")"),0.0) -> 0 | BL17: =IFERROR(__xludf.DUMMYFUNCTION("IMPORTRANGE(""1IoSPGtbL4ygnaTCF1Ct5WGA347GvBvKfaHJjalIvqh4"",""2026-27!AD3"")"),0.0) -> 0 | BM17: =IFERROR(__xludf.DUMMYFUNCTION("IMPORTRANGE(""1IoSPGtbL4ygnaTCF1Ct5WGA347GvBvKfaHJjalIvqh4"",""2026-27!AE4"")"),0.0) -> 0 | BN17: =IFERROR(__xludf.DUMMYFUNCTION("IMPORTRANGE(""1IoSPGtbL4ygnaTCF1Ct5WGA347GvBvKfaHJjalIvqh4"",""2026-27!AE3"")"),0.0) -> 0 | BO17: =IFERROR(__xludf.DUMMYFUNCTION("IMPORTRANGE(""1IoSPGtbL4ygnaTCF1Ct5WGA347GvBvKfaHJjalIvqh4"",""2026-27!AF4"")"),0.0) -> 0 | BP17: =IFERROR(__xludf.DUMMYFUNCTION("IMPORTRANGE(""1IoSPGtbL4ygnaTCF1Ct5WGA347GvBvKfaHJjalIvqh4"",""2026-27!AF3"")"),0.0) -> 0 | BQ17: =IFERROR((BR17/BM17),"") | BR17: =IFERROR(__xludf.DUMMYFUNCTION("IMPORTRANGE(""1IoSPGtbL4ygnaTCF1Ct5WGA347GvBvKfaHJjalIvqh4"",""2026-27!AG4"")"),0.0) -> 0 | BS17: =IFERROR(__xludf.DUMMYFUNCTION("IMPORTRANGE(""1IoSPGtbL4ygnaTCF1Ct5WGA347GvBvKfaHJjalIvqh4"",""2026-27!AG3"")"),0.0) -> 0 | BT17: =IFERROR(__xludf.DUMMYFUNCTION("IMPORTRANGE(""1IoSPGtbL4ygnaTCF1Ct5WGA347GvBvKfaHJjalIvqh4"",""2026-27!AH4"")"),0.0) -> 0 | BU17: =IFERROR(__xludf.DUMMYFUNCTION("IMPORTRANGE(""1IoSPGtbL4ygnaTCF1Ct5WGA347GvBvKfaHJjalIvqh4"",""2026-27!AH3"")"),0.0) -> 0 | BV17: =IFERROR(__xludf.DUMMYFUNCTION("IMPORTRANGE(""1IoSPGtbL4ygnaTCF1Ct5WGA347GvBvKfaHJjalIvqh4"",""2026-27!AI4"")"),0.0) -> 0 | BW17: =IFERROR(__xludf.DUMMYFUNCTION("IMPORTRANGE(""1IoSPGtbL4ygnaTCF1Ct5WGA347GvBvKfaHJjalIvqh4"",""2026-27!AI3"")"),0.0) -> 0 | BX17: =IFERROR((BY17/BT17),"") | BY17: =IFERROR(__xludf.DUMMYFUNCTION("IMPORTRANGE(""1IoSPGtbL4ygnaTCF1Ct5WGA347GvBvKfaHJjalIvqh4"",""2026-27!AJ4"")"),0.0) -> 0 | BZ17: =IFERROR(__xludf.DUMMYFUNCTION("IMPORTRANGE(""1IoSPGtbL4ygnaTCF1Ct5WGA347GvBvKfaHJjalIvqh4"",""2026-27!AJ3"")"),0.0) -> 0 | CA17: =IFERROR(__xludf.DUMMYFUNCTION("IMPORTRANGE(""1IoSPGtbL4ygnaTCF1Ct5WGA347GvBvKfaHJjalIvqh4"",""2026-27!AK4"")"),0.0) -> 0 | CB17: =IFERROR(__xludf.DUMMYFUNCTION("IMPORTRANGE(""1IoSPGtbL4ygnaTCF1Ct5WGA347GvBvKfaHJjalIvqh4"",""2026-27!AK3"")"),0.0) -> 0 | CC17: =IFERROR(__xludf.DUMMYFUNCTION("IMPORTRANGE(""1IoSPGtbL4ygnaTCF1Ct5WGA347GvBvKfaHJjalIvqh4"",""2026-27!AL4"")"),0.0) -> 0 | CD17: =IFERROR(__xludf.DUMMYFUNCTION("IMPORTRANGE(""1IoSPGtbL4ygnaTCF1Ct5WGA347GvBvKfaHJjalIvqh4"",""2026-27!AL3"")"),0.0) -> 0 | CE17: =IFERROR((CF17/CA17),"") | CF17: =IFERROR(__xludf.DUMMYFUNCTION("IMPORTRANGE(""1IoSPGtbL4ygnaTCF1Ct5WGA347GvBvKfaHJjalIvqh4"",""2026-27!AM4"")"),0.0) -> 0 | CG17: =IFERROR(__xludf.DUMMYFUNCTION("IMPORTRANGE(""1IoSPGtbL4ygnaTCF1Ct5WGA347GvBvKfaHJjalIvqh4"",""2026-27!AM3"")"),0.0) -> 0 | CH17: =IFERROR(__xludf.DUMMYFUNCTION("IMPORTRANGE(""1IoSPGtbL4ygnaTCF1Ct5WGA347GvBvKfaHJjalIvqh4"",""2026-27!AN4"")"),0.0) -> 0 | CI17: =IFERROR(__xludf.DUMMYFUNCTION("IMPORTRANGE(""1IoSPGtbL4ygnaTCF1Ct5WGA347GvBvKfaHJjalIvqh4"",""2026-27!AN3"")"),0.0) -> 0 | CJ17: =IFERROR(__xludf.DUMMYFUNCTION("IMPORTRANGE(""1IoSPGtbL4ygnaTCF1Ct5WGA347GvBvKfaHJjalIvqh4"",""2026-27!AO4"")"),0.0) -> 0 | CK17: =IFERROR(__xludf.DUMMYFUNCTION("IMPORTRANGE(""1IoSPGtbL4ygnaTCF1Ct5WGA347GvBvKfaHJjalIvqh4"",""2026-27!AO3"")"),0.0) -> 0 | CL17: =IFERROR((CM17/CH17),"") | CM17: =IFERROR(__xludf.DUMMYFUNCTION("IMPORTRANGE(""1IoSPGtbL4ygnaTCF1Ct5WGA347GvBvKfaHJjalIvqh4"",""2026-27!AP4"")"),0.0) -> 0 | CN17: =IFERROR(__xludf.DUMMYFUNCTION("IMPORTRANGE(""1IoSPGtbL4ygnaTCF1Ct5WGA347GvBvKfaHJjalIvqh4"",""2026-27!AP3"")"),0.0) -> 0 | CO17: =IFERROR(__xludf.DUMMYFUNCTION("IMPORTRANGE(""1IoSPGtbL4ygnaTCF1Ct5WGA347GvBvKfaHJjalIvqh4"",""2026-27!AQ4"")"),0.0) -> 0 | CP17: =IFERROR(__xludf.DUMMYFUNCTION("IMPORTRANGE(""1IoSPGtbL4ygnaTCF1Ct5WGA347GvBvKfaHJjalIvqh4"",""2026-27!AQ3"")"),0.0) -> 0 | CQ17: =IFERROR(__xludf.DUMMYFUNCTION("IMPORTRANGE(""1IoSPGtbL4ygnaTCF1Ct5WGA347GvBvKfaHJjalIvqh4"",""2026-27!AR4"")"),0.0) -> 0 | CR17: =IFERROR(__xludf.DUMMYFUNCTION("IMPORTRANGE(""1IoSPGtbL4ygnaTCF1Ct5WGA347GvBvKfaHJjalIvqh4"",""2026-27!AR3"")"),0.0) -> 0 | CS17: =IFERROR((CT17/CO17),"") | CT17: =IFERROR(__xludf.DUMMYFUNCTION("IMPORTRANGE(""1IoSPGtbL4ygnaTCF1Ct5WGA347GvBvKfaHJjalIvqh4"",""2026-27!AS4"")"),0.0) -> 0 | CU17: =IFERROR(__xludf.DUMMYFUNCTION("IMPORTRANGE(""1IoSPGtbL4ygnaTCF1Ct5WGA347GvBvKfaHJjalIvqh4"",""2026-27!AS3"")"),0.0) -> 0
A18: Sulinder Pal | C18: Amit Tangri | D18: Ludhiana | E18: 9914976557 | F18: 45393 | I18: 27000 | J18: 1500000 | K18: =IFERROR(__xludf.DUMMYFUNCTION("IMPORTRANGE(""1OCQdqqJIyWUmzr6sv4fbXUNAqVATScHotcGYSPP6YEs"",""2026-27!A3"")"),136.0) -> 136 | L18: =IFERROR(__xludf.DUMMYFUNCTION("IMPORTRANGE(""1OCQdqqJIyWUmzr6sv4fbXUNAqVATScHotcGYSPP6YEs"",""2026-27!G4"")"),1.5085E7) -> 15085000 | M18: =R18+Y18+AF18+AM18+AT18+BA18+BH18+BO18+BV18+CC18+CJ18+CQ18 -> 2074637.7 | N18: =iferror(O18/L18,"") -> 0.074865363 | O18: =U18+AB18+AI18+AP18+AW18+BD18+BK18+BR18+BY18+CF18+CM18+CT18 -> 1129344 | P18: =IFERROR(__xludf.DUMMYFUNCTION("IMPORTRANGE(""1OCQdqqJIyWUmzr6sv4fbXUNAqVATScHotcGYSPP6YEs"",""2026-27!J4"")"),1437000.0) -> 1437000 | Q18: =IFERROR(__xludf.DUMMYFUNCTION("IMPORTRANGE(""1OCQdqqJIyWUmzr6sv4fbXUNAqVATScHotcGYSPP6YEs"",""2026-27!J3"")"),108.0) -> 108 | R18: =IFERROR(__xludf.DUMMYFUNCTION("IMPORTRANGE(""1OCQdqqJIyWUmzr6sv4fbXUNAqVATScHotcGYSPP6YEs"",""2026-27!K4"")"),613843.99) -> 613843.99 | S18: =IFERROR(__xludf.DUMMYFUNCTION("IMPORTRANGE(""1OCQdqqJIyWUmzr6sv4fbXUNAqVATScHotcGYSPP6YEs"",""2026-27!K3"")"),28.0) -> 28 | T18: =IFERROR((U18/P18),"") -> 0.42717258 | U18: =IFERROR(__xludf.DUMMYFUNCTION("IMPORTRANGE(""1OCQdqqJIyWUmzr6sv4fbXUNAqVATScHotcGYSPP6YEs"",""2026-27!L4"")"),613847.0) -> 613847 | V18: =IFERROR(__xludf.DUMMYFUNCTION("IMPORTRANGE(""1OCQdqqJIyWUmzr6sv4fbXUNAqVATScHotcGYSPP6YEs"",""2026-27!L3"")"),28.0) -> 28 | W18: =IFERROR(__xludf.DUMMYFUNCTION("IMPORTRANGE(""1OCQdqqJIyWUmzr6sv4fbXUNAqVATScHotcGYSPP6YEs"",""2026-27!m4"")"),1473000.0) -> 1473000 | X18: =IFERROR(__xludf.DUMMYFUNCTION("IMPORTRANGE(""1OCQdqqJIyWUmzr6sv4fbXUNAqVATScHotcGYSPP6YEs"",""2026-27!m3"")"),113.0) -> 113 | Y18: =IFERROR(__xludf.DUMMYFUNCTION("IMPORTRANGE(""1OCQdqqJIyWUmzr6sv4fbXUNAqVATScHotcGYSPP6YEs"",""2026-27!N4"")"),704166.93) -> 704166.93 | Z18: =IFERROR(__xludf.DUMMYFUNCTION("IMPORTRANGE(""1OCQdqqJIyWUmzr6sv4fbXUNAqVATScHotcGYSPP6YEs"",""2026-27!N3"")"),41.0) -> 41 | AA18: =IFERROR((AB18/W18),"") -> 0.34996402 | AB18: =IFERROR(__xludf.DUMMYFUNCTION("IMPORTRANGE(""1OCQdqqJIyWUmzr6sv4fbXUNAqVATScHotcGYSPP6YEs"",""2026-27!O4"")"),515497.0) -> 515497 | AC18: =IFERROR(__xludf.DUMMYFUNCTION("IMPORTRANGE(""1OCQdqqJIyWUmzr6sv4fbXUNAqVATScHotcGYSPP6YEs"",""2026-27!O3"")"),36.0) -> 36 | AD18: =IFERROR(__xludf.DUMMYFUNCTION("IMPORTRANGE(""1OCQdqqJIyWUmzr6sv4fbXUNAqVATScHotcGYSPP6YEs"",""2026-27!P4"")"),1479000.0) -> 1479000 | AE18: =IFERROR(__xludf.DUMMYFUNCTION("IMPORTRANGE(""1OCQdqqJIyWUmzr6sv4fbXUNAqVATScHotcGYSPP6YEs"",""2026-27!P3"")"),113.0) -> 113 | AF18: =IFERROR(__xludf.DUMMYFUNCTION("IMPORTRANGE(""1OCQdqqJIyWUmzr6sv4fbXUNAqVATScHotcGYSPP6YEs"",""2026-27!Q4"")"),756626.7500000001) -> 756626.75 | AG18: =IFERROR(__xludf.DUMMYFUNCTION("IMPORTRANGE(""1OCQdqqJIyWUmzr6sv4fbXUNAqVATScHotcGYSPP6YEs"",""2026-27!Q3"")"),35.0) -> 35 | AH18: =IFERROR((AI18/AD18),"") -> 0 | AI18: =IFERROR(__xludf.DUMMYFUNCTION("IMPORTRANGE(""1OCQdqqJIyWUmzr6sv4fbXUNAqVATScHotcGYSPP6YEs"",""2026-27!R4"")"),0.0) -> 0 | AJ18: =IFERROR(__xludf.DUMMYFUNCTION("IMPORTRANGE(""1OCQdqqJIyWUmzr6sv4fbXUNAqVATScHotcGYSPP6YEs"",""2026-27!R3"")"),0.0) -> 0 | AK18: =IFERROR(__xludf.DUMMYFUNCTION("IMPORTRANGE(""1OCQdqqJIyWUmzr6sv4fbXUNAqVATScHotcGYSPP6YEs"",""2026-27!S4"")"),0.0) -> 0 | AL18: =IFERROR(__xludf.DUMMYFUNCTION("IMPORTRANGE(""1OCQdqqJIyWUmzr6sv4fbXUNAqVATScHotcGYSPP6YEs"",""2026-27!S3"")"),0.0) -> 0 | AM18: =IFERROR(__xludf.DUMMYFUNCTION("IMPORTRANGE(""1OCQdqqJIyWUmzr6sv4fbXUNAqVATScHotcGYSPP6YEs"",""2026-27!T4"")"),0.0) -> 0 | AN18: =IFERROR(__xludf.DUMMYFUNCTION("IMPORTRANGE(""1OCQdqqJIyWUmzr6sv4fbXUNAqVATScHotcGYSPP6YEs"",""2026-27!T3"")"),0.0) -> 0 | AO18: =IFERROR((AP18/AK18),"") | AP18: =IFERROR(__xludf.DUMMYFUNCTION("IMPORTRANGE(""1OCQdqqJIyWUmzr6sv4fbXUNAqVATScHotcGYSPP6YEs"",""2026-27!U4"")"),0.0) -> 0 | AQ18: =IFERROR(__xludf.DUMMYFUNCTION("IMPORTRANGE(""1OCQdqqJIyWUmzr6sv4fbXUNAqVATScHotcGYSPP6YEs"",""2026-27!U3"")"),0.0) -> 0 | AR18: =IFERROR(__xludf.DUMMYFUNCTION("IMPORTRANGE(""1OCQdqqJIyWUmzr6sv4fbXUNAqVATScHotcGYSPP6YEs"",""2026-27!V4"")"),0.0) -> 0 | AS18: =IFERROR(__xludf.DUMMYFUNCTION("IMPORTRANGE(""1OCQdqqJIyWUmzr6sv4fbXUNAqVATScHotcGYSPP6YEs"",""2026-27!V3"")"),0.0) -> 0 | AT18: =IFERROR(__xludf.DUMMYFUNCTION("IMPORTRANGE(""1OCQdqqJIyWUmzr6sv4fbXUNAqVATScHotcGYSPP6YEs"",""2026-27!W4"")"),0.0) -> 0 | AU18: =IFERROR(__xludf.DUMMYFUNCTION("IMPORTRANGE(""1OCQdqqJIyWUmzr6sv4fbXUNAqVATScHotcGYSPP6YEs"",""2026-27!W3"")"),0.0) -> 0 | AV18: =IFERROR((AW18/AR18),"") | AW18: =IFERROR(__xludf.DUMMYFUNCTION("IMPORTRANGE(""1OCQdqqJIyWUmzr6sv4fbXUNAqVATScHotcGYSPP6YEs"",""2026-27!X4"")"),0.0) -> 0 | AX18: =IFERROR(__xludf.DUMMYFUNCTION("IMPORTRANGE(""1OCQdqqJIyWUmzr6sv4fbXUNAqVATScHotcGYSPP6YEs"",""2026-27!X3"")"),0.0) -> 0 | AY18: =IFERROR(__xludf.DUMMYFUNCTION("IMPORTRANGE(""1OCQdqqJIyWUmzr6sv4fbXUNAqVATScHotcGYSPP6YEs"",""2026-27!Y4"")"),0.0) -> 0 | AZ18: =IFERROR(__xludf.DUMMYFUNCTION("IMPORTRANGE(""1OCQdqqJIyWUmzr6sv4fbXUNAqVATScHotcGYSPP6YEs"",""2026-27!Y3"")"),0.0) -> 0 | BA18: =IFERROR(__xludf.DUMMYFUNCTION("IMPORTRANGE(""1OCQdqqJIyWUmzr6sv4fbXUNAqVATScHotcGYSPP6YEs"",""2026-27!Z4"")"),0.0) -> 0 | BB18: =IFERROR(__xludf.DUMMYFUNCTION("IMPORTRANGE(""1OCQdqqJIyWUmzr6sv4fbXUNAqVATScHotcGYSPP6YEs"",""2026-27!Z3"")"),0.0) -> 0 | BC18: =IFERROR((BD18/AY18),"") | BD18: =IFERROR(__xludf.DUMMYFUNCTION("IMPORTRANGE(""1OCQdqqJIyWUmzr6sv4fbXUNAqVATScHotcGYSPP6YEs"",""2026-27!AA4"")"),0.0) -> 0 | BE18: =IFERROR(__xludf.DUMMYFUNCTION("IMPORTRANGE(""1OCQdqqJIyWUmzr6sv4fbXUNAqVATScHotcGYSPP6YEs"",""2026-27!AA3"")"),0.0) -> 0 | BF18: =IFERROR(__xludf.DUMMYFUNCTION("IMPORTRANGE(""1OCQdqqJIyWUmzr6sv4fbXUNAqVATScHotcGYSPP6YEs"",""2026-27!AB4"")"),0.0) -> 0 | BG18: =IFERROR(__xludf.DUMMYFUNCTION("IMPORTRANGE(""1OCQdqqJIyWUmzr6sv4fbXUNAqVATScHotcGYSPP6YEs"",""2026-27!AB3"")"),0.0) -> 0 | BH18: =IFERROR(__xludf.DUMMYFUNCTION("IMPORTRANGE(""1OCQdqqJIyWUmzr6sv4fbXUNAqVATScHotcGYSPP6YEs"",""2026-27!AC4"")"),0.0) -> 0 | BI18: =IFERROR(__xludf.DUMMYFUNCTION("IMPORTRANGE(""1OCQdqqJIyWUmzr6sv4fbXUNAqVATScHotcGYSPP6YEs"",""2026-27!AC3"")"),0.0) -> 0 | BJ18: =IFERROR((BK18/BF18),"") | BK18: =IFERROR(__xludf.DUMMYFUNCTION("IMPORTRANGE(""1OCQdqqJIyWUmzr6sv4fbXUNAqVATScHotcGYSPP6YEs"",""2026-27!AD4"")"),0.0) -> 0 | BL18: =IFERROR(__xludf.DUMMYFUNCTION("IMPORTRANGE(""1OCQdqqJIyWUmzr6sv4fbXUNAqVATScHotcGYSPP6YEs"",""2026-27!AD3"")"),0.0) -> 0 | BM18: =IFERROR(__xludf.DUMMYFUNCTION("IMPORTRANGE(""1OCQdqqJIyWUmzr6sv4fbXUNAqVATScHotcGYSPP6YEs"",""2026-27!AE4"")"),0.0) -> 0 | BN18: =IFERROR(__xludf.DUMMYFUNCTION("IMPORTRANGE(""1OCQdqqJIyWUmzr6sv4fbXUNAqVATScHotcGYSPP6YEs"",""2026-27!AE3"")"),0.0) -> 0 | BO18: =IFERROR(__xludf.DUMMYFUNCTION("IMPORTRANGE(""1OCQdqqJIyWUmzr6sv4fbXUNAqVATScHotcGYSPP6YEs"",""2026-27!AF4"")"),0.0) -> 0 | BP18: =IFERROR(__xludf.DUMMYFUNCTION("IMPORTRANGE(""1OCQdqqJIyWUmzr6sv4fbXUNAqVATScHotcGYSPP6YEs"",""2026-27!AF3"")"),0.0) -> 0 | BQ18: =IFERROR((BR18/BM18),"") | BR18: =IFERROR(__xludf.DUMMYFUNCTION("IMPORTRANGE(""1OCQdqqJIyWUmzr6sv4fbXUNAqVATScHotcGYSPP6YEs"",""2026-27!AG4"")"),0.0) -> 0 | BS18: =IFERROR(__xludf.DUMMYFUNCTION("IMPORTRANGE(""1OCQdqqJIyWUmzr6sv4fbXUNAqVATScHotcGYSPP6YEs"",""2026-27!AG3"")"),0.0) -> 0 | BT18: =IFERROR(__xludf.DUMMYFUNCTION("IMPORTRANGE(""1OCQdqqJIyWUmzr6sv4fbXUNAqVATScHotcGYSPP6YEs"",""2026-27!AH4"")"),0.0) -> 0 | BU18: =IFERROR(__xludf.DUMMYFUNCTION("IMPORTRANGE(""1OCQdqqJIyWUmzr6sv4fbXUNAqVATScHotcGYSPP6YEs"",""2026-27!AH3"")"),0.0) -> 0 | BV18: =IFERROR(__xludf.DUMMYFUNCTION("IMPORTRANGE(""1OCQdqqJIyWUmzr6sv4fbXUNAqVATScHotcGYSPP6YEs"",""2026-27!AI4"")"),0.0) -> 0 | BW18: =IFERROR(__xludf.DUMMYFUNCTION("IMPORTRANGE(""1OCQdqqJIyWUmzr6sv4fbXUNAqVATScHotcGYSPP6YEs"",""2026-27!AI3"")"),0.0) -> 0 | BX18: =IFERROR((BY18/BT18),"") | BY18: =IFERROR(__xludf.DUMMYFUNCTION("IMPORTRANGE(""1OCQdqqJIyWUmzr6sv4fbXUNAqVATScHotcGYSPP6YEs"",""2026-27!AJ4"")"),0.0) -> 0 | BZ18: =IFERROR(__xludf.DUMMYFUNCTION("IMPORTRANGE(""1OCQdqqJIyWUmzr6sv4fbXUNAqVATScHotcGYSPP6YEs"",""2026-27!AJ3"")"),0.0) -> 0 | CA18: =IFERROR(__xludf.DUMMYFUNCTION("IMPORTRANGE(""1OCQdqqJIyWUmzr6sv4fbXUNAqVATScHotcGYSPP6YEs"",""2026-27!AK4"")"),0.0) -> 0 | CB18: =IFERROR(__xludf.DUMMYFUNCTION("IMPORTRANGE(""1OCQdqqJIyWUmzr6sv4fbXUNAqVATScHotcGYSPP6YEs"",""2026-27!AK3"")"),0.0) -> 0 | CC18: =IFERROR(__xludf.DUMMYFUNCTION("IMPORTRANGE(""1OCQdqqJIyWUmzr6sv4fbXUNAqVATScHotcGYSPP6YEs"",""2026-27!AL4"")"),0.0) -> 0 | CD18: =IFERROR(__xludf.DUMMYFUNCTION("IMPORTRANGE(""1OCQdqqJIyWUmzr6sv4fbXUNAqVATScHotcGYSPP6YEs"",""2026-27!AL3"")"),0.0) -> 0 | CE18: =IFERROR((CF18/CA18),"") | CF18: =IFERROR(__xludf.DUMMYFUNCTION("IMPORTRANGE(""1OCQdqqJIyWUmzr6sv4fbXUNAqVATScHotcGYSPP6YEs"",""2026-27!AM4"")"),0.0) -> 0 | CG18: =IFERROR(__xludf.DUMMYFUNCTION("IMPORTRANGE(""1OCQdqqJIyWUmzr6sv4fbXUNAqVATScHotcGYSPP6YEs"",""2026-27!AM3"")"),0.0) -> 0 | CH18: =IFERROR(__xludf.DUMMYFUNCTION("IMPORTRANGE(""1OCQdqqJIyWUmzr6sv4fbXUNAqVATScHotcGYSPP6YEs"",""2026-27!AN4"")"),0.0) -> 0 | CI18: =IFERROR(__xludf.DUMMYFUNCTION("IMPORTRANGE(""1OCQdqqJIyWUmzr6sv4fbXUNAqVATScHotcGYSPP6YEs"",""2026-27!AN3"")"),0.0) -> 0 | CJ18: =IFERROR(__xludf.DUMMYFUNCTION("IMPORTRANGE(""1OCQdqqJIyWUmzr6sv4fbXUNAqVATScHotcGYSPP6YEs"",""2026-27!AO4"")"),0.0) -> 0 | CK18: =IFERROR(__xludf.DUMMYFUNCTION("IMPORTRANGE(""1OCQdqqJIyWUmzr6sv4fbXUNAqVATScHotcGYSPP6YEs"",""2026-27!AO3"")"),0.0) -> 0 | CL18: =IFERROR((CM18/CH18),"") | CM18: =IFERROR(__xludf.DUMMYFUNCTION("IMPORTRANGE(""1OCQdqqJIyWUmzr6sv4fbXUNAqVATScHotcGYSPP6YEs"",""2026-27!AP4"")"),0.0) -> 0 | CN18: =IFERROR(__xludf.DUMMYFUNCTION("IMPORTRANGE(""1OCQdqqJIyWUmzr6sv4fbXUNAqVATScHotcGYSPP6YEs"",""2026-27!AP3"")"),0.0) -> 0 | CO18: =IFERROR(__xludf.DUMMYFUNCTION("IMPORTRANGE(""1OCQdqqJIyWUmzr6sv4fbXUNAqVATScHotcGYSPP6YEs"",""2026-27!AQ4"")"),0.0) -> 0 | CP18: =IFERROR(__xludf.DUMMYFUNCTION("IMPORTRANGE(""1OCQdqqJIyWUmzr6sv4fbXUNAqVATScHotcGYSPP6YEs"",""2026-27!AQ3"")"),0.0) -> 0 | CQ18: =IFERROR(__xludf.DUMMYFUNCTION("IMPORTRANGE(""1OCQdqqJIyWUmzr6sv4fbXUNAqVATScHotcGYSPP6YEs"",""2026-27!AR4"")"),0.0) -> 0 | CR18: =IFERROR(__xludf.DUMMYFUNCTION("IMPORTRANGE(""1OCQdqqJIyWUmzr6sv4fbXUNAqVATScHotcGYSPP6YEs"",""2026-27!AR3"")"),0.0) -> 0 | CS18: =IFERROR((CT18/CO18),"") | CT18: =IFERROR(__xludf.DUMMYFUNCTION("IMPORTRANGE(""1OCQdqqJIyWUmzr6sv4fbXUNAqVATScHotcGYSPP6YEs"",""2026-27!AS4"")"),0.0) -> 0 | CU18: =IFERROR(__xludf.DUMMYFUNCTION("IMPORTRANGE(""1OCQdqqJIyWUmzr6sv4fbXUNAqVATScHotcGYSPP6YEs"",""2026-27!AS3"")"),0.0) -> 0
A19: Pawan Sharma | B19: Pawan Sharma | C19: Dinesh Kumar Kaushik | D19: Bharatpur | E19: 7976699874 | F19: 45428 | I19: 26526 | J19: 1200000 | K19: =IFERROR(__xludf.DUMMYFUNCTION("IMPORTRANGE(""https://docs.google.com/spreadsheets/d/1WzUdmfnQDNkhWeXGDxfn71m4gjwTEw7ImG_HYmiR0VY/edit#gid=1361333659"",""2026-27!A3"")"),101.0) -> 101 | L19: =IFERROR(__xludf.DUMMYFUNCTION("IMPORTRANGE(""https://docs.google.com/spreadsheets/d/1WzUdmfnQDNkhWeXGDxfn71m4gjwTEw7ImG_HYmiR0VY/edit#gid=1361333659"",""2026-27!G4"")"),1.21E7) -> 12100000 | M19: =R19+Y19+AF19+AM19+AT19+BA19+BH19+BO19+BV19+CC19+CJ19+CQ19 -> 2122297.6 | N19: =iferror(O19/L19,"") -> 0 | O19: =SUM(U19,AB19,AI19,AP19,AW19,BD19,BK19,BR19,BY19,CF19,CM19,CT19) -> 0 | P19: =IFERROR(__xludf.DUMMYFUNCTION("IMPORTRANGE(""https://docs.google.com/spreadsheets/d/1WzUdmfnQDNkhWeXGDxfn71m4gjwTEw7ImG_HYmiR0VY/edit#gid=1361333659"",""2026-27!J4"")"),1169222.0) -> 1169222 | Q19: =IFERROR(__xludf.DUMMYFUNCTION("IMPORTRANGE(""https://docs.google.com/spreadsheets/d/1WzUdmfnQDNkhWeXGDxfn71m4gjwTEw7ImG_HYmiR0VY/edit#gid=1361333659"",""2026-27!J3"")"),94.0) -> 94 | R19: =IFERROR(__xludf.DUMMYFUNCTION("IMPORTRANGE(""https://docs.google.com/spreadsheets/d/1WzUdmfnQDNkhWeXGDxfn71m4gjwTEw7ImG_HYmiR0VY/edit#gid=1361333659"",""2026-27!K4"")"),602564.8400000001) -> 602564.84 | S19: =IFERROR(__xludf.DUMMYFUNCTION("IMPORTRANGE(""https://docs.google.com/spreadsheets/d/1WzUdmfnQDNkhWeXGDxfn71m4gjwTEw7ImG_HYmiR0VY/edit#gid=1361333659"",""2026-27!K3"")"),17.0) -> 17 | T19: =IFERROR((U19/P19),"") -> 0 | U19: =IFERROR(__xludf.DUMMYFUNCTION("IMPORTRANGE(""https://docs.google.com/spreadsheets/d/1WzUdmfnQDNkhWeXGDxfn71m4gjwTEw7ImG_HYmiR0VY/edit#gid=1361333659"",""2026-27!L4"")"),0.0) -> 0 | V19: =IFERROR(__xludf.DUMMYFUNCTION("IMPORTRANGE(""https://docs.google.com/spreadsheets/d/1WzUdmfnQDNkhWeXGDxfn71m4gjwTEw7ImG_HYmiR0VY/edit#gid=1361333659"",""2026-27!L3"")"),0.0) -> 0 | W19: =IFERROR(__xludf.DUMMYFUNCTION("IMPORTRANGE(""https://docs.google.com/spreadsheets/d/1WzUdmfnQDNkhWeXGDxfn71m4gjwTEw7ImG_HYmiR0VY/edit#gid=1361333659"",""2026-27!M4"")"),1199500.0) -> 1199500 | X19: =IFERROR(__xludf.DUMMYFUNCTION("IMPORTRANGE(""https://docs.google.com/spreadsheets/d/1WzUdmfnQDNkhWeXGDxfn71m4gjwTEw7ImG_HYmiR0VY/edit#gid=1361333659"",""2026-27!M3"")"),94.0) -> 94 | Y19: =IFERROR(__xludf.DUMMYFUNCTION("importrange(""https://docs.google.com/spreadsheets/d/1WzUdmfnQDNkhWeXGDxfn71m4gjwTEw7ImG_HYmiR0VY/edit#gid=1361333659"",""2026-27!n4"")"),532570.43) -> 532570.43 | Z19: =IFERROR(__xludf.DUMMYFUNCTION("importrange(""https://docs.google.com/spreadsheets/d/1WzUdmfnQDNkhWeXGDxfn71m4gjwTEw7ImG_HYmiR0VY/edit#gid=1361333659"",""2026-27!n3"")"),19.0) -> 19 | AA19: =IFERROR((AB19/W19),"") -> 0 | AB19: =IFERROR(__xludf.DUMMYFUNCTION("importrange(""https://docs.google.com/spreadsheets/d/1WzUdmfnQDNkhWeXGDxfn71m4gjwTEw7ImG_HYmiR0VY/edit#gid=1361333659"",""2026-27!o4"")"),0.0) -> 0 | AC19: =IFERROR(__xludf.DUMMYFUNCTION("importrange(""https://docs.google.com/spreadsheets/d/1WzUdmfnQDNkhWeXGDxfn71m4gjwTEw7ImG_HYmiR0VY/edit#gid=1361333659"",""2026-27!o3"")"),0.0) -> 0 | AD19: =IFERROR(__xludf.DUMMYFUNCTION("importrange(""https://docs.google.com/spreadsheets/d/1WzUdmfnQDNkhWeXGDxfn71m4gjwTEw7ImG_HYmiR0VY/edit#gid=1361333659"",""2026-27!p4"")"),0.0) -> 0 | AE19: =IFERROR(__xludf.DUMMYFUNCTION("importrange(""https://docs.google.com/spreadsheets/d/1WzUdmfnQDNkhWeXGDxfn71m4gjwTEw7ImG_HYmiR0VY/edit#gid=1361333659"",""2026-27!p3"")"),0.0) -> 0 | AF19: =IFERROR(__xludf.DUMMYFUNCTION("importrange(""https://docs.google.com/spreadsheets/d/1WzUdmfnQDNkhWeXGDxfn71m4gjwTEw7ImG_HYmiR0VY/edit#gid=1361333659"",""2026-27!q4"")"),987162.3299999998) -> 987162.33 | AG19: =IFERROR(__xludf.DUMMYFUNCTION("importrange(""https://docs.google.com/spreadsheets/d/1WzUdmfnQDNkhWeXGDxfn71m4gjwTEw7ImG_HYmiR0VY/edit#gid=1361333659"",""2026-27!q3"")"),23.0) -> 23 | AH19: =IFERROR((AI19/AD19),"") | AI19: =IFERROR(__xludf.DUMMYFUNCTION("importrange(""https://docs.google.com/spreadsheets/d/1WzUdmfnQDNkhWeXGDxfn71m4gjwTEw7ImG_HYmiR0VY/edit#gid=1361333659"",""2026-27!r4"")"),0.0) -> 0 | AJ19: =IFERROR(__xludf.DUMMYFUNCTION("importrange(""https://docs.google.com/spreadsheets/d/1WzUdmfnQDNkhWeXGDxfn71m4gjwTEw7ImG_HYmiR0VY/edit#gid=1361333659"",""2026-27!r3"")"),0.0) -> 0 | AK19: =IFERROR(__xludf.DUMMYFUNCTION("importrange(""https://docs.google.com/spreadsheets/d/1WzUdmfnQDNkhWeXGDxfn71m4gjwTEw7ImG_HYmiR0VY/edit#gid=1361333659"",""2026-27!s4"")"),0.0) -> 0 | AL19: =IFERROR(__xludf.DUMMYFUNCTION("importrange(""https://docs.google.com/spreadsheets/d/1WzUdmfnQDNkhWeXGDxfn71m4gjwTEw7ImG_HYmiR0VY/edit#gid=1361333659"",""2026-27!s3"")"),0.0) -> 0 | AM19: =IFERROR(__xludf.DUMMYFUNCTION("importrange(""https://docs.google.com/spreadsheets/d/1WzUdmfnQDNkhWeXGDxfn71m4gjwTEw7ImG_HYmiR0VY/edit#gid=1361333659"",""2026-27!t4"")"),0.0) -> 0 | AN19: =IFERROR(__xludf.DUMMYFUNCTION("importrange(""https://docs.google.com/spreadsheets/d/1WzUdmfnQDNkhWeXGDxfn71m4gjwTEw7ImG_HYmiR0VY/edit#gid=1361333659"",""2026-27!t3"")"),0.0) -> 0 | AO19: =IFERROR((AP19/AK19),"") | AP19: =IFERROR(__xludf.DUMMYFUNCTION("importrange(""https://docs.google.com/spreadsheets/d/1WzUdmfnQDNkhWeXGDxfn71m4gjwTEw7ImG_HYmiR0VY/edit#gid=1361333659"",""2026-27!u4"")"),0.0) -> 0 | AQ19: =IFERROR(__xludf.DUMMYFUNCTION("importrange(""https://docs.google.com/spreadsheets/d/1WzUdmfnQDNkhWeXGDxfn71m4gjwTEw7ImG_HYmiR0VY/edit#gid=1361333659"",""2026-27!u3"")"),0.0) -> 0 | AR19: =IFERROR(__xludf.DUMMYFUNCTION("importrange(""https://docs.google.com/spreadsheets/d/1WzUdmfnQDNkhWeXGDxfn71m4gjwTEw7ImG_HYmiR0VY/edit#gid=1361333659"",""2026-27!v4"")"),0.0) -> 0 | AS19: =IFERROR(__xludf.DUMMYFUNCTION("importrange(""https://docs.google.com/spreadsheets/d/1WzUdmfnQDNkhWeXGDxfn71m4gjwTEw7ImG_HYmiR0VY/edit#gid=1361333659"",""2026-27!v3"")"),0.0) -> 0 | AT19: =IFERROR(__xludf.DUMMYFUNCTION("importrange(""https://docs.google.com/spreadsheets/d/1WzUdmfnQDNkhWeXGDxfn71m4gjwTEw7ImG_HYmiR0VY/edit#gid=1361333659"",""2026-27!w4"")"),0.0) -> 0 | AU19: =IFERROR(__xludf.DUMMYFUNCTION("importrange(""https://docs.google.com/spreadsheets/d/1WzUdmfnQDNkhWeXGDxfn71m4gjwTEw7ImG_HYmiR0VY/edit#gid=1361333659"",""2026-27!w3"")"),0.0) -> 0 | AV19: =IFERROR((AW19/AR19),"") | AW19: =IFERROR(__xludf.DUMMYFUNCTION("importrange(""https://docs.google.com/spreadsheets/d/1WzUdmfnQDNkhWeXGDxfn71m4gjwTEw7ImG_HYmiR0VY/edit#gid=1361333659"",""2026-27!x4"")"),0.0) -> 0 | AX19: =IFERROR(__xludf.DUMMYFUNCTION("importrange(""https://docs.google.com/spreadsheets/d/1WzUdmfnQDNkhWeXGDxfn71m4gjwTEw7ImG_HYmiR0VY/edit#gid=1361333659"",""2026-27!x3"")"),0.0) -> 0 | AY19: =IFERROR(__xludf.DUMMYFUNCTION("importrange(""https://docs.google.com/spreadsheets/d/1WzUdmfnQDNkhWeXGDxfn71m4gjwTEw7ImG_HYmiR0VY/edit#gid=1361333659"",""2026-27!y4"")"),0.0) -> 0 | AZ19: =IFERROR(__xludf.DUMMYFUNCTION("importrange(""https://docs.google.com/spreadsheets/d/1WzUdmfnQDNkhWeXGDxfn71m4gjwTEw7ImG_HYmiR0VY/edit#gid=1361333659"",""2026-27!y3"")"),0.0) -> 0 | BA19: =IFERROR(__xludf.DUMMYFUNCTION("importrange(""https://docs.google.com/spreadsheets/d/1WzUdmfnQDNkhWeXGDxfn71m4gjwTEw7ImG_HYmiR0VY/edit#gid=1361333659"",""2026-27!z4"")"),0.0) -> 0 | BB19: =IFERROR(__xludf.DUMMYFUNCTION("importrange(""https://docs.google.com/spreadsheets/d/1WzUdmfnQDNkhWeXGDxfn71m4gjwTEw7ImG_HYmiR0VY/edit#gid=1361333659"",""2026-27!z3"")"),0.0) -> 0 | BC19: =IFERROR((BD19/AY19),"") | BD19: =IFERROR(__xludf.DUMMYFUNCTION("importrange(""https://docs.google.com/spreadsheets/d/1WzUdmfnQDNkhWeXGDxfn71m4gjwTEw7ImG_HYmiR0VY/edit#gid=1361333659"",""2026-27!aa4"")"),0.0) -> 0 | BE19: =IFERROR(__xludf.DUMMYFUNCTION("importrange(""https://docs.google.com/spreadsheets/d/1WzUdmfnQDNkhWeXGDxfn71m4gjwTEw7ImG_HYmiR0VY/edit#gid=1361333659"",""2026-27!aa3"")"),0.0) -> 0 | BF19: =IFERROR(__xludf.DUMMYFUNCTION("importrange(""https://docs.google.com/spreadsheets/d/1WzUdmfnQDNkhWeXGDxfn71m4gjwTEw7ImG_HYmiR0VY/edit#gid=1361333659"",""2026-27!ab4"")"),0.0) -> 0 | BG19: =IFERROR(__xludf.DUMMYFUNCTION("importrange(""https://docs.google.com/spreadsheets/d/1WzUdmfnQDNkhWeXGDxfn71m4gjwTEw7ImG_HYmiR0VY/edit#gid=1361333659"",""2026-27!ab3"")"),0.0) -> 0 | BH19: =IFERROR(__xludf.DUMMYFUNCTION("importrange(""https://docs.google.com/spreadsheets/d/1WzUdmfnQDNkhWeXGDxfn71m4gjwTEw7ImG_HYmiR0VY/edit#gid=1361333659"",""2026-27!ac4"")"),0.0) -> 0 | BI19: =IFERROR(__xludf.DUMMYFUNCTION("importrange(""https://docs.google.com/spreadsheets/d/1WzUdmfnQDNkhWeXGDxfn71m4gjwTEw7ImG_HYmiR0VY/edit#gid=1361333659"",""2026-27!ac3"")"),0.0) -> 0 | BJ19: =IFERROR((BK19/BF19),"") | BK19: =IFERROR(__xludf.DUMMYFUNCTION("importrange(""https://docs.google.com/spreadsheets/d/1WzUdmfnQDNkhWeXGDxfn71m4gjwTEw7ImG_HYmiR0VY/edit#gid=1361333659"",""2026-27!ad4"")"),0.0) -> 0 | BL19: =IFERROR(__xludf.DUMMYFUNCTION("importrange(""https://docs.google.com/spreadsheets/d/1WzUdmfnQDNkhWeXGDxfn71m4gjwTEw7ImG_HYmiR0VY/edit#gid=1361333659"",""2026-27!ad3"")"),0.0) -> 0 | BM19: =IFERROR(__xludf.DUMMYFUNCTION("importrange(""https://docs.google.com/spreadsheets/d/1WzUdmfnQDNkhWeXGDxfn71m4gjwTEw7ImG_HYmiR0VY/edit#gid=1361333659"",""2026-27!ae4"")"),0.0) -> 0 | BN19: =IFERROR(__xludf.DUMMYFUNCTION("importrange(""https://docs.google.com/spreadsheets/d/1WzUdmfnQDNkhWeXGDxfn71m4gjwTEw7ImG_HYmiR0VY/edit#gid=1361333659"",""2026-27!ae3"")"),0.0) -> 0 | BO19: =IFERROR(__xludf.DUMMYFUNCTION("importrange(""https://docs.google.com/spreadsheets/d/1WzUdmfnQDNkhWeXGDxfn71m4gjwTEw7ImG_HYmiR0VY/edit#gid=1361333659"",""2026-27!af4"")"),0.0) -> 0 | BP19: =IFERROR(__xludf.DUMMYFUNCTION("importrange(""https://docs.google.com/spreadsheets/d/1WzUdmfnQDNkhWeXGDxfn71m4gjwTEw7ImG_HYmiR0VY/edit#gid=1361333659"",""2026-27!af3"")"),0.0) -> 0 | BQ19: =IFERROR((BR19/BM19),"") | BR19: =IFERROR(__xludf.DUMMYFUNCTION("importrange(""https://docs.google.com/spreadsheets/d/1WzUdmfnQDNkhWeXGDxfn71m4gjwTEw7ImG_HYmiR0VY/edit#gid=1361333659"",""2026-27!ag4"")"),0.0) -> 0 | BS19: =IFERROR(__xludf.DUMMYFUNCTION("importrange(""https://docs.google.com/spreadsheets/d/1WzUdmfnQDNkhWeXGDxfn71m4gjwTEw7ImG_HYmiR0VY/edit#gid=1361333659"",""2026-27!ag3"")"),0.0) -> 0 | BT19: =IFERROR(__xludf.DUMMYFUNCTION("importrange(""https://docs.google.com/spreadsheets/d/1WzUdmfnQDNkhWeXGDxfn71m4gjwTEw7ImG_HYmiR0VY/edit#gid=1361333659"",""2026-27!ah4"")"),0.0) -> 0 | BU19: =IFERROR(__xludf.DUMMYFUNCTION("importrange(""https://docs.google.com/spreadsheets/d/1WzUdmfnQDNkhWeXGDxfn71m4gjwTEw7ImG_HYmiR0VY/edit#gid=1361333659"",""2026-27!ah3"")"),0.0) -> 0 | BV19: =IFERROR(__xludf.DUMMYFUNCTION("importrange(""https://docs.google.com/spreadsheets/d/1WzUdmfnQDNkhWeXGDxfn71m4gjwTEw7ImG_HYmiR0VY/edit#gid=1361333659"",""2026-27!ai4"")"),0.0) -> 0 | BW19: =IFERROR(__xludf.DUMMYFUNCTION("importrange(""https://docs.google.com/spreadsheets/d/1WzUdmfnQDNkhWeXGDxfn71m4gjwTEw7ImG_HYmiR0VY/edit#gid=1361333659"",""2026-27!ai3"")"),0.0) -> 0 | BX19: =IFERROR((BY19/BT19),"") | BY19: =IFERROR(__xludf.DUMMYFUNCTION("importrange(""https://docs.google.com/spreadsheets/d/1WzUdmfnQDNkhWeXGDxfn71m4gjwTEw7ImG_HYmiR0VY/edit#gid=1361333659"",""2026-27!aj4"")"),0.0) -> 0 | BZ19: =IFERROR(__xludf.DUMMYFUNCTION("importrange(""https://docs.google.com/spreadsheets/d/1WzUdmfnQDNkhWeXGDxfn71m4gjwTEw7ImG_HYmiR0VY/edit#gid=1361333659"",""2026-27!aj3"")"),0.0) -> 0 | CA19: =IFERROR(__xludf.DUMMYFUNCTION("importrange(""https://docs.google.com/spreadsheets/d/1WzUdmfnQDNkhWeXGDxfn71m4gjwTEw7ImG_HYmiR0VY/edit#gid=1361333659"",""2026-27!ak4"")"),0.0) -> 0 | CB19: =IFERROR(__xludf.DUMMYFUNCTION("importrange(""https://docs.google.com/spreadsheets/d/1WzUdmfnQDNkhWeXGDxfn71m4gjwTEw7ImG_HYmiR0VY/edit#gid=1361333659"",""2026-27!ak3"")"),0.0) -> 0 | CC19: =IFERROR(__xludf.DUMMYFUNCTION("importrange(""https://docs.google.com/spreadsheets/d/1WzUdmfnQDNkhWeXGDxfn71m4gjwTEw7ImG_HYmiR0VY/edit#gid=1361333659"",""2026-27!al4"")"),0.0) -> 0 | CD19: =IFERROR(__xludf.DUMMYFUNCTION("importrange(""https://docs.google.com/spreadsheets/d/1WzUdmfnQDNkhWeXGDxfn71m4gjwTEw7ImG_HYmiR0VY/edit#gid=1361333659"",""2026-27!ai3"")"),0.0) -> 0 | CE19: =IFERROR((CF19/CA19),"") | CF19: =IFERROR(__xludf.DUMMYFUNCTION("importrange(""https://docs.google.com/spreadsheets/d/1WzUdmfnQDNkhWeXGDxfn71m4gjwTEw7ImG_HYmiR0VY/edit#gid=1361333659"",""2026-27!am4"")"),0.0) -> 0 | CG19: =IFERROR(__xludf.DUMMYFUNCTION("importrange(""https://docs.google.com/spreadsheets/d/1WzUdmfnQDNkhWeXGDxfn71m4gjwTEw7ImG_HYmiR0VY/edit#gid=1361333659"",""2026-27!am3"")"),0.0) -> 0 | CH19: =IFERROR(__xludf.DUMMYFUNCTION("importrange(""https://docs.google.com/spreadsheets/d/1WzUdmfnQDNkhWeXGDxfn71m4gjwTEw7ImG_HYmiR0VY/edit#gid=1361333659"",""2026-27!an4"")"),0.0) -> 0 | CI19: =IFERROR(__xludf.DUMMYFUNCTION("importrange(""https://docs.google.com/spreadsheets/d/1WzUdmfnQDNkhWeXGDxfn71m4gjwTEw7ImG_HYmiR0VY/edit#gid=1361333659"",""2026-27!an3"")"),0.0) -> 0 | CJ19: =IFERROR(__xludf.DUMMYFUNCTION("importrange(""https://docs.google.com/spreadsheets/d/1WzUdmfnQDNkhWeXGDxfn71m4gjwTEw7ImG_HYmiR0VY/edit#gid=1361333659"",""2026-27!ao4"")"),0.0) -> 0 | CK19: =IFERROR(__xludf.DUMMYFUNCTION("importrange(""https://docs.google.com/spreadsheets/d/1WzUdmfnQDNkhWeXGDxfn71m4gjwTEw7ImG_HYmiR0VY/edit#gid=1361333659"",""2026-27!ao3"")"),0.0) -> 0 | CL19: =IFERROR((CM19/CH19),"") | CM19: =IFERROR(__xludf.DUMMYFUNCTION("importrange(""https://docs.google.com/spreadsheets/d/1WzUdmfnQDNkhWeXGDxfn71m4gjwTEw7ImG_HYmiR0VY/edit#gid=1361333659"",""2026-27!ap4"")"),0.0) -> 0 | CN19: =IFERROR(__xludf.DUMMYFUNCTION("importrange(""https://docs.google.com/spreadsheets/d/1WzUdmfnQDNkhWeXGDxfn71m4gjwTEw7ImG_HYmiR0VY/edit#gid=1361333659"",""2026-27!ap3"")"),0.0) -> 0 | CO19: =IFERROR(__xludf.DUMMYFUNCTION("importrange(""https://docs.google.com/spreadsheets/d/1WzUdmfnQDNkhWeXGDxfn71m4gjwTEw7ImG_HYmiR0VY/edit#gid=1361333659"",""2026-27!aq4"")"),0.0) -> 0 | CP19: =IFERROR(__xludf.DUMMYFUNCTION("importrange(""https://docs.google.com/spreadsheets/d/1WzUdmfnQDNkhWeXGDxfn71m4gjwTEw7ImG_HYmiR0VY/edit#gid=1361333659"",""2026-27!aq3"")"),0.0) -> 0 | CQ19: =IFERROR(__xludf.DUMMYFUNCTION("importrange(""https://docs.google.com/spreadsheets/d/1WzUdmfnQDNkhWeXGDxfn71m4gjwTEw7ImG_HYmiR0VY/edit#gid=1361333659"",""2026-27!ar4"")"),0.0) -> 0 | CR19: =IFERROR(__xludf.DUMMYFUNCTION("importrange(""https://docs.google.com/spreadsheets/d/1WzUdmfnQDNkhWeXGDxfn71m4gjwTEw7ImG_HYmiR0VY/edit#gid=1361333659"",""2026-27!ar3"")"),0.0) -> 0 | CS19: =IFERROR((CT19/CO19),"") | CT19: =IFERROR(__xludf.DUMMYFUNCTION("importrange(""https://docs.google.com/spreadsheets/d/1WzUdmfnQDNkhWeXGDxfn71m4gjwTEw7ImG_HYmiR0VY/edit#gid=1361333659"",""2026-27!as4"")"),0.0) -> 0 | CU19: =IFERROR(__xludf.DUMMYFUNCTION("importrange(""https://docs.google.com/spreadsheets/d/1WzUdmfnQDNkhWeXGDxfn71m4gjwTEw7ImG_HYmiR0VY/edit#gid=1361333659"",""2026-27!as3"")"),0.0) -> 0
A20: Pawan Sharma | C20: Kanhaiya Lal Salvi | D20: Chittorgarh | E20: 8432805343 | F20: 45518 | I20: 23570 | J20: 800000 | K20: =IFERROR(__xludf.DUMMYFUNCTION("IMPORTRANGE(""https://docs.google.com/spreadsheets/d/1zbKpAkjR5pwXNP3vlQNzKnZWdUfQd6EtmpoFtLBYJoY/edit?gid=1824619316#gid=1824619316"",""2026-27!A3"")"),87.0) -> 87 | L20: =IFERROR(__xludf.DUMMYFUNCTION("IMPORTRANGE(""https://docs.google.com/spreadsheets/d/1zbKpAkjR5pwXNP3vlQNzKnZWdUfQd6EtmpoFtLBYJoY/edit?gid=1824619316#gid=1824619316"",""2026-27!G4"")"),1784000.0) -> 1784000 | M20: =R20+Y20+AF20+AM20+AT20+BA20+BH20+BO20+BV20+CC20+CJ20+CQ20 -> 669564.16 | N20: =iferror(O20/L20,"") -> 0.14050112 | O20: =SUM(U20,AB20,AI20,AP20,AW20,BD20,BK20,BR20,BY20,CF20,CM20,CT20) -> 250654 | P20: =IFERROR(__xludf.DUMMYFUNCTION("IMPORTRANGE(""https://docs.google.com/spreadsheets/d/1zbKpAkjR5pwXNP3vlQNzKnZWdUfQd6EtmpoFtLBYJoY/edit?gid=1824619316#gid=1824619316"",""2026-27!J4"")"),0.0) -> 0 | Q20: =IFERROR(__xludf.DUMMYFUNCTION("IMPORTRANGE(""https://docs.google.com/spreadsheets/d/1zbKpAkjR5pwXNP3vlQNzKnZWdUfQd6EtmpoFtLBYJoY/edit?gid=1824619316#gid=1824619316"",""2026-27!J3"")"),0.0) -> 0 | R20: =IFERROR(__xludf.DUMMYFUNCTION("IMPORTRANGE(""https://docs.google.com/spreadsheets/d/1zbKpAkjR5pwXNP3vlQNzKnZWdUfQd6EtmpoFtLBYJoY/edit?gid=1824619316#gid=1824619316"",""2026-27!K4"")"),121427.20000000001) -> 121427.2 | S20: =IFERROR(__xludf.DUMMYFUNCTION("IMPORTRANGE(""https://docs.google.com/spreadsheets/d/1zbKpAkjR5pwXNP3vlQNzKnZWdUfQd6EtmpoFtLBYJoY/edit?gid=1824619316#gid=1824619316"",""2026-27!K3"")"),8.0) -> 8 | T20: =IFERROR((U20/P20),"") | U20: =IFERROR(__xludf.DUMMYFUNCTION("IMPORTRANGE(""https://docs.google.com/spreadsheets/d/1zbKpAkjR5pwXNP3vlQNzKnZWdUfQd6EtmpoFtLBYJoY/edit?gid=1824619316#gid=1824619316"",""2026-27!L4"")"),59784.0) -> 59784 | V20: =IFERROR(__xludf.DUMMYFUNCTION("IMPORTRANGE(""https://docs.google.com/spreadsheets/d/1zbKpAkjR5pwXNP3vlQNzKnZWdUfQd6EtmpoFtLBYJoY/edit?gid=1824619316#gid=1824619316"",""2026-27!L3"")"),7.0) -> 7 | W20: =IFERROR(__xludf.DUMMYFUNCTION("IMPORTRANGE(""https://docs.google.com/spreadsheets/d/1zbKpAkjR5pwXNP3vlQNzKnZWdUfQd6EtmpoFtLBYJoY/edit?gid=1824619316#gid=1824619316"",""2026-27!M4"")"),0.0) -> 0 | X20: =IFERROR(__xludf.DUMMYFUNCTION("IMPORTRANGE(""https://docs.google.com/spreadsheets/d/1zbKpAkjR5pwXNP3vlQNzKnZWdUfQd6EtmpoFtLBYJoY/edit?gid=1824619316#gid=1824619316"",""2026-27!M3"")"),0.0) -> 0 | Y20: =IFERROR(__xludf.DUMMYFUNCTION("importrange(""https://docs.google.com/spreadsheets/d/1zbKpAkjR5pwXNP3vlQNzKnZWdUfQd6EtmpoFtLBYJoY/edit?gid=1824619316#gid=1824619316"",""2026-27!n4"")"),210457.36) -> 210457.36 | Z20: =IFERROR(__xludf.DUMMYFUNCTION("importrange(""https://docs.google.com/spreadsheets/d/1zbKpAkjR5pwXNP3vlQNzKnZWdUfQd6EtmpoFtLBYJoY/edit?gid=1824619316#gid=1824619316"",""2026-27!n3"")"),16.0) -> 16 | AA20: =IFERROR((AB20/W20),"") | AB20: =IFERROR(__xludf.DUMMYFUNCTION("importrange(""https://docs.google.com/spreadsheets/d/1zbKpAkjR5pwXNP3vlQNzKnZWdUfQd6EtmpoFtLBYJoY/edit?gid=1824619316#gid=1824619316"",""2026-27!o4"")"),190870.0) -> 190870 | AC20: =IFERROR(__xludf.DUMMYFUNCTION("importrange(""https://docs.google.com/spreadsheets/d/1zbKpAkjR5pwXNP3vlQNzKnZWdUfQd6EtmpoFtLBYJoY/edit?gid=1824619316#gid=1824619316"",""2026-27!o3"")"),14.0) -> 14 | AD20: =IFERROR(__xludf.DUMMYFUNCTION("importrange(""https://docs.google.com/spreadsheets/d/1zbKpAkjR5pwXNP3vlQNzKnZWdUfQd6EtmpoFtLBYJoY/edit?gid=1824619316#gid=1824619316"",""2026-27!p4"")"),0.0) -> 0 | AE20: =IFERROR(__xludf.DUMMYFUNCTION("importrange(""https://docs.google.com/spreadsheets/d/1zbKpAkjR5pwXNP3vlQNzKnZWdUfQd6EtmpoFtLBYJoY/edit?gid=1824619316#gid=1824619316"",""2026-27!p3"")"),0.0) -> 0 | AF20: =IFERROR(__xludf.DUMMYFUNCTION("importrange(""https://docs.google.com/spreadsheets/d/1zbKpAkjR5pwXNP3vlQNzKnZWdUfQd6EtmpoFtLBYJoY/edit?gid=1824619316#gid=1824619316"",""2026-27!q4"")"),337679.60000000003) -> 337679.6 | AG20: =IFERROR(__xludf.DUMMYFUNCTION("importrange(""https://docs.google.com/spreadsheets/d/1zbKpAkjR5pwXNP3vlQNzKnZWdUfQd6EtmpoFtLBYJoY/edit?gid=1824619316#gid=1824619316"",""2026-27!q3"")"),18.0) -> 18 | AH20: =IFERROR((AI20/AD20),"") | AI20: =IFERROR(__xludf.DUMMYFUNCTION("importrange(""https://docs.google.com/spreadsheets/d/1zbKpAkjR5pwXNP3vlQNzKnZWdUfQd6EtmpoFtLBYJoY/edit?gid=1824619316#gid=1824619316"",""2026-27!r4"")"),0.0) -> 0 | AJ20: =IFERROR(__xludf.DUMMYFUNCTION("importrange(""https://docs.google.com/spreadsheets/d/1zbKpAkjR5pwXNP3vlQNzKnZWdUfQd6EtmpoFtLBYJoY/edit?gid=1824619316#gid=1824619316"",""2026-27!r3"")"),0.0) -> 0 | AK20: =IFERROR(__xludf.DUMMYFUNCTION("importrange(""https://docs.google.com/spreadsheets/d/1zbKpAkjR5pwXNP3vlQNzKnZWdUfQd6EtmpoFtLBYJoY/edit?gid=1824619316#gid=1824619316"",""2026-27!s4"")"),0.0) -> 0 | AL20: =IFERROR(__xludf.DUMMYFUNCTION("importrange(""https://docs.google.com/spreadsheets/d/1zbKpAkjR5pwXNP3vlQNzKnZWdUfQd6EtmpoFtLBYJoY/edit?gid=1824619316#gid=1824619316"",""2026-27!s3"")"),0.0) -> 0 | AM20: =IFERROR(__xludf.DUMMYFUNCTION("importrange(""https://docs.google.com/spreadsheets/d/1zbKpAkjR5pwXNP3vlQNzKnZWdUfQd6EtmpoFtLBYJoY/edit?gid=1824619316#gid=1824619316"",""2026-27!t4"")"),0.0) -> 0 | AN20: =IFERROR(__xludf.DUMMYFUNCTION("importrange(""https://docs.google.com/spreadsheets/d/1zbKpAkjR5pwXNP3vlQNzKnZWdUfQd6EtmpoFtLBYJoY/edit?gid=1824619316#gid=1824619316"",""2026-27!t3"")"),0.0) -> 0 | AO20: =IFERROR((AP20/AK20),"") | AP20: =IFERROR(__xludf.DUMMYFUNCTION("importrange(""https://docs.google.com/spreadsheets/d/1zbKpAkjR5pwXNP3vlQNzKnZWdUfQd6EtmpoFtLBYJoY/edit?gid=1824619316#gid=1824619316"",""2026-27!u4"")"),0.0) -> 0 | AQ20: =IFERROR(__xludf.DUMMYFUNCTION("importrange(""https://docs.google.com/spreadsheets/d/1zbKpAkjR5pwXNP3vlQNzKnZWdUfQd6EtmpoFtLBYJoY/edit?gid=1824619316#gid=1824619316"",""2026-27!u3"")"),0.0) -> 0 | AR20: =IFERROR(__xludf.DUMMYFUNCTION("importrange(""https://docs.google.com/spreadsheets/d/1zbKpAkjR5pwXNP3vlQNzKnZWdUfQd6EtmpoFtLBYJoY/edit?gid=1824619316#gid=1824619316"",""2026-27!v4"")"),0.0) -> 0 | AS20: =IFERROR(__xludf.DUMMYFUNCTION("importrange(""https://docs.google.com/spreadsheets/d/1zbKpAkjR5pwXNP3vlQNzKnZWdUfQd6EtmpoFtLBYJoY/edit?gid=1824619316#gid=1824619316"",""2026-27!v3"")"),0.0) -> 0 | AT20: =IFERROR(__xludf.DUMMYFUNCTION("importrange(""https://docs.google.com/spreadsheets/d/1zbKpAkjR5pwXNP3vlQNzKnZWdUfQd6EtmpoFtLBYJoY/edit?gid=1824619316#gid=1824619316"",""2026-27!w4"")"),0.0) -> 0 | AU20: =IFERROR(__xludf.DUMMYFUNCTION("importrange(""https://docs.google.com/spreadsheets/d/1zbKpAkjR5pwXNP3vlQNzKnZWdUfQd6EtmpoFtLBYJoY/edit?gid=1824619316#gid=1824619316"",""2026-27!w3"")"),0.0) -> 0 | AV20: =IFERROR((AW20/AR20),"") | AW20: =IFERROR(__xludf.DUMMYFUNCTION("importrange(""https://docs.google.com/spreadsheets/d/1zbKpAkjR5pwXNP3vlQNzKnZWdUfQd6EtmpoFtLBYJoY/edit?gid=1824619316#gid=1824619316"",""2026-27!x4"")"),0.0) -> 0 | AX20: =IFERROR(__xludf.DUMMYFUNCTION("importrange(""https://docs.google.com/spreadsheets/d/1zbKpAkjR5pwXNP3vlQNzKnZWdUfQd6EtmpoFtLBYJoY/edit?gid=1824619316#gid=1824619316"",""2026-27!x3"")"),0.0) -> 0 | AY20: =IFERROR(__xludf.DUMMYFUNCTION("importrange(""https://docs.google.com/spreadsheets/d/1zbKpAkjR5pwXNP3vlQNzKnZWdUfQd6EtmpoFtLBYJoY/edit?gid=1824619316#gid=1824619316"",""2026-27!y4"")"),0.0) -> 0 | AZ20: =IFERROR(__xludf.DUMMYFUNCTION("importrange(""https://docs.google.com/spreadsheets/d/1zbKpAkjR5pwXNP3vlQNzKnZWdUfQd6EtmpoFtLBYJoY/edit?gid=1824619316#gid=1824619316"",""2026-27!y3"")"),0.0) -> 0 | BA20: =IFERROR(__xludf.DUMMYFUNCTION("importrange(""https://docs.google.com/spreadsheets/d/1zbKpAkjR5pwXNP3vlQNzKnZWdUfQd6EtmpoFtLBYJoY/edit?gid=1824619316#gid=1824619316"",""2026-27!z4"")"),0.0) -> 0 | BB20: =IFERROR(__xludf.DUMMYFUNCTION("importrange(""https://docs.google.com/spreadsheets/d/1zbKpAkjR5pwXNP3vlQNzKnZWdUfQd6EtmpoFtLBYJoY/edit?gid=1824619316#gid=1824619316"",""2026-27!z3"")"),0.0) -> 0 | BC20: =IFERROR((BD20/AY20),"") | BD20: =IFERROR(__xludf.DUMMYFUNCTION("importrange(""https://docs.google.com/spreadsheets/d/1zbKpAkjR5pwXNP3vlQNzKnZWdUfQd6EtmpoFtLBYJoY/edit?gid=1824619316#gid=1824619316"",""2026-27!aa4"")"),0.0) -> 0 | BE20: =IFERROR(__xludf.DUMMYFUNCTION("importrange(""https://docs.google.com/spreadsheets/d/1zbKpAkjR5pwXNP3vlQNzKnZWdUfQd6EtmpoFtLBYJoY/edit?gid=1824619316#gid=1824619316"",""2026-27!aa3"")"),0.0) -> 0 | BF20: =IFERROR(__xludf.DUMMYFUNCTION("importrange(""https://docs.google.com/spreadsheets/d/1zbKpAkjR5pwXNP3vlQNzKnZWdUfQd6EtmpoFtLBYJoY/edit?gid=1824619316#gid=1824619316"",""2026-27!ab4"")"),0.0) -> 0 | BG20: =IFERROR(__xludf.DUMMYFUNCTION("importrange(""https://docs.google.com/spreadsheets/d/1zbKpAkjR5pwXNP3vlQNzKnZWdUfQd6EtmpoFtLBYJoY/edit?gid=1824619316#gid=1824619316"",""2026-27!ab3"")"),0.0) -> 0 | BH20: =IFERROR(__xludf.DUMMYFUNCTION("importrange(""https://docs.google.com/spreadsheets/d/1zbKpAkjR5pwXNP3vlQNzKnZWdUfQd6EtmpoFtLBYJoY/edit?gid=1824619316#gid=1824619316"",""2026-27!ac4"")"),0.0) -> 0 | BI20: =IFERROR(__xludf.DUMMYFUNCTION("importrange(""https://docs.google.com/spreadsheets/d/1zbKpAkjR5pwXNP3vlQNzKnZWdUfQd6EtmpoFtLBYJoY/edit?gid=1824619316#gid=1824619316"",""2026-27!ac3"")"),0.0) -> 0 | BJ20: =IFERROR((BK20/BF20),"") | BK20: =IFERROR(__xludf.DUMMYFUNCTION("importrange(""https://docs.google.com/spreadsheets/d/1zbKpAkjR5pwXNP3vlQNzKnZWdUfQd6EtmpoFtLBYJoY/edit?gid=1824619316#gid=1824619316"",""2026-27!ad4"")"),0.0) -> 0 | BL20: =IFERROR(__xludf.DUMMYFUNCTION("importrange(""https://docs.google.com/spreadsheets/d/1zbKpAkjR5pwXNP3vlQNzKnZWdUfQd6EtmpoFtLBYJoY/edit?gid=1824619316#gid=1824619316"",""2026-27!ad3"")"),0.0) -> 0 | BM20: =IFERROR(__xludf.DUMMYFUNCTION("importrange(""https://docs.google.com/spreadsheets/d/1zbKpAkjR5pwXNP3vlQNzKnZWdUfQd6EtmpoFtLBYJoY/edit?gid=1824619316#gid=1824619316"",""2026-27!ae4"")"),0.0) -> 0 | BN20: =IFERROR(__xludf.DUMMYFUNCTION("importrange(""https://docs.google.com/spreadsheets/d/1zbKpAkjR5pwXNP3vlQNzKnZWdUfQd6EtmpoFtLBYJoY/edit?gid=1824619316#gid=1824619316"",""2026-27!ae3"")"),0.0) -> 0 | BO20: =IFERROR(__xludf.DUMMYFUNCTION("importrange(""https://docs.google.com/spreadsheets/d/1zbKpAkjR5pwXNP3vlQNzKnZWdUfQd6EtmpoFtLBYJoY/edit?gid=1824619316#gid=1824619316"",""2026-27!af4"")"),0.0) -> 0 | BP20: =IFERROR(__xludf.DUMMYFUNCTION("importrange(""https://docs.google.com/spreadsheets/d/1zbKpAkjR5pwXNP3vlQNzKnZWdUfQd6EtmpoFtLBYJoY/edit?gid=1824619316#gid=1824619316"",""2026-27!af3"")"),0.0) -> 0 | BQ20: =IFERROR((BR20/BM20),"") | BR20: =IFERROR(__xludf.DUMMYFUNCTION("importrange(""https://docs.google.com/spreadsheets/d/1zbKpAkjR5pwXNP3vlQNzKnZWdUfQd6EtmpoFtLBYJoY/edit?gid=1824619316#gid=1824619316"",""2026-27!ag4"")"),0.0) -> 0 | BS20: =IFERROR(__xludf.DUMMYFUNCTION("importrange(""https://docs.google.com/spreadsheets/d/1zbKpAkjR5pwXNP3vlQNzKnZWdUfQd6EtmpoFtLBYJoY/edit?gid=1824619316#gid=1824619316"",""2026-27!ag3"")"),0.0) -> 0 | BT20: =IFERROR(__xludf.DUMMYFUNCTION("importrange(""https://docs.google.com/spreadsheets/d/1zbKpAkjR5pwXNP3vlQNzKnZWdUfQd6EtmpoFtLBYJoY/edit?gid=1824619316#gid=1824619316"",""2026-27!ah4"")"),0.0) -> 0 | BU20: =IFERROR(__xludf.DUMMYFUNCTION("importrange(""https://docs.google.com/spreadsheets/d/1zbKpAkjR5pwXNP3vlQNzKnZWdUfQd6EtmpoFtLBYJoY/edit?gid=1824619316#gid=1824619316"",""2026-27!ah3"")"),0.0) -> 0 | BV20: =IFERROR(__xludf.DUMMYFUNCTION("importrange(""https://docs.google.com/spreadsheets/d/1zbKpAkjR5pwXNP3vlQNzKnZWdUfQd6EtmpoFtLBYJoY/edit?gid=1824619316#gid=1824619316"",""2026-27!ai4"")"),0.0) -> 0 | BW20: =IFERROR(__xludf.DUMMYFUNCTION("importrange(""https://docs.google.com/spreadsheets/d/1zbKpAkjR5pwXNP3vlQNzKnZWdUfQd6EtmpoFtLBYJoY/edit?gid=1824619316#gid=1824619316"",""2026-27!ai3"")"),0.0) -> 0 | BX20: =IFERROR((BY20/BT20),"") | BY20: =IFERROR(__xludf.DUMMYFUNCTION("importrange(""https://docs.google.com/spreadsheets/d/1zbKpAkjR5pwXNP3vlQNzKnZWdUfQd6EtmpoFtLBYJoY/edit?gid=1824619316#gid=1824619316"",""2026-27!aj4"")"),0.0) -> 0 | BZ20: =IFERROR(__xludf.DUMMYFUNCTION("importrange(""https://docs.google.com/spreadsheets/d/1zbKpAkjR5pwXNP3vlQNzKnZWdUfQd6EtmpoFtLBYJoY/edit?gid=1824619316#gid=1824619316"",""2026-27!aj3"")"),0.0) -> 0 | CA20: =IFERROR(__xludf.DUMMYFUNCTION("importrange(""https://docs.google.com/spreadsheets/d/1zbKpAkjR5pwXNP3vlQNzKnZWdUfQd6EtmpoFtLBYJoY/edit?gid=1824619316#gid=1824619316"",""2026-27!ak4"")"),0.0) -> 0 | CB20: =IFERROR(__xludf.DUMMYFUNCTION("importrange(""https://docs.google.com/spreadsheets/d/1zbKpAkjR5pwXNP3vlQNzKnZWdUfQd6EtmpoFtLBYJoY/edit?gid=1824619316#gid=1824619316"",""2026-27!ak3"")"),0.0) -> 0 | CC20: =IFERROR(__xludf.DUMMYFUNCTION("importrange(""https://docs.google.com/spreadsheets/d/1zbKpAkjR5pwXNP3vlQNzKnZWdUfQd6EtmpoFtLBYJoY/edit?gid=1824619316#gid=1824619316"",""2026-27!al4"")"),0.0) -> 0 | CD20: =IFERROR(__xludf.DUMMYFUNCTION("importrange(""https://docs.google.com/spreadsheets/d/1zbKpAkjR5pwXNP3vlQNzKnZWdUfQd6EtmpoFtLBYJoY/edit?gid=1824619316#gid=1824619316"",""2026-27!ai3"")"),0.0) -> 0 | CE20: =IFERROR((CF20/CA20),"") | CF20: =IFERROR(__xludf.DUMMYFUNCTION("importrange(""https://docs.google.com/spreadsheets/d/1zbKpAkjR5pwXNP3vlQNzKnZWdUfQd6EtmpoFtLBYJoY/edit?gid=1824619316#gid=1824619316"",""2026-27!am4"")"),0.0) -> 0 | CG20: =IFERROR(__xludf.DUMMYFUNCTION("importrange(""https://docs.google.com/spreadsheets/d/1zbKpAkjR5pwXNP3vlQNzKnZWdUfQd6EtmpoFtLBYJoY/edit?gid=1824619316#gid=1824619316"",""2026-27!am3"")"),0.0) -> 0 | CH20: =IFERROR(__xludf.DUMMYFUNCTION("importrange(""https://docs.google.com/spreadsheets/d/1zbKpAkjR5pwXNP3vlQNzKnZWdUfQd6EtmpoFtLBYJoY/edit?gid=1824619316#gid=1824619316"",""2026-27!an4"")"),0.0) -> 0 | CI20: =IFERROR(__xludf.DUMMYFUNCTION("importrange(""https://docs.google.com/spreadsheets/d/1zbKpAkjR5pwXNP3vlQNzKnZWdUfQd6EtmpoFtLBYJoY/edit?gid=1824619316#gid=1824619316"",""2026-27!an3"")"),0.0) -> 0 | CJ20: =IFERROR(__xludf.DUMMYFUNCTION("importrange(""https://docs.google.com/spreadsheets/d/1zbKpAkjR5pwXNP3vlQNzKnZWdUfQd6EtmpoFtLBYJoY/edit?gid=1824619316#gid=1824619316"",""2026-27!ao4"")"),0.0) -> 0 | CK20: =IFERROR(__xludf.DUMMYFUNCTION("importrange(""https://docs.google.com/spreadsheets/d/1zbKpAkjR5pwXNP3vlQNzKnZWdUfQd6EtmpoFtLBYJoY/edit?gid=1824619316#gid=1824619316"",""2026-27!ao3"")"),0.0) -> 0 | CL20: =IFERROR((CM20/CH20),"") | CM20: =IFERROR(__xludf.DUMMYFUNCTION("importrange(""https://docs.google.com/spreadsheets/d/1zbKpAkjR5pwXNP3vlQNzKnZWdUfQd6EtmpoFtLBYJoY/edit?gid=1824619316#gid=1824619316"",""2026-27!ap4"")"),0.0) -> 0 | CN20: =IFERROR(__xludf.DUMMYFUNCTION("importrange(""https://docs.google.com/spreadsheets/d/1zbKpAkjR5pwXNP3vlQNzKnZWdUfQd6EtmpoFtLBYJoY/edit?gid=1824619316#gid=1824619316"",""2026-27!ap3"")"),0.0) -> 0 | CO20: =IFERROR(__xludf.DUMMYFUNCTION("importrange(""https://docs.google.com/spreadsheets/d/1zbKpAkjR5pwXNP3vlQNzKnZWdUfQd6EtmpoFtLBYJoY/edit?gid=1824619316#gid=1824619316"",""2026-27!aq4"")"),0.0) -> 0 | CP20: =IFERROR(__xludf.DUMMYFUNCTION("importrange(""https://docs.google.com/spreadsheets/d/1zbKpAkjR5pwXNP3vlQNzKnZWdUfQd6EtmpoFtLBYJoY/edit?gid=1824619316#gid=1824619316"",""2026-27!aq3"")"),0.0) -> 0 | CQ20: =IFERROR(__xludf.DUMMYFUNCTION("importrange(""https://docs.google.com/spreadsheets/d/1zbKpAkjR5pwXNP3vlQNzKnZWdUfQd6EtmpoFtLBYJoY/edit?gid=1824619316#gid=1824619316"",""2026-27!ar4"")"),0.0) -> 0 | CR20: =IFERROR(__xludf.DUMMYFUNCTION("importrange(""https://docs.google.com/spreadsheets/d/1zbKpAkjR5pwXNP3vlQNzKnZWdUfQd6EtmpoFtLBYJoY/edit?gid=1824619316#gid=1824619316"",""2026-27!ar3"")"),0.0) -> 0 | CS20: =IFERROR((CT20/CO20),"") | CT20: =IFERROR(__xludf.DUMMYFUNCTION("importrange(""https://docs.google.com/spreadsheets/d/1zbKpAkjR5pwXNP3vlQNzKnZWdUfQd6EtmpoFtLBYJoY/edit?gid=1824619316#gid=1824619316"",""2026-27!as4"")"),0.0) -> 0 | CU20: =IFERROR(__xludf.DUMMYFUNCTION("importrange(""https://docs.google.com/spreadsheets/d/1zbKpAkjR5pwXNP3vlQNzKnZWdUfQd6EtmpoFtLBYJoY/edit?gid=1824619316#gid=1824619316"",""2026-27!as3"")"),0.0) -> 0
A21: Pawan Sharma | C21: Gulab SIngh | D21: Karnal | E21: 9068844200 | F21: 45061 | I21: 40590 | J21: 1500000 | K21: =IFERROR(__xludf.DUMMYFUNCTION("IMPORTRANGE(""1ix1-nYckIcOYO0crqDtE6JH1Dxftw4VAGpahfAnYGlk"",""2026-27!A3"")"),90.0) -> 90 | L21: =IFERROR(__xludf.DUMMYFUNCTION("IMPORTRANGE(""1ix1-nYckIcOYO0crqDtE6JH1Dxftw4VAGpahfAnYGlk"",""2026-27!G4"")"),3.244E7) -> 32440000 | M21: =R21+Y21+AF21+AM21+AT21+BA21+BH21+BO21+BV21+CC21+CJ21+CQ21 -> 2959841.2 | N21: =iferror(O21/L21,"") -> 0.096678792 | O21: =U21+AB21+AI21+AP21+AW21+BD21+BK21+BR21+BY21+CF21+CM21+CT21 -> 3136260 | P21: =IFERROR(__xludf.DUMMYFUNCTION("IMPORTRANGE(""1ix1-nYckIcOYO0crqDtE6JH1Dxftw4VAGpahfAnYGlk"",""2026-27!J4"")"),1958322.0) -> 1958322 | Q21: =IFERROR(__xludf.DUMMYFUNCTION("IMPORTRANGE(""1ix1-nYckIcOYO0crqDtE6JH1Dxftw4VAGpahfAnYGlk"",""2026-27!J3"")"),71.0) -> 71 | R21: =IFERROR(__xludf.DUMMYFUNCTION("IMPORTRANGE(""1ix1-nYckIcOYO0crqDtE6JH1Dxftw4VAGpahfAnYGlk"",""2026-27!K4"")"),350676.79999999993) -> 350676.8 | S21: =IFERROR(__xludf.DUMMYFUNCTION("IMPORTRANGE(""1ix1-nYckIcOYO0crqDtE6JH1Dxftw4VAGpahfAnYGlk"",""2026-27!K3"")"),10.0) -> 10 | T21: =IFERROR((U21/P21),"") -> 0.25541816 | U21: =IFERROR(__xludf.DUMMYFUNCTION("IMPORTRANGE(""1ix1-nYckIcOYO0crqDtE6JH1Dxftw4VAGpahfAnYGlk"",""2026-27!L4"")"),500191.0) -> 500191 | V21: =IFERROR(__xludf.DUMMYFUNCTION("IMPORTRANGE(""1ix1-nYckIcOYO0crqDtE6JH1Dxftw4VAGpahfAnYGlk"",""2026-27!L3"")"),13.0) -> 13 | W21: =IFERROR(__xludf.DUMMYFUNCTION("IMPORTRANGE(""1ix1-nYckIcOYO0crqDtE6JH1Dxftw4VAGpahfAnYGlk"",""2026-27!m4"")"),1958322.0) -> 1958322 | X21: =IFERROR(__xludf.DUMMYFUNCTION("IMPORTRANGE(""1ix1-nYckIcOYO0crqDtE6JH1Dxftw4VAGpahfAnYGlk"",""2026-27!m3"")"),71.0) -> 71 | Y21: =IFERROR(__xludf.DUMMYFUNCTION("IMPORTRANGE(""1ix1-nYckIcOYO0crqDtE6JH1Dxftw4VAGpahfAnYGlk"",""2026-27!N4"")"),1322978.6400000001) -> 1322978.6 | Z21: =IFERROR(__xludf.DUMMYFUNCTION("IMPORTRANGE(""1ix1-nYckIcOYO0crqDtE6JH1Dxftw4VAGpahfAnYGlk"",""2026-27!N3"")"),12.0) -> 12 | AA21: =IFERROR((AB21/W21),"") -> 0.69728063 | AB21: =IFERROR(__xludf.DUMMYFUNCTION("IMPORTRANGE(""1ix1-nYckIcOYO0crqDtE6JH1Dxftw4VAGpahfAnYGlk"",""2026-27!O4"")"),1365500.0) -> 1365500 | AC21: =IFERROR(__xludf.DUMMYFUNCTION("IMPORTRANGE(""1ix1-nYckIcOYO0crqDtE6JH1Dxftw4VAGpahfAnYGlk"",""2026-27!O3"")"),12.0) -> 12 | AD21: =IFERROR(__xludf.DUMMYFUNCTION("IMPORTRANGE(""1ix1-nYckIcOYO0crqDtE6JH1Dxftw4VAGpahfAnYGlk"",""2026-27!P4"")"),1958322.0) -> 1958322 | AE21: =IFERROR(__xludf.DUMMYFUNCTION("IMPORTRANGE(""1ix1-nYckIcOYO0crqDtE6JH1Dxftw4VAGpahfAnYGlk"",""2026-27!P3"")"),71.0) -> 71 | AF21: =IFERROR(__xludf.DUMMYFUNCTION("IMPORTRANGE(""1ix1-nYckIcOYO0crqDtE6JH1Dxftw4VAGpahfAnYGlk"",""2026-27!Q4"")"),1286185.75) -> 1286185.8 | AG21: =IFERROR(__xludf.DUMMYFUNCTION("IMPORTRANGE(""1ix1-nYckIcOYO0crqDtE6JH1Dxftw4VAGpahfAnYGlk"",""2026-27!Q3"")"),25.0) -> 25 | AH21: =IFERROR((AI21/AD21),"") -> 0.64880495 | AI21: =IFERROR(__xludf.DUMMYFUNCTION("IMPORTRANGE(""1ix1-nYckIcOYO0crqDtE6JH1Dxftw4VAGpahfAnYGlk"",""2026-27!R4"")"),1270569.0) -> 1270569 | AJ21: =IFERROR(__xludf.DUMMYFUNCTION("IMPORTRANGE(""1ix1-nYckIcOYO0crqDtE6JH1Dxftw4VAGpahfAnYGlk"",""2026-27!R3"")"),24.0) -> 24 | AK21: =IFERROR(__xludf.DUMMYFUNCTION("IMPORTRANGE(""1ix1-nYckIcOYO0crqDtE6JH1Dxftw4VAGpahfAnYGlk"",""2026-27!S4"")"),0.0) -> 0 | AL21: =IFERROR(__xludf.DUMMYFUNCTION("IMPORTRANGE(""1ix1-nYckIcOYO0crqDtE6JH1Dxftw4VAGpahfAnYGlk"",""2026-27!S3"")"),0.0) -> 0 | AM21: =IFERROR(__xludf.DUMMYFUNCTION("IMPORTRANGE(""1ix1-nYckIcOYO0crqDtE6JH1Dxftw4VAGpahfAnYGlk"",""2026-27!T4"")"),0.0) -> 0 | AN21: =IFERROR(__xludf.DUMMYFUNCTION("IMPORTRANGE(""1ix1-nYckIcOYO0crqDtE6JH1Dxftw4VAGpahfAnYGlk"",""2026-27!T3"")"),0.0) -> 0 | AO21: =IFERROR((AP21/AK21),"") | AP21: =IFERROR(__xludf.DUMMYFUNCTION("IMPORTRANGE(""1ix1-nYckIcOYO0crqDtE6JH1Dxftw4VAGpahfAnYGlk"",""2026-27!U4"")"),0.0) -> 0 | AQ21: =IFERROR(__xludf.DUMMYFUNCTION("IMPORTRANGE(""1ix1-nYckIcOYO0crqDtE6JH1Dxftw4VAGpahfAnYGlk"",""2026-27!U3"")"),0.0) -> 0 | AR21: =IFERROR(__xludf.DUMMYFUNCTION("IMPORTRANGE(""1ix1-nYckIcOYO0crqDtE6JH1Dxftw4VAGpahfAnYGlk"",""2026-27!V4"")"),0.0) -> 0 | AS21: =IFERROR(__xludf.DUMMYFUNCTION("IMPORTRANGE(""1ix1-nYckIcOYO0crqDtE6JH1Dxftw4VAGpahfAnYGlk"",""2026-27!V3"")"),0.0) -> 0 | AT21: =IFERROR(__xludf.DUMMYFUNCTION("IMPORTRANGE(""1ix1-nYckIcOYO0crqDtE6JH1Dxftw4VAGpahfAnYGlk"",""2026-27!W4"")"),0.0) -> 0 | AU21: =IFERROR(__xludf.DUMMYFUNCTION("IMPORTRANGE(""1ix1-nYckIcOYO0crqDtE6JH1Dxftw4VAGpahfAnYGlk"",""2026-27!W3"")"),0.0) -> 0 | AV21: =IFERROR((AW21/AR21),"") | AW21: =IFERROR(__xludf.DUMMYFUNCTION("IMPORTRANGE(""1ix1-nYckIcOYO0crqDtE6JH1Dxftw4VAGpahfAnYGlk"",""2026-27!X4"")"),0.0) -> 0 | AX21: =IFERROR(__xludf.DUMMYFUNCTION("IMPORTRANGE(""1ix1-nYckIcOYO0crqDtE6JH1Dxftw4VAGpahfAnYGlk"",""2026-27!X3"")"),0.0) -> 0 | AY21: =IFERROR(__xludf.DUMMYFUNCTION("IMPORTRANGE(""1ix1-nYckIcOYO0crqDtE6JH1Dxftw4VAGpahfAnYGlk"",""2026-27!Y4"")"),0.0) -> 0 | AZ21: =IFERROR(__xludf.DUMMYFUNCTION("IMPORTRANGE(""1ix1-nYckIcOYO0crqDtE6JH1Dxftw4VAGpahfAnYGlk"",""2026-27!Y3"")"),0.0) -> 0 | BA21: =IFERROR(__xludf.DUMMYFUNCTION("IMPORTRANGE(""1ix1-nYckIcOYO0crqDtE6JH1Dxftw4VAGpahfAnYGlk"",""2026-27!Z4"")"),0.0) -> 0 | BB21: =IFERROR(__xludf.DUMMYFUNCTION("IMPORTRANGE(""1ix1-nYckIcOYO0crqDtE6JH1Dxftw4VAGpahfAnYGlk"",""2026-27!Z3"")"),0.0) -> 0 | BC21: =IFERROR((BD21/AY21),"") | BD21: =IFERROR(__xludf.DUMMYFUNCTION("IMPORTRANGE(""1ix1-nYckIcOYO0crqDtE6JH1Dxftw4VAGpahfAnYGlk"",""2026-27!AA4"")"),0.0) -> 0 | BE21: =IFERROR(__xludf.DUMMYFUNCTION("IMPORTRANGE(""1ix1-nYckIcOYO0crqDtE6JH1Dxftw4VAGpahfAnYGlk"",""2026-27!AA3"")"),0.0) -> 0 | BF21: =IFERROR(__xludf.DUMMYFUNCTION("IMPORTRANGE(""1ix1-nYckIcOYO0crqDtE6JH1Dxftw4VAGpahfAnYGlk"",""2026-27!AB4"")"),0.0) -> 0 | BG21: =IFERROR(__xludf.DUMMYFUNCTION("IMPORTRANGE(""1ix1-nYckIcOYO0crqDtE6JH1Dxftw4VAGpahfAnYGlk"",""2026-27!AB3"")"),0.0) -> 0 | BH21: =IFERROR(__xludf.DUMMYFUNCTION("IMPORTRANGE(""1ix1-nYckIcOYO0crqDtE6JH1Dxftw4VAGpahfAnYGlk"",""2026-27!AC4"")"),0.0) -> 0 | BI21: =IFERROR(__xludf.DUMMYFUNCTION("IMPORTRANGE(""1ix1-nYckIcOYO0crqDtE6JH1Dxftw4VAGpahfAnYGlk"",""2026-27!AC3"")"),0.0) -> 0 | BJ21: =IFERROR((BK21/BF21),"") | BK21: =IFERROR(__xludf.DUMMYFUNCTION("IMPORTRANGE(""1ix1-nYckIcOYO0crqDtE6JH1Dxftw4VAGpahfAnYGlk"",""2026-27!AD4"")"),0.0) -> 0 | BL21: =IFERROR(__xludf.DUMMYFUNCTION("IMPORTRANGE(""1ix1-nYckIcOYO0crqDtE6JH1Dxftw4VAGpahfAnYGlk"",""2026-27!AD3"")"),0.0) -> 0 | BM21: =IFERROR(__xludf.DUMMYFUNCTION("IMPORTRANGE(""1ix1-nYckIcOYO0crqDtE6JH1Dxftw4VAGpahfAnYGlk"",""2026-27!AE4"")"),0.0) -> 0 | BN21: =IFERROR(__xludf.DUMMYFUNCTION("IMPORTRANGE(""1ix1-nYckIcOYO0crqDtE6JH1Dxftw4VAGpahfAnYGlk"",""2026-27!AE3"")"),0.0) -> 0 | BO21: =IFERROR(__xludf.DUMMYFUNCTION("IMPORTRANGE(""1ix1-nYckIcOYO0crqDtE6JH1Dxftw4VAGpahfAnYGlk"",""2026-27!AF4"")"),0.0) -> 0 | BP21: =IFERROR(__xludf.DUMMYFUNCTION("IMPORTRANGE(""1ix1-nYckIcOYO0crqDtE6JH1Dxftw4VAGpahfAnYGlk"",""2026-27!AF3"")"),0.0) -> 0 | BQ21: =IFERROR((BR21/BM21),"") | BR21: =IFERROR(__xludf.DUMMYFUNCTION("IMPORTRANGE(""1ix1-nYckIcOYO0crqDtE6JH1Dxftw4VAGpahfAnYGlk"",""2026-27!AG4"")"),0.0) -> 0 | BS21: =IFERROR(__xludf.DUMMYFUNCTION("IMPORTRANGE(""1ix1-nYckIcOYO0crqDtE6JH1Dxftw4VAGpahfAnYGlk"",""2026-27!AG3"")"),0.0) -> 0 | BT21: =IFERROR(__xludf.DUMMYFUNCTION("IMPORTRANGE(""1ix1-nYckIcOYO0crqDtE6JH1Dxftw4VAGpahfAnYGlk"",""2026-27!AH4"")"),0.0) -> 0 | BU21: =IFERROR(__xludf.DUMMYFUNCTION("IMPORTRANGE(""1ix1-nYckIcOYO0crqDtE6JH1Dxftw4VAGpahfAnYGlk"",""2026-27!AH3"")"),0.0) -> 0 | BV21: =IFERROR(__xludf.DUMMYFUNCTION("IMPORTRANGE(""1ix1-nYckIcOYO0crqDtE6JH1Dxftw4VAGpahfAnYGlk"",""2026-27!AI4"")"),0.0) -> 0 | BW21: =IFERROR(__xludf.DUMMYFUNCTION("IMPORTRANGE(""1ix1-nYckIcOYO0crqDtE6JH1Dxftw4VAGpahfAnYGlk"",""2026-27!AI3"")"),0.0) -> 0 | BX21: =IFERROR((BY21/BT21),"") | BY21: =IFERROR(__xludf.DUMMYFUNCTION("IMPORTRANGE(""1ix1-nYckIcOYO0crqDtE6JH1Dxftw4VAGpahfAnYGlk"",""2026-27!AJ4"")"),0.0) -> 0 | BZ21: =IFERROR(__xludf.DUMMYFUNCTION("IMPORTRANGE(""1ix1-nYckIcOYO0crqDtE6JH1Dxftw4VAGpahfAnYGlk"",""2026-27!AJ3"")"),0.0) -> 0 | CA21: =IFERROR(__xludf.DUMMYFUNCTION("IMPORTRANGE(""1ix1-nYckIcOYO0crqDtE6JH1Dxftw4VAGpahfAnYGlk"",""2026-27!AK4"")"),0.0) -> 0 | CB21: =IFERROR(__xludf.DUMMYFUNCTION("IMPORTRANGE(""1ix1-nYckIcOYO0crqDtE6JH1Dxftw4VAGpahfAnYGlk"",""2026-27!AK3"")"),0.0) -> 0 | CC21: =IFERROR(__xludf.DUMMYFUNCTION("IMPORTRANGE(""1ix1-nYckIcOYO0crqDtE6JH1Dxftw4VAGpahfAnYGlk"",""2026-27!AL4"")"),0.0) -> 0 | CD21: =IFERROR(__xludf.DUMMYFUNCTION("IMPORTRANGE(""1ix1-nYckIcOYO0crqDtE6JH1Dxftw4VAGpahfAnYGlk"",""2026-27!AL3"")"),0.0) -> 0 | CE21: =IFERROR((CF21/CA21),"") | CF21: =IFERROR(__xludf.DUMMYFUNCTION("IMPORTRANGE(""1ix1-nYckIcOYO0crqDtE6JH1Dxftw4VAGpahfAnYGlk"",""2026-27!AM4"")"),0.0) -> 0 | CG21: =IFERROR(__xludf.DUMMYFUNCTION("IMPORTRANGE(""1ix1-nYckIcOYO0crqDtE6JH1Dxftw4VAGpahfAnYGlk"",""2026-27!AM3"")"),0.0) -> 0 | CH21: =IFERROR(__xludf.DUMMYFUNCTION("IMPORTRANGE(""1ix1-nYckIcOYO0crqDtE6JH1Dxftw4VAGpahfAnYGlk"",""2026-27!AN4"")"),0.0) -> 0 | CI21: =IFERROR(__xludf.DUMMYFUNCTION("IMPORTRANGE(""1ix1-nYckIcOYO0crqDtE6JH1Dxftw4VAGpahfAnYGlk"",""2026-27!AN3"")"),0.0) -> 0 | CJ21: =IFERROR(__xludf.DUMMYFUNCTION("IMPORTRANGE(""1ix1-nYckIcOYO0crqDtE6JH1Dxftw4VAGpahfAnYGlk"",""2026-27!AO4"")"),0.0) -> 0 | CK21: =IFERROR(__xludf.DUMMYFUNCTION("IMPORTRANGE(""1ix1-nYckIcOYO0crqDtE6JH1Dxftw4VAGpahfAnYGlk"",""2026-27!AO3"")"),0.0) -> 0 | CL21: =IFERROR((CM21/CH21),"") | CM21: =IFERROR(__xludf.DUMMYFUNCTION("IMPORTRANGE(""1ix1-nYckIcOYO0crqDtE6JH1Dxftw4VAGpahfAnYGlk"",""2026-27!AP4"")"),0.0) -> 0 | CN21: =IFERROR(__xludf.DUMMYFUNCTION("IMPORTRANGE(""1ix1-nYckIcOYO0crqDtE6JH1Dxftw4VAGpahfAnYGlk"",""2026-27!AP3"")"),0.0) -> 0 | CO21: =IFERROR(__xludf.DUMMYFUNCTION("IMPORTRANGE(""1ix1-nYckIcOYO0crqDtE6JH1Dxftw4VAGpahfAnYGlk"",""2026-27!AQ4"")"),0.0) -> 0 | CP21: =IFERROR(__xludf.DUMMYFUNCTION("IMPORTRANGE(""1ix1-nYckIcOYO0crqDtE6JH1Dxftw4VAGpahfAnYGlk"",""2026-27!AQ3"")"),0.0) -> 0 | CQ21: =IFERROR(__xludf.DUMMYFUNCTION("IMPORTRANGE(""1ix1-nYckIcOYO0crqDtE6JH1Dxftw4VAGpahfAnYGlk"",""2026-27!AR4"")"),0.0) -> 0 | CR21: =IFERROR(__xludf.DUMMYFUNCTION("IMPORTRANGE(""1ix1-nYckIcOYO0crqDtE6JH1Dxftw4VAGpahfAnYGlk"",""2026-27!AR3"")"),0.0) -> 0 | CS21: =IFERROR((CT21/CO21),"") | CT21: =IFERROR(__xludf.DUMMYFUNCTION("IMPORTRANGE(""1ix1-nYckIcOYO0crqDtE6JH1Dxftw4VAGpahfAnYGlk"",""2026-27!AS4"")"),0.0) -> 0 | CU21: =IFERROR(__xludf.DUMMYFUNCTION("IMPORTRANGE(""1ix1-nYckIcOYO0crqDtE6JH1Dxftw4VAGpahfAnYGlk"",""2026-27!AS3"")"),0.0) -> 0
A22: Pawan Sharma | C22: Vikash Gour | D22: Neemrana | E22: 6378870243 | F22: 45733 | I22: 33550 | J22: 1500000 | K22: =IFERROR(__xludf.DUMMYFUNCTION("IMPORTRANGE(""https://docs.google.com/spreadsheets/d/1LxLvfF01hkJjA82h3lUiStXhCiLi6vZmRH5Kc6hYsVY/edit?gid=162659938#gid=162659938"",""2026-27!A3"")"),92.0) -> 92 | L22: =IFERROR(__xludf.DUMMYFUNCTION("IMPORTRANGE(""https://docs.google.com/spreadsheets/d/1LxLvfF01hkJjA82h3lUiStXhCiLi6vZmRH5Kc6hYsVY/edit?gid=162659938#gid=162659938"",""2026-27!G4"")"),1.23E7) -> 12300000 | M22: =SUM(R22+Y22+AF22+AM22+AT22+BA22+BH22+BO22+BV22+CC22+CJ22+CQ22) -> 2661536.7 | N22: =iferror(O22/L22,"") -> 0.19433398 | O22: =SUM(U22,AB22,AI22,AP22,AW22,BD22,BK22,BR22,BY22,CF22,CM22,CT22) -> 2390308 | P22: =IFERROR(__xludf.DUMMYFUNCTION("IMPORTRANGE(""https://docs.google.com/spreadsheets/d/1LxLvfF01hkJjA82h3lUiStXhCiLi6vZmRH5Kc6hYsVY/edit?gid=162659938#gid=162659938"",""2026-27!J4"")"),1029500.0) -> 1029500 | Q22: =IFERROR(__xludf.DUMMYFUNCTION("IMPORTRANGE(""https://docs.google.com/spreadsheets/d/1LxLvfF01hkJjA82h3lUiStXhCiLi6vZmRH5Kc6hYsVY/edit?gid=162659938#gid=162659938"",""2026-27!J3"")"),84.0) -> 84 | R22: =IFERROR(__xludf.DUMMYFUNCTION("IMPORTRANGE(""https://docs.google.com/spreadsheets/d/1LxLvfF01hkJjA82h3lUiStXhCiLi6vZmRH5Kc6hYsVY/edit?gid=162659938#gid=162659938"",""2026-27!K4"")"),578456.9) -> 578456.9 | S22: =IFERROR(__xludf.DUMMYFUNCTION("IMPORTRANGE(""https://docs.google.com/spreadsheets/d/1LxLvfF01hkJjA82h3lUiStXhCiLi6vZmRH5Kc6hYsVY/edit?gid=162659938#gid=162659938"",""2026-27!K3"")"),9.0) -> 9 | T22: =IFERROR((U22/P22),"") -> 1.0938514 | U22: =IFERROR(__xludf.DUMMYFUNCTION("IMPORTRANGE(""https://docs.google.com/spreadsheets/d/1LxLvfF01hkJjA82h3lUiStXhCiLi6vZmRH5Kc6hYsVY/edit?gid=162659938#gid=162659938"",""2026-27!L4"")"),1126120.0) -> 1126120 | V22: =IFERROR(__xludf.DUMMYFUNCTION("IMPORTRANGE(""https://docs.google.com/spreadsheets/d/1LxLvfF01hkJjA82h3lUiStXhCiLi6vZmRH5Kc6hYsVY/edit?gid=162659938#gid=162659938"",""2026-27!L3"")"),17.0) -> 17 | W22: =IFERROR(__xludf.DUMMYFUNCTION("IMPORTRANGE(""https://docs.google.com/spreadsheets/d/1LxLvfF01hkJjA82h3lUiStXhCiLi6vZmRH5Kc6hYsVY/edit?gid=162659938#gid=162659938"",""2026-27!M4"")"),1024500.0) -> 1024500 | X22: =IFERROR(__xludf.DUMMYFUNCTION("IMPORTRANGE(""https://docs.google.com/spreadsheets/d/1LxLvfF01hkJjA82h3lUiStXhCiLi6vZmRH5Kc6hYsVY/edit?gid=162659938#gid=162659938"",""2026-27!M3"")"),84.0) -> 84 | Y22: =IFERROR(__xludf.DUMMYFUNCTION("importrange(""https://docs.google.com/spreadsheets/d/1LxLvfF01hkJjA82h3lUiStXhCiLi6vZmRH5Kc6hYsVY/edit?gid=162659938#gid=162659938"",""2026-27!n4"")"),658195.9199999999) -> 658195.92 | Z22: =IFERROR(__xludf.DUMMYFUNCTION("importrange(""https://docs.google.com/spreadsheets/d/1LxLvfF01hkJjA82h3lUiStXhCiLi6vZmRH5Kc6hYsVY/edit?gid=162659938#gid=162659938"",""2026-27!n3"")"),15.0) -> 15 | AA22: =IFERROR((AB22/W22),"") -> 1.2339561 | AB22: =IFERROR(__xludf.DUMMYFUNCTION("importrange(""https://docs.google.com/spreadsheets/d/1LxLvfF01hkJjA82h3lUiStXhCiLi6vZmRH5Kc6hYsVY/edit?gid=162659938#gid=162659938"",""2026-27!o4"")"),1264188.0) -> 1264188 | AC22: =IFERROR(__xludf.DUMMYFUNCTION("importrange(""https://docs.google.com/spreadsheets/d/1LxLvfF01hkJjA82h3lUiStXhCiLi6vZmRH5Kc6hYsVY/edit?gid=162659938#gid=162659938"",""2026-27!o3"")"),22.0) -> 22 | AD22: =IFERROR(__xludf.DUMMYFUNCTION("importrange(""https://docs.google.com/spreadsheets/d/1LxLvfF01hkJjA82h3lUiStXhCiLi6vZmRH5Kc6hYsVY/edit?gid=162659938#gid=162659938"",""2026-27!p4"")"),1012500.0) -> 1012500 | AE22: =IFERROR(__xludf.DUMMYFUNCTION("importrange(""https://docs.google.com/spreadsheets/d/1LxLvfF01hkJjA82h3lUiStXhCiLi6vZmRH5Kc6hYsVY/edit?gid=162659938#gid=162659938"",""2026-27!p3"")"),84.0) -> 84 | AF22: =IFERROR(__xludf.DUMMYFUNCTION("importrange(""https://docs.google.com/spreadsheets/d/1LxLvfF01hkJjA82h3lUiStXhCiLi6vZmRH5Kc6hYsVY/edit?gid=162659938#gid=162659938"",""2026-27!q4"")"),1424883.8699999999) -> 1424883.9 | AG22: =IFERROR(__xludf.DUMMYFUNCTION("importrange(""https://docs.google.com/spreadsheets/d/1LxLvfF01hkJjA82h3lUiStXhCiLi6vZmRH5Kc6hYsVY/edit?gid=162659938#gid=162659938"",""2026-27!q3"")"),14.0) -> 14 | AH22: =IFERROR((AI22/AD22),"") -> 0 | AI22: =IFERROR(__xludf.DUMMYFUNCTION("importrange(""https://docs.google.com/spreadsheets/d/1LxLvfF01hkJjA82h3lUiStXhCiLi6vZmRH5Kc6hYsVY/edit?gid=162659938#gid=162659938"",""2026-27!r4"")"),0.0) -> 0 | AJ22: =IFERROR(__xludf.DUMMYFUNCTION("importrange(""https://docs.google.com/spreadsheets/d/1LxLvfF01hkJjA82h3lUiStXhCiLi6vZmRH5Kc6hYsVY/edit?gid=162659938#gid=162659938"",""2026-27!r3"")"),0.0) -> 0 | AK22: =IFERROR(__xludf.DUMMYFUNCTION("importrange(""https://docs.google.com/spreadsheets/d/1LxLvfF01hkJjA82h3lUiStXhCiLi6vZmRH5Kc6hYsVY/edit?gid=162659938#gid=162659938"",""2026-27!s4"")"),1029500.0) -> 1029500 | AL22: =IFERROR(__xludf.DUMMYFUNCTION("importrange(""https://docs.google.com/spreadsheets/d/1LxLvfF01hkJjA82h3lUiStXhCiLi6vZmRH5Kc6hYsVY/edit?gid=162659938#gid=162659938"",""2026-27!s3"")"),84.0) -> 84 | AM22: =IFERROR(__xludf.DUMMYFUNCTION("importrange(""https://docs.google.com/spreadsheets/d/1LxLvfF01hkJjA82h3lUiStXhCiLi6vZmRH5Kc6hYsVY/edit?gid=162659938#gid=162659938"",""2026-27!t4"")"),0.0) -> 0 | AN22: =IFERROR(__xludf.DUMMYFUNCTION("importrange(""https://docs.google.com/spreadsheets/d/1LxLvfF01hkJjA82h3lUiStXhCiLi6vZmRH5Kc6hYsVY/edit?gid=162659938#gid=162659938"",""2026-27!t3"")"),0.0) -> 0 | AO22: =IFERROR((AP22/AK22),"") -> 0 | AP22: =IFERROR(__xludf.DUMMYFUNCTION("importrange(""https://docs.google.com/spreadsheets/d/1LxLvfF01hkJjA82h3lUiStXhCiLi6vZmRH5Kc6hYsVY/edit?gid=162659938#gid=162659938"",""2026-27!u4"")"),0.0) -> 0 | AQ22: =IFERROR(__xludf.DUMMYFUNCTION("importrange(""https://docs.google.com/spreadsheets/d/1LxLvfF01hkJjA82h3lUiStXhCiLi6vZmRH5Kc6hYsVY/edit?gid=162659938#gid=162659938"",""2026-27!u3"")"),0.0) -> 0 | AR22: =IFERROR(__xludf.DUMMYFUNCTION("importrange(""https://docs.google.com/spreadsheets/d/1LxLvfF01hkJjA82h3lUiStXhCiLi6vZmRH5Kc6hYsVY/edit?gid=162659938#gid=162659938"",""2026-27!v4"")"),1024500.0) -> 1024500 | AS22: =IFERROR(__xludf.DUMMYFUNCTION("importrange(""https://docs.google.com/spreadsheets/d/1LxLvfF01hkJjA82h3lUiStXhCiLi6vZmRH5Kc6hYsVY/edit?gid=162659938#gid=162659938"",""2026-27!v3"")"),84.0) -> 84 | AT22: =IFERROR(__xludf.DUMMYFUNCTION("importrange(""https://docs.google.com/spreadsheets/d/1LxLvfF01hkJjA82h3lUiStXhCiLi6vZmRH5Kc6hYsVY/edit?gid=162659938#gid=162659938"",""2026-27!w4"")"),0.0) -> 0 | AU22: =IFERROR(__xludf.DUMMYFUNCTION("importrange(""https://docs.google.com/spreadsheets/d/1LxLvfF01hkJjA82h3lUiStXhCiLi6vZmRH5Kc6hYsVY/edit?gid=162659938#gid=162659938"",""2026-27!w3"")"),0.0) -> 0 | AV22: =IFERROR((AW22/AR22),"") -> 0 | AW22: =IFERROR(__xludf.DUMMYFUNCTION("importrange(""https://docs.google.com/spreadsheets/d/1LxLvfF01hkJjA82h3lUiStXhCiLi6vZmRH5Kc6hYsVY/edit?gid=162659938#gid=162659938"",""2026-27!x4"")"),0.0) -> 0 | AX22: =IFERROR(__xludf.DUMMYFUNCTION("importrange(""https://docs.google.com/spreadsheets/d/1LxLvfF01hkJjA82h3lUiStXhCiLi6vZmRH5Kc6hYsVY/edit?gid=162659938#gid=162659938"",""2026-27!x3"")"),0.0) -> 0 | AY22: =IFERROR(__xludf.DUMMYFUNCTION("importrange(""https://docs.google.com/spreadsheets/d/1LxLvfF01hkJjA82h3lUiStXhCiLi6vZmRH5Kc6hYsVY/edit?gid=162659938#gid=162659938"",""2026-27!y4"")"),1012500.0) -> 1012500 | AZ22: =IFERROR(__xludf.DUMMYFUNCTION("importrange(""https://docs.google.com/spreadsheets/d/1LxLvfF01hkJjA82h3lUiStXhCiLi6vZmRH5Kc6hYsVY/edit?gid=162659938#gid=162659938"",""2026-27!y3"")"),84.0) -> 84 | BA22: =IFERROR(__xludf.DUMMYFUNCTION("importrange(""https://docs.google.com/spreadsheets/d/1LxLvfF01hkJjA82h3lUiStXhCiLi6vZmRH5Kc6hYsVY/edit?gid=162659938#gid=162659938"",""2026-27!z4"")"),0.0) -> 0 | BB22: =IFERROR(__xludf.DUMMYFUNCTION("importrange(""https://docs.google.com/spreadsheets/d/1LxLvfF01hkJjA82h3lUiStXhCiLi6vZmRH5Kc6hYsVY/edit?gid=162659938#gid=162659938"",""2026-27!z3"")"),0.0) -> 0 | BC22: =IFERROR((BD22/AY22),"") -> 0 | BD22: =IFERROR(__xludf.DUMMYFUNCTION("importrange(""https://docs.google.com/spreadsheets/d/1LxLvfF01hkJjA82h3lUiStXhCiLi6vZmRH5Kc6hYsVY/edit?gid=162659938#gid=162659938"",""2026-27!aa4"")"),0.0) -> 0 | BE22: =IFERROR(__xludf.DUMMYFUNCTION("importrange(""https://docs.google.com/spreadsheets/d/1LxLvfF01hkJjA82h3lUiStXhCiLi6vZmRH5Kc6hYsVY/edit?gid=162659938#gid=162659938"",""2026-27!aa3"")"),0.0) -> 0 | BF22: =IFERROR(__xludf.DUMMYFUNCTION("importrange(""https://docs.google.com/spreadsheets/d/1LxLvfF01hkJjA82h3lUiStXhCiLi6vZmRH5Kc6hYsVY/edit?gid=162659938#gid=162659938"",""2026-27!ab4"")"),1029500.0) -> 1029500 | BG22: =IFERROR(__xludf.DUMMYFUNCTION("importrange(""https://docs.google.com/spreadsheets/d/1LxLvfF01hkJjA82h3lUiStXhCiLi6vZmRH5Kc6hYsVY/edit?gid=162659938#gid=162659938"",""2026-27!ab3"")"),84.0) -> 84 | BH22: =IFERROR(__xludf.DUMMYFUNCTION("importrange(""https://docs.google.com/spreadsheets/d/1LxLvfF01hkJjA82h3lUiStXhCiLi6vZmRH5Kc6hYsVY/edit?gid=162659938#gid=162659938"",""2026-27!ac4"")"),0.0) -> 0 | BI22: =IFERROR(__xludf.DUMMYFUNCTION("importrange(""https://docs.google.com/spreadsheets/d/1LxLvfF01hkJjA82h3lUiStXhCiLi6vZmRH5Kc6hYsVY/edit?gid=162659938#gid=162659938"",""2026-27!ac3"")"),0.0) -> 0 | BJ22: =IFERROR((BK22/BF22),"") -> 0 | BK22: =IFERROR(__xludf.DUMMYFUNCTION("importrange(""https://docs.google.com/spreadsheets/d/1LxLvfF01hkJjA82h3lUiStXhCiLi6vZmRH5Kc6hYsVY/edit?gid=162659938#gid=162659938"",""2026-27!ad4"")"),0.0) -> 0 | BL22: =IFERROR(__xludf.DUMMYFUNCTION("importrange(""https://docs.google.com/spreadsheets/d/1LxLvfF01hkJjA82h3lUiStXhCiLi6vZmRH5Kc6hYsVY/edit?gid=162659938#gid=162659938"",""2026-27!ad3"")"),0.0) -> 0 | BM22: =IFERROR(__xludf.DUMMYFUNCTION("importrange(""https://docs.google.com/spreadsheets/d/1LxLvfF01hkJjA82h3lUiStXhCiLi6vZmRH5Kc6hYsVY/edit?gid=162659938#gid=162659938"",""2026-27!ae4"")"),1024500.0) -> 1024500 | BN22: =IFERROR(__xludf.DUMMYFUNCTION("importrange(""https://docs.google.com/spreadsheets/d/1LxLvfF01hkJjA82h3lUiStXhCiLi6vZmRH5Kc6hYsVY/edit?gid=162659938#gid=162659938"",""2026-27!ae3"")"),84.0) -> 84 | BO22: =IFERROR(__xludf.DUMMYFUNCTION("importrange(""https://docs.google.com/spreadsheets/d/1LxLvfF01hkJjA82h3lUiStXhCiLi6vZmRH5Kc6hYsVY/edit?gid=162659938#gid=162659938"",""2026-27!af4"")"),0.0) -> 0 | BP22: =IFERROR(__xludf.DUMMYFUNCTION("importrange(""https://docs.google.com/spreadsheets/d/1LxLvfF01hkJjA82h3lUiStXhCiLi6vZmRH5Kc6hYsVY/edit?gid=162659938#gid=162659938"",""2026-27!af3"")"),0.0) -> 0 | BQ22: =IFERROR((BR22/BM22),"") -> 0 | BR22: =IFERROR(__xludf.DUMMYFUNCTION("importrange(""https://docs.google.com/spreadsheets/d/1LxLvfF01hkJjA82h3lUiStXhCiLi6vZmRH5Kc6hYsVY/edit?gid=162659938#gid=162659938"",""2026-27!ag4"")"),0.0) -> 0 | BS22: =IFERROR(__xludf.DUMMYFUNCTION("importrange(""https://docs.google.com/spreadsheets/d/1LxLvfF01hkJjA82h3lUiStXhCiLi6vZmRH5Kc6hYsVY/edit?gid=162659938#gid=162659938"",""2026-27!ag3"")"),0.0) -> 0 | BT22: =IFERROR(__xludf.DUMMYFUNCTION("importrange(""https://docs.google.com/spreadsheets/d/1LxLvfF01hkJjA82h3lUiStXhCiLi6vZmRH5Kc6hYsVY/edit?gid=162659938#gid=162659938"",""2026-27!ah4"")"),1012500.0) -> 1012500 | BU22: =IFERROR(__xludf.DUMMYFUNCTION("importrange(""https://docs.google.com/spreadsheets/d/1LxLvfF01hkJjA82h3lUiStXhCiLi6vZmRH5Kc6hYsVY/edit?gid=162659938#gid=162659938"",""2026-27!ah3"")"),84.0) -> 84 | BV22: =IFERROR(__xludf.DUMMYFUNCTION("importrange(""https://docs.google.com/spreadsheets/d/1LxLvfF01hkJjA82h3lUiStXhCiLi6vZmRH5Kc6hYsVY/edit?gid=162659938#gid=162659938"",""2026-27!ai4"")"),0.0) -> 0 | BW22: =IFERROR(__xludf.DUMMYFUNCTION("importrange(""https://docs.google.com/spreadsheets/d/1LxLvfF01hkJjA82h3lUiStXhCiLi6vZmRH5Kc6hYsVY/edit?gid=162659938#gid=162659938"",""2026-27!ai3"")"),0.0) -> 0 | BX22: =IFERROR((BY22/BT22),"") -> 0 | BY22: =IFERROR(__xludf.DUMMYFUNCTION("importrange(""https://docs.google.com/spreadsheets/d/1LxLvfF01hkJjA82h3lUiStXhCiLi6vZmRH5Kc6hYsVY/edit?gid=162659938#gid=162659938"",""2026-27!aj4"")"),0.0) -> 0 | BZ22: =IFERROR(__xludf.DUMMYFUNCTION("importrange(""https://docs.google.com/spreadsheets/d/1LxLvfF01hkJjA82h3lUiStXhCiLi6vZmRH5Kc6hYsVY/edit?gid=162659938#gid=162659938"",""2026-27!aj3"")"),0.0) -> 0 | CA22: =IFERROR(__xludf.DUMMYFUNCTION("importrange(""https://docs.google.com/spreadsheets/d/1LxLvfF01hkJjA82h3lUiStXhCiLi6vZmRH5Kc6hYsVY/edit?gid=162659938#gid=162659938"",""2026-27!ak4"")"),1029500.0) -> 1029500 | CB22: =IFERROR(__xludf.DUMMYFUNCTION("importrange(""https://docs.google.com/spreadsheets/d/1LxLvfF01hkJjA82h3lUiStXhCiLi6vZmRH5Kc6hYsVY/edit?gid=162659938#gid=162659938"",""2026-27!ak3"")"),84.0) -> 84 | CC22: =IFERROR(__xludf.DUMMYFUNCTION("importrange(""https://docs.google.com/spreadsheets/d/1LxLvfF01hkJjA82h3lUiStXhCiLi6vZmRH5Kc6hYsVY/edit?gid=162659938#gid=162659938"",""2026-27!al4"")"),0.0) -> 0 | CD22: =IFERROR(__xludf.DUMMYFUNCTION("importrange(""https://docs.google.com/spreadsheets/d/1LxLvfF01hkJjA82h3lUiStXhCiLi6vZmRH5Kc6hYsVY/edit?gid=162659938#gid=162659938"",""2026-27!ai3"")"),0.0) -> 0 | CE22: =IFERROR((CF22/CA22),"") -> 0 | CF22: =IFERROR(__xludf.DUMMYFUNCTION("importrange(""https://docs.google.com/spreadsheets/d/1LxLvfF01hkJjA82h3lUiStXhCiLi6vZmRH5Kc6hYsVY/edit?gid=162659938#gid=162659938"",""2026-27!am4"")"),0.0) -> 0 | CG22: =IFERROR(__xludf.DUMMYFUNCTION("importrange(""https://docs.google.com/spreadsheets/d/1LxLvfF01hkJjA82h3lUiStXhCiLi6vZmRH5Kc6hYsVY/edit?gid=162659938#gid=162659938"",""2026-27!am3"")"),0.0) -> 0 | CH22: =IFERROR(__xludf.DUMMYFUNCTION("importrange(""https://docs.google.com/spreadsheets/d/1LxLvfF01hkJjA82h3lUiStXhCiLi6vZmRH5Kc6hYsVY/edit?gid=162659938#gid=162659938"",""2026-27!an4"")"),1024500.0) -> 1024500 | CI22: =IFERROR(__xludf.DUMMYFUNCTION("importrange(""https://docs.google.com/spreadsheets/d/1LxLvfF01hkJjA82h3lUiStXhCiLi6vZmRH5Kc6hYsVY/edit?gid=162659938#gid=162659938"",""2026-27!an3"")"),84.0) -> 84 | CJ22: =IFERROR(__xludf.DUMMYFUNCTION("importrange(""https://docs.google.com/spreadsheets/d/1LxLvfF01hkJjA82h3lUiStXhCiLi6vZmRH5Kc6hYsVY/edit?gid=162659938#gid=162659938"",""2026-27!ao4"")"),0.0) -> 0 | CK22: =IFERROR(__xludf.DUMMYFUNCTION("importrange(""https://docs.google.com/spreadsheets/d/1LxLvfF01hkJjA82h3lUiStXhCiLi6vZmRH5Kc6hYsVY/edit?gid=162659938#gid=162659938"",""2026-27!ao3"")"),0.0) -> 0 | CL22: =IFERROR((CM22/CH22),"") -> 0 | CM22: =IFERROR(__xludf.DUMMYFUNCTION("importrange(""https://docs.google.com/spreadsheets/d/1LxLvfF01hkJjA82h3lUiStXhCiLi6vZmRH5Kc6hYsVY/edit?gid=162659938#gid=162659938"",""2026-27!ap4"")"),0.0) -> 0 | CN22: =IFERROR(__xludf.DUMMYFUNCTION("importrange(""https://docs.google.com/spreadsheets/d/1LxLvfF01hkJjA82h3lUiStXhCiLi6vZmRH5Kc6hYsVY/edit?gid=162659938#gid=162659938"",""2026-27!ap3"")"),0.0) -> 0 | CO22: =IFERROR(__xludf.DUMMYFUNCTION("importrange(""https://docs.google.com/spreadsheets/d/1LxLvfF01hkJjA82h3lUiStXhCiLi6vZmRH5Kc6hYsVY/edit?gid=162659938#gid=162659938"",""2026-27!aq4"")"),1012500.0) -> 1012500 | CP22: =IFERROR(__xludf.DUMMYFUNCTION("importrange(""https://docs.google.com/spreadsheets/d/1LxLvfF01hkJjA82h3lUiStXhCiLi6vZmRH5Kc6hYsVY/edit?gid=162659938#gid=162659938"",""2026-27!aq3"")"),84.0) -> 84 | CQ22: =IFERROR(__xludf.DUMMYFUNCTION("importrange(""https://docs.google.com/spreadsheets/d/1LxLvfF01hkJjA82h3lUiStXhCiLi6vZmRH5Kc6hYsVY/edit?gid=162659938#gid=162659938"",""2026-27!ar4"")"),0.0) -> 0 | CR22: =IFERROR(__xludf.DUMMYFUNCTION("importrange(""https://docs.google.com/spreadsheets/d/1LxLvfF01hkJjA82h3lUiStXhCiLi6vZmRH5Kc6hYsVY/edit?gid=162659938#gid=162659938"",""2026-27!ar3"")"),0.0) -> 0 | CS22: =IFERROR((CT22/CO22),"") -> 0 | CT22: =IFERROR(__xludf.DUMMYFUNCTION("importrange(""https://docs.google.com/spreadsheets/d/1LxLvfF01hkJjA82h3lUiStXhCiLi6vZmRH5Kc6hYsVY/edit?gid=162659938#gid=162659938"",""2026-27!as4"")"),0.0) -> 0 | CU22: =IFERROR(__xludf.DUMMYFUNCTION("importrange(""https://docs.google.com/spreadsheets/d/1LxLvfF01hkJjA82h3lUiStXhCiLi6vZmRH5Kc6hYsVY/edit?gid=162659938#gid=162659938"",""2026-27!as3"")"),0.0) -> 0
A23: Pawan Sharma | C23: Shoykaran Nai | D23: Churu | E23: 9079886609 | F23: 45861 | I23: 24120 | J23: 800000 | K23: =IFERROR(__xludf.DUMMYFUNCTION("IMPORTRANGE(""https://docs.google.com/spreadsheets/d/15DQ8hh_awzBvwln7i3DA9s8321S_hSqWhFiBmw5ANFI/edit?gid=162659938#gid=162659938"",""2026-27!A3"")"),41.0) -> 41 | L23: =IFERROR(__xludf.DUMMYFUNCTION("IMPORTRANGE(""https://docs.google.com/spreadsheets/d/15DQ8hh_awzBvwln7i3DA9s8321S_hSqWhFiBmw5ANFI/edit?gid=162659938#gid=162659938"",""2026-27!G4"")"),5700000.0) -> 5700000 | M23: =SUM(R23+Y23+AF23+AM23+AT23+BA23+BH23+BO23+BV23+CC23+CJ23+CQ23) -> 845658.51 | N23: =iferror(O23/L23,"") -> 0.040139298 | O23: =SUM(U23,AB23,AI23,AP23,AW23,BD23,BK23,BR23,BY23,CF23,CM23,CT23) -> 228794 | P23: =IFERROR(__xludf.DUMMYFUNCTION("IMPORTRANGE(""https://docs.google.com/spreadsheets/d/15DQ8hh_awzBvwln7i3DA9s8321S_hSqWhFiBmw5ANFI/edit?gid=162659938#gid=162659938"",""2026-27!J4"")"),605000.0) -> 605000 | Q23: =IFERROR(__xludf.DUMMYFUNCTION("IMPORTRANGE(""https://docs.google.com/spreadsheets/d/15DQ8hh_awzBvwln7i3DA9s8321S_hSqWhFiBmw5ANFI/edit?gid=162659938#gid=162659938"",""2026-27!J3"")"),38.0) -> 38 | R23: =IFERROR(__xludf.DUMMYFUNCTION("IMPORTRANGE(""https://docs.google.com/spreadsheets/d/15DQ8hh_awzBvwln7i3DA9s8321S_hSqWhFiBmw5ANFI/edit?gid=162659938#gid=162659938"",""2026-27!K4"")"),225883.71999999997) -> 225883.72 | S23: =IFERROR(__xludf.DUMMYFUNCTION("IMPORTRANGE(""https://docs.google.com/spreadsheets/d/15DQ8hh_awzBvwln7i3DA9s8321S_hSqWhFiBmw5ANFI/edit?gid=162659938#gid=162659938"",""2026-27!K3"")"),12.0) -> 12 | T23: =IFERROR((U23/P23),"") -> 0.28117025 | U23: =IFERROR(__xludf.DUMMYFUNCTION("IMPORTRANGE(""https://docs.google.com/spreadsheets/d/15DQ8hh_awzBvwln7i3DA9s8321S_hSqWhFiBmw5ANFI/edit?gid=162659938#gid=162659938"",""2026-27!L4"")"),170108.0) -> 170108 | V23: =IFERROR(__xludf.DUMMYFUNCTION("IMPORTRANGE(""https://docs.google.com/spreadsheets/d/15DQ8hh_awzBvwln7i3DA9s8321S_hSqWhFiBmw5ANFI/edit?gid=162659938#gid=162659938"",""2026-27!L3"")"),10.0) -> 10 | W23: =IFERROR(__xludf.DUMMYFUNCTION("IMPORTRANGE(""https://docs.google.com/spreadsheets/d/15DQ8hh_awzBvwln7i3DA9s8321S_hSqWhFiBmw5ANFI/edit?gid=162659938#gid=162659938"",""2026-27!M4"")"),720000.0) -> 720000 | X23: =IFERROR(__xludf.DUMMYFUNCTION("IMPORTRANGE(""https://docs.google.com/spreadsheets/d/15DQ8hh_awzBvwln7i3DA9s8321S_hSqWhFiBmw5ANFI/edit?gid=162659938#gid=162659938"",""2026-27!M3"")"),38.0) -> 38 | Y23: =IFERROR(__xludf.DUMMYFUNCTION("importrange(""https://docs.google.com/spreadsheets/d/15DQ8hh_awzBvwln7i3DA9s8321S_hSqWhFiBmw5ANFI/edit?gid=162659938#gid=162659938"",""2026-27!n4"")"),389508.67000000004) -> 389508.67 | Z23: =IFERROR(__xludf.DUMMYFUNCTION("importrange(""https://docs.google.com/spreadsheets/d/15DQ8hh_awzBvwln7i3DA9s8321S_hSqWhFiBmw5ANFI/edit?gid=162659938#gid=162659938"",""2026-27!n3"")"),9.0) -> 9 | AA23: =IFERROR((AB23/W23),"") -> 0.081508333 | AB23: =IFERROR(__xludf.DUMMYFUNCTION("importrange(""https://docs.google.com/spreadsheets/d/15DQ8hh_awzBvwln7i3DA9s8321S_hSqWhFiBmw5ANFI/edit?gid=162659938#gid=162659938"",""2026-27!o4"")"),58686.0) -> 58686 | AC23: =IFERROR(__xludf.DUMMYFUNCTION("importrange(""https://docs.google.com/spreadsheets/d/15DQ8hh_awzBvwln7i3DA9s8321S_hSqWhFiBmw5ANFI/edit?gid=162659938#gid=162659938"",""2026-27!o3"")"),4.0) -> 4 | AD23: =IFERROR(__xludf.DUMMYFUNCTION("importrange(""https://docs.google.com/spreadsheets/d/15DQ8hh_awzBvwln7i3DA9s8321S_hSqWhFiBmw5ANFI/edit?gid=162659938#gid=162659938"",""2026-27!p4"")"),0.0) -> 0 | AE23: =IFERROR(__xludf.DUMMYFUNCTION("importrange(""https://docs.google.com/spreadsheets/d/15DQ8hh_awzBvwln7i3DA9s8321S_hSqWhFiBmw5ANFI/edit?gid=162659938#gid=162659938"",""2026-27!p3"")"),0.0) -> 0 | AF23: =IFERROR(__xludf.DUMMYFUNCTION("importrange(""https://docs.google.com/spreadsheets/d/15DQ8hh_awzBvwln7i3DA9s8321S_hSqWhFiBmw5ANFI/edit?gid=162659938#gid=162659938"",""2026-27!q4"")"),230266.12000000002) -> 230266.12 | AG23: =IFERROR(__xludf.DUMMYFUNCTION("importrange(""https://docs.google.com/spreadsheets/d/15DQ8hh_awzBvwln7i3DA9s8321S_hSqWhFiBmw5ANFI/edit?gid=162659938#gid=162659938"",""2026-27!q3"")"),10.0) -> 10 | AH23: =IFERROR((AI23/AD23),"") | AI23: =IFERROR(__xludf.DUMMYFUNCTION("importrange(""https://docs.google.com/spreadsheets/d/15DQ8hh_awzBvwln7i3DA9s8321S_hSqWhFiBmw5ANFI/edit?gid=162659938#gid=162659938"",""2026-27!r4"")"),0.0) -> 0 | AJ23: =IFERROR(__xludf.DUMMYFUNCTION("importrange(""https://docs.google.com/spreadsheets/d/15DQ8hh_awzBvwln7i3DA9s8321S_hSqWhFiBmw5ANFI/edit?gid=162659938#gid=162659938"",""2026-27!r3"")"),0.0) -> 0 | AK23: =IFERROR(__xludf.DUMMYFUNCTION("importrange(""https://docs.google.com/spreadsheets/d/15DQ8hh_awzBvwln7i3DA9s8321S_hSqWhFiBmw5ANFI/edit?gid=162659938#gid=162659938"",""2026-27!s4"")"),0.0) -> 0 | AL23: =IFERROR(__xludf.DUMMYFUNCTION("importrange(""https://docs.google.com/spreadsheets/d/15DQ8hh_awzBvwln7i3DA9s8321S_hSqWhFiBmw5ANFI/edit?gid=162659938#gid=162659938"",""2026-27!s3"")"),0.0) -> 0 | AM23: =IFERROR(__xludf.DUMMYFUNCTION("importrange(""https://docs.google.com/spreadsheets/d/15DQ8hh_awzBvwln7i3DA9s8321S_hSqWhFiBmw5ANFI/edit?gid=162659938#gid=162659938"",""2026-27!t4"")"),0.0) -> 0 | AN23: =IFERROR(__xludf.DUMMYFUNCTION("importrange(""https://docs.google.com/spreadsheets/d/15DQ8hh_awzBvwln7i3DA9s8321S_hSqWhFiBmw5ANFI/edit?gid=162659938#gid=162659938"",""2026-27!t3"")"),0.0) -> 0 | AO23: =IFERROR((AP23/AK23),"") | AP23: =IFERROR(__xludf.DUMMYFUNCTION("importrange(""https://docs.google.com/spreadsheets/d/15DQ8hh_awzBvwln7i3DA9s8321S_hSqWhFiBmw5ANFI/edit?gid=162659938#gid=162659938"",""2026-27!u4"")"),0.0) -> 0 | AQ23: =IFERROR(__xludf.DUMMYFUNCTION("importrange(""https://docs.google.com/spreadsheets/d/15DQ8hh_awzBvwln7i3DA9s8321S_hSqWhFiBmw5ANFI/edit?gid=162659938#gid=162659938"",""2026-27!u3"")"),0.0) -> 0 | AR23: =IFERROR(__xludf.DUMMYFUNCTION("importrange(""https://docs.google.com/spreadsheets/d/15DQ8hh_awzBvwln7i3DA9s8321S_hSqWhFiBmw5ANFI/edit?gid=162659938#gid=162659938"",""2026-27!v4"")"),0.0) -> 0 | AS23: =IFERROR(__xludf.DUMMYFUNCTION("importrange(""https://docs.google.com/spreadsheets/d/15DQ8hh_awzBvwln7i3DA9s8321S_hSqWhFiBmw5ANFI/edit?gid=162659938#gid=162659938"",""2026-27!v3"")"),0.0) -> 0 | AT23: =IFERROR(__xludf.DUMMYFUNCTION("importrange(""https://docs.google.com/spreadsheets/d/15DQ8hh_awzBvwln7i3DA9s8321S_hSqWhFiBmw5ANFI/edit?gid=162659938#gid=162659938"",""2026-27!w4"")"),0.0) -> 0 | AU23: =IFERROR(__xludf.DUMMYFUNCTION("importrange(""https://docs.google.com/spreadsheets/d/15DQ8hh_awzBvwln7i3DA9s8321S_hSqWhFiBmw5ANFI/edit?gid=162659938#gid=162659938"",""2026-27!w3"")"),0.0) -> 0 | AV23: =IFERROR((AW23/AR23),"") | AW23: =IFERROR(__xludf.DUMMYFUNCTION("importrange(""https://docs.google.com/spreadsheets/d/15DQ8hh_awzBvwln7i3DA9s8321S_hSqWhFiBmw5ANFI/edit?gid=162659938#gid=162659938"",""2026-27!x4"")"),0.0) -> 0 | AX23: =IFERROR(__xludf.DUMMYFUNCTION("importrange(""https://docs.google.com/spreadsheets/d/15DQ8hh_awzBvwln7i3DA9s8321S_hSqWhFiBmw5ANFI/edit?gid=162659938#gid=162659938"",""2026-27!x3"")"),0.0) -> 0 | AY23: =IFERROR(__xludf.DUMMYFUNCTION("importrange(""https://docs.google.com/spreadsheets/d/15DQ8hh_awzBvwln7i3DA9s8321S_hSqWhFiBmw5ANFI/edit?gid=162659938#gid=162659938"",""2026-27!y4"")"),0.0) -> 0 | AZ23: =IFERROR(__xludf.DUMMYFUNCTION("importrange(""https://docs.google.com/spreadsheets/d/15DQ8hh_awzBvwln7i3DA9s8321S_hSqWhFiBmw5ANFI/edit?gid=162659938#gid=162659938"",""2026-27!y3"")"),0.0) -> 0 | BA23: =IFERROR(__xludf.DUMMYFUNCTION("importrange(""https://docs.google.com/spreadsheets/d/15DQ8hh_awzBvwln7i3DA9s8321S_hSqWhFiBmw5ANFI/edit?gid=162659938#gid=162659938"",""2026-27!z4"")"),0.0) -> 0 | BB23: =IFERROR(__xludf.DUMMYFUNCTION("importrange(""https://docs.google.com/spreadsheets/d/15DQ8hh_awzBvwln7i3DA9s8321S_hSqWhFiBmw5ANFI/edit?gid=162659938#gid=162659938"",""2026-27!z3"")"),0.0) -> 0 | BC23: =IFERROR((BD23/AY23),"") | BD23: =IFERROR(__xludf.DUMMYFUNCTION("importrange(""https://docs.google.com/spreadsheets/d/15DQ8hh_awzBvwln7i3DA9s8321S_hSqWhFiBmw5ANFI/edit?gid=162659938#gid=162659938"",""2026-27!aa4"")"),0.0) -> 0 | BE23: =IFERROR(__xludf.DUMMYFUNCTION("importrange(""https://docs.google.com/spreadsheets/d/15DQ8hh_awzBvwln7i3DA9s8321S_hSqWhFiBmw5ANFI/edit?gid=162659938#gid=162659938"",""2026-27!aa3"")"),0.0) -> 0 | BF23: =IFERROR(__xludf.DUMMYFUNCTION("importrange(""https://docs.google.com/spreadsheets/d/15DQ8hh_awzBvwln7i3DA9s8321S_hSqWhFiBmw5ANFI/edit?gid=162659938#gid=162659938"",""2026-27!ab4"")"),0.0) -> 0 | BG23: =IFERROR(__xludf.DUMMYFUNCTION("importrange(""https://docs.google.com/spreadsheets/d/15DQ8hh_awzBvwln7i3DA9s8321S_hSqWhFiBmw5ANFI/edit?gid=162659938#gid=162659938"",""2026-27!ab3"")"),0.0) -> 0 | BH23: =IFERROR(__xludf.DUMMYFUNCTION("importrange(""https://docs.google.com/spreadsheets/d/15DQ8hh_awzBvwln7i3DA9s8321S_hSqWhFiBmw5ANFI/edit?gid=162659938#gid=162659938"",""2026-27!ac4"")"),0.0) -> 0 | BI23: =IFERROR(__xludf.DUMMYFUNCTION("importrange(""https://docs.google.com/spreadsheets/d/15DQ8hh_awzBvwln7i3DA9s8321S_hSqWhFiBmw5ANFI/edit?gid=162659938#gid=162659938"",""2026-27!ac3"")"),0.0) -> 0 | BJ23: =IFERROR((BK23/BF23),"") | BK23: =IFERROR(__xludf.DUMMYFUNCTION("importrange(""https://docs.google.com/spreadsheets/d/15DQ8hh_awzBvwln7i3DA9s8321S_hSqWhFiBmw5ANFI/edit?gid=162659938#gid=162659938"",""2026-27!ad4"")"),0.0) -> 0 | BL23: =IFERROR(__xludf.DUMMYFUNCTION("importrange(""https://docs.google.com/spreadsheets/d/15DQ8hh_awzBvwln7i3DA9s8321S_hSqWhFiBmw5ANFI/edit?gid=162659938#gid=162659938"",""2026-27!ad3"")"),0.0) -> 0 | BM23: =IFERROR(__xludf.DUMMYFUNCTION("importrange(""https://docs.google.com/spreadsheets/d/15DQ8hh_awzBvwln7i3DA9s8321S_hSqWhFiBmw5ANFI/edit?gid=162659938#gid=162659938"",""2026-27!ae4"")"),0.0) -> 0 | BN23: =IFERROR(__xludf.DUMMYFUNCTION("importrange(""https://docs.google.com/spreadsheets/d/15DQ8hh_awzBvwln7i3DA9s8321S_hSqWhFiBmw5ANFI/edit?gid=162659938#gid=162659938"",""2026-27!ae3"")"),0.0) -> 0 | BO23: =IFERROR(__xludf.DUMMYFUNCTION("importrange(""https://docs.google.com/spreadsheets/d/15DQ8hh_awzBvwln7i3DA9s8321S_hSqWhFiBmw5ANFI/edit?gid=162659938#gid=162659938"",""2026-27!af4"")"),0.0) -> 0 | BP23: =IFERROR(__xludf.DUMMYFUNCTION("importrange(""https://docs.google.com/spreadsheets/d/15DQ8hh_awzBvwln7i3DA9s8321S_hSqWhFiBmw5ANFI/edit?gid=162659938#gid=162659938"",""2026-27!af3"")"),0.0) -> 0 | BQ23: =IFERROR((BR23/BM23),"") | BR23: =IFERROR(__xludf.DUMMYFUNCTION("importrange(""https://docs.google.com/spreadsheets/d/15DQ8hh_awzBvwln7i3DA9s8321S_hSqWhFiBmw5ANFI/edit?gid=162659938#gid=162659938"",""2026-27!ag4"")"),0.0) -> 0 | BS23: =IFERROR(__xludf.DUMMYFUNCTION("importrange(""https://docs.google.com/spreadsheets/d/15DQ8hh_awzBvwln7i3DA9s8321S_hSqWhFiBmw5ANFI/edit?gid=162659938#gid=162659938"",""2026-27!ag3"")"),0.0) -> 0 | BT23: =IFERROR(__xludf.DUMMYFUNCTION("importrange(""https://docs.google.com/spreadsheets/d/15DQ8hh_awzBvwln7i3DA9s8321S_hSqWhFiBmw5ANFI/edit?gid=162659938#gid=162659938"",""2026-27!ah4"")"),0.0) -> 0 | BU23: =IFERROR(__xludf.DUMMYFUNCTION("importrange(""https://docs.google.com/spreadsheets/d/15DQ8hh_awzBvwln7i3DA9s8321S_hSqWhFiBmw5ANFI/edit?gid=162659938#gid=162659938"",""2026-27!ah3"")"),0.0) -> 0 | BV23: =IFERROR(__xludf.DUMMYFUNCTION("importrange(""https://docs.google.com/spreadsheets/d/15DQ8hh_awzBvwln7i3DA9s8321S_hSqWhFiBmw5ANFI/edit?gid=162659938#gid=162659938"",""2026-27!ai4"")"),0.0) -> 0 | BW23: =IFERROR(__xludf.DUMMYFUNCTION("importrange(""https://docs.google.com/spreadsheets/d/15DQ8hh_awzBvwln7i3DA9s8321S_hSqWhFiBmw5ANFI/edit?gid=162659938#gid=162659938"",""2026-27!ai3"")"),0.0) -> 0 | BX23: =IFERROR((BY23/BT23),"") | BY23: =IFERROR(__xludf.DUMMYFUNCTION("importrange(""https://docs.google.com/spreadsheets/d/15DQ8hh_awzBvwln7i3DA9s8321S_hSqWhFiBmw5ANFI/edit?gid=162659938#gid=162659938"",""2026-27!aj4"")"),0.0) -> 0 | BZ23: =IFERROR(__xludf.DUMMYFUNCTION("importrange(""https://docs.google.com/spreadsheets/d/15DQ8hh_awzBvwln7i3DA9s8321S_hSqWhFiBmw5ANFI/edit?gid=162659938#gid=162659938"",""2026-27!aj3"")"),0.0) -> 0 | CA23: =IFERROR(__xludf.DUMMYFUNCTION("importrange(""https://docs.google.com/spreadsheets/d/15DQ8hh_awzBvwln7i3DA9s8321S_hSqWhFiBmw5ANFI/edit?gid=162659938#gid=162659938"",""2026-27!ak4"")"),0.0) -> 0 | CB23: =IFERROR(__xludf.DUMMYFUNCTION("importrange(""https://docs.google.com/spreadsheets/d/15DQ8hh_awzBvwln7i3DA9s8321S_hSqWhFiBmw5ANFI/edit?gid=162659938#gid=162659938"",""2026-27!ak3"")"),0.0) -> 0 | CC23: =IFERROR(__xludf.DUMMYFUNCTION("importrange(""https://docs.google.com/spreadsheets/d/15DQ8hh_awzBvwln7i3DA9s8321S_hSqWhFiBmw5ANFI/edit?gid=162659938#gid=162659938"",""2026-27!al4"")"),0.0) -> 0 | CD23: =IFERROR(__xludf.DUMMYFUNCTION("importrange(""https://docs.google.com/spreadsheets/d/15DQ8hh_awzBvwln7i3DA9s8321S_hSqWhFiBmw5ANFI/edit?gid=162659938#gid=162659938"",""2026-27!ai3"")"),0.0) -> 0 | CE23: =IFERROR((CF23/CA23),"") | CF23: =IFERROR(__xludf.DUMMYFUNCTION("importrange(""https://docs.google.com/spreadsheets/d/15DQ8hh_awzBvwln7i3DA9s8321S_hSqWhFiBmw5ANFI/edit?gid=162659938#gid=162659938"",""2026-27!am4"")"),0.0) -> 0 | CG23: =IFERROR(__xludf.DUMMYFUNCTION("importrange(""https://docs.google.com/spreadsheets/d/15DQ8hh_awzBvwln7i3DA9s8321S_hSqWhFiBmw5ANFI/edit?gid=162659938#gid=162659938"",""2026-27!am3"")"),0.0) -> 0 | CH23: =IFERROR(__xludf.DUMMYFUNCTION("importrange(""https://docs.google.com/spreadsheets/d/15DQ8hh_awzBvwln7i3DA9s8321S_hSqWhFiBmw5ANFI/edit?gid=162659938#gid=162659938"",""2026-27!an4"")"),0.0) -> 0 | CI23: =IFERROR(__xludf.DUMMYFUNCTION("importrange(""https://docs.google.com/spreadsheets/d/15DQ8hh_awzBvwln7i3DA9s8321S_hSqWhFiBmw5ANFI/edit?gid=162659938#gid=162659938"",""2026-27!an3"")"),0.0) -> 0 | CJ23: =IFERROR(__xludf.DUMMYFUNCTION("importrange(""https://docs.google.com/spreadsheets/d/15DQ8hh_awzBvwln7i3DA9s8321S_hSqWhFiBmw5ANFI/edit?gid=162659938#gid=162659938"",""2026-27!ao4"")"),0.0) -> 0 | CK23: =IFERROR(__xludf.DUMMYFUNCTION("importrange(""https://docs.google.com/spreadsheets/d/15DQ8hh_awzBvwln7i3DA9s8321S_hSqWhFiBmw5ANFI/edit?gid=162659938#gid=162659938"",""2026-27!ao3"")"),0.0) -> 0 | CL23: =IFERROR((CM23/CH23),"") | CM23: =IFERROR(__xludf.DUMMYFUNCTION("importrange(""https://docs.google.com/spreadsheets/d/15DQ8hh_awzBvwln7i3DA9s8321S_hSqWhFiBmw5ANFI/edit?gid=162659938#gid=162659938"",""2026-27!ap4"")"),0.0) -> 0 | CN23: =IFERROR(__xludf.DUMMYFUNCTION("importrange(""https://docs.google.com/spreadsheets/d/15DQ8hh_awzBvwln7i3DA9s8321S_hSqWhFiBmw5ANFI/edit?gid=162659938#gid=162659938"",""2026-27!ap3"")"),0.0) -> 0 | CO23: =IFERROR(__xludf.DUMMYFUNCTION("importrange(""https://docs.google.com/spreadsheets/d/15DQ8hh_awzBvwln7i3DA9s8321S_hSqWhFiBmw5ANFI/edit?gid=162659938#gid=162659938"",""2026-27!aq4"")"),0.0) -> 0 | CP23: =IFERROR(__xludf.DUMMYFUNCTION("importrange(""https://docs.google.com/spreadsheets/d/15DQ8hh_awzBvwln7i3DA9s8321S_hSqWhFiBmw5ANFI/edit?gid=162659938#gid=162659938"",""2026-27!aq3"")"),0.0) -> 0 | CQ23: =IFERROR(__xludf.DUMMYFUNCTION("importrange(""https://docs.google.com/spreadsheets/d/15DQ8hh_awzBvwln7i3DA9s8321S_hSqWhFiBmw5ANFI/edit?gid=162659938#gid=162659938"",""2026-27!ar4"")"),0.0) -> 0 | CR23: =IFERROR(__xludf.DUMMYFUNCTION("importrange(""https://docs.google.com/spreadsheets/d/15DQ8hh_awzBvwln7i3DA9s8321S_hSqWhFiBmw5ANFI/edit?gid=162659938#gid=162659938"",""2026-27!ar3"")"),0.0) -> 0 | CS23: =IFERROR((CT23/CO23),"") | CT23: =IFERROR(__xludf.DUMMYFUNCTION("importrange(""https://docs.google.com/spreadsheets/d/15DQ8hh_awzBvwln7i3DA9s8321S_hSqWhFiBmw5ANFI/edit?gid=162659938#gid=162659938"",""2026-27!as4"")"),0.0) -> 0 | CU23: =IFERROR(__xludf.DUMMYFUNCTION("importrange(""https://docs.google.com/spreadsheets/d/15DQ8hh_awzBvwln7i3DA9s8321S_hSqWhFiBmw5ANFI/edit?gid=162659938#gid=162659938"",""2026-27!as3"")"),0.0) -> 0
