Workbook

Sheet INDEX
A1: https://docs.google.com/spreadsheets/d/15fA3q2UYXXJTnJSsdBETDZNP24tMnVOMP19XKJNjnmk/edit#gid=886997750 | B1: TOTAL | C1: =SUM(C3:C10) -> 1075 | D1: =SUM(D3:D10) -> #REF! | E1: =SUM(E3:E10) -> #REF! | F1: =IFERROR(E1-D1,"")/E1 -> #REF!
C2: No. of Items | D2: Old MRP | E2: New MRP | F2: Diff.
B3: CPVC PIPE | C3: 20 | D3: =sum(' CPVC PIPE'!F11,' CPVC PIPE'!F43,' CPVC PIPE'!F18,' CPVC PIPE'!F50) -> 71566 | E3: =sum(#REF!,#REF!,#REF!,#REF!) -> #REF! | F3: =IFERROR(E3-D3,"")/E3 -> #REF! | Z3: A-503
B4: CPVC FITTING | C4: 252 | D4: =SUM('C Fittings'!F11,'C Fittings'!F17,'C Fittings'!F20,'C Fittings'!F25,'C Fittings'!F33,'C Fittings'!F42,'C Fittings'!F48,'C Fittings'!F51,'C Fittings'!F65,'C Fittings'!F76,'C Fittings'!F85,'C Fittings'!F91,'C Fittings'!F94,'C Fittings'!F108,'C Fittings'!F115,'C Fittings'!F124,'C Fittings'!F130,'C Fittings'!F145,'C Fittings'!F155,'C Fittings'!F166,'C Fittings'!F172,'C Fittings'!F182,'C Fittings'!F188,'C Fittings'!F193,'C Fittings'!F207,'C Fittings'!F218,'C Fittings'!F226,'C Fittings'!F234,'C Fittings'!F242,'C Fittings'!F253,'C Fittings'!F263,'C Fittings'!F273,'C Fittings'!F279,#REF!,'C Fittings'!F287,'C Fittings'!F295,'C Fittings'!F303,'C Fittings'!F298,'C Fittings'!F310,#REF!,'C Fittings'!F318,'C Fittings'!F324,'C Fittings'!F330,'C Fittings'!F339,'C Fittings'!F348,'C Fittings'!F353,'C Fittings'!F361,'C Fittings'!F370,'C Fittings'!F379,'C Fittings'!F388) -> #REF! | E4: =SUM(#REF!,#REF!,#REF!,#REF!,#REF!,#REF!,#REF!,#REF!,#REF!,#REF!,#REF!,#REF!,#REF!,#REF!,#REF!,#REF!,#REF!,#REF!,#REF!,#REF!,#REF!,#REF!,#REF!,#REF!,#REF!,#REF!,#REF!,#REF!,#REF!,#REF!,#REF!,#REF!,#REF!,#REF!,#REF!,#REF!,#REF!,#REF!,#REF!,#REF!,#REF!,#REF!,#REF!,#REF!,#REF!,#REF!,#REF!,#REF!,#REF!,#REF!) -> #REF! | F4: =IFERROR(E4-D4,"")/E4 -> #REF! | Z4: A-504
B5: UPVC PIPE | C5: 20 | D5: =SUM('UPVC PIPE'!F15,'UPVC PIPE'!F50) -> 33523 | E5: =SUM(#REF!,#REF!) -> #REF! | F5: =IFERROR(E5-D5,"")/E5 -> #REF! | Z5: A-702
B6: UPVC FITTING | C6: 263 | D6: =SUM('U Fittings'!F15,'U Fittings'!F18,'U Fittings'!F30,'U Fittings'!F38,'U Fittings'!F46,'U Fittings'!F55,'U Fittings'!F61,'U Fittings'!F64,'U Fittings'!F82,'U Fittings'!F94,'U Fittings'!F112,'U Fittings'!F122,'U Fittings'!F140,'U Fittings'!F149,'U Fittings'!F155,'U Fittings'!F158,'U Fittings'!F167,'U Fittings'!F173,'U Fittings'!F182,'U Fittings'!F188,'U Fittings'!F199,'U Fittings'!F205,'U Fittings'!F216,'U Fittings'!F227,'U Fittings'!F234,'U Fittings'!F243,'U Fittings'!F252,'U Fittings'!F261,'U Fittings'!F269,'U Fittings'!F277,'U Fittings'!F285,'U Fittings'!F296,'U Fittings'!F303,'U Fittings'!F311,'U Fittings'!F317,'U Fittings'!F323,#REF!,'U Fittings'!F332,'U Fittings'!F341,'U Fittings'!F349,'U Fittings'!F358,'U Fittings'!F367,'U Fittings'!F376,'U Fittings'!F385) -> #REF! | E6: =SUM(#REF!,#REF!,#REF!,#REF!,#REF!,#REF!,#REF!,#REF!,#REF!,#REF!,#REF!,#REF!,#REF!,#REF!,#REF!,#REF!,#REF!,#REF!,#REF!,#REF!,#REF!,#REF!,#REF!,#REF!,#REF!,#REF!,#REF!,#REF!,#REF!,#REF!,#REF!,#REF!,#REF!,#REF!,#REF!,#REF!,#REF!,#REF!,#REF!,#REF!,#REF!,#REF!,#REF!,#REF!) -> #REF! | F6: =IFERROR(E6-D6,"")/E6 -> #REF! | Z6: A-703
B7: SWR PIPE | C7: 160 | D7: =SUM('SWR PIPE'!H45,'SWR PIPE'!S45,'SWR PIPE'!H88,'SWR PIPE'!S88) -> 184679.15 | E7: =SUM(#REF!,#REF!,#REF!,#REF!) -> #REF! | F7: =IFERROR(E7-D7,"")/E7 -> #REF! | Z7: A-704
B8: SWR FITTING | C8: 137 | D8: =SUM('SWR Fittings'!F9,'SWR Fittings'!F16,'SWR Fittings'!F21,'SWR Fittings'!F28,'SWR Fittings'!F33,'SWR Fittings'!F40,'SWR Fittings'!F47,'SWR Fittings'!F52,'SWR Fittings'!F59,'SWR Fittings'!F70,'SWR Fittings'!F77,'SWR Fittings'!F84,'SWR Fittings'!F91,'SWR Fittings'!F98,'SWR Fittings'!F103,'SWR Fittings'!F106,'SWR Fittings'!F111,'SWR Fittings'!F116,'SWR Fittings'!F123,'SWR Fittings'!F128,'SWR Fittings'!F131,'SWR Fittings'!F136,'SWR Fittings'!F142,'SWR Fittings'!F150,'SWR Fittings'!F157,'SWR Fittings'!F162,'SWR Fittings'!F169,'SWR Fittings'!F176,'SWR Fittings'!F183,'SWR Fittings'!F186,'SWR Fittings'!F199,'SWR Fittings'!F204,'SWR Fittings'!F209,'SWR Fittings'!F212,'SWR Fittings'!F226,'SWR Fittings'!F235,'SWR Fittings'!F242,'SWR Fittings'!F249,'SWR Fittings'!F256,'SWR Fittings'!F263,'SWR Fittings'!F270,'SWR Fittings'!F277,'SWR Fittings'!F284,'SWR Fittings'!F291) -> 30946.5 | E8: =SUM(#REF!,#REF!,#REF!,#REF!,#REF!,#REF!,#REF!,#REF!,#REF!,#REF!,#REF!,#REF!,#REF!,#REF!,#REF!,#REF!,#REF!,#REF!,#REF!,#REF!,#REF!,#REF!,#REF!,#REF!,#REF!,#REF!,#REF!,#REF!,#REF!,#REF!,#REF!,#REF!,#REF!,#REF!,#REF!,#REF!,#REF!,#REF!,#REF!,#REF!,#REF!,#REF!,#REF!,#REF!) -> #REF! | F8: =IFERROR(E8-D8,"")/E8 -> #REF! | Z8: A-227
B9: AGRI PIPE | C9: 123 | D9: =SUM('AGRI PIPE'!F46,'AGRI PIPE'!F90,'AGRI PIPE'!F134) -> 380189 | E9: =SUM(#REF!,#REF!,#REF!) -> #REF! | F9: =IFERROR(E9-D9,"")/E9 -> #REF! | Z9: A-228
B10: AGRI FITTING | C10: 100 | D10: =SUM('AGRI Fittings'!E49,'AGRI Fittings'!E60,'AGRI Fittings'!E71,'AGRI Fittings'!E87,'AGRI Fittings'!E101,'AGRI Fittings'!E113,'AGRI Fittings'!E118,'AGRI Fittings'!E128,'AGRI Fittings'!E136,'AGRI Fittings'!E144,'AGRI Fittings'!E152) -> 20599.49 | E10: =SUM(#REF!,#REF!,#REF!,#REF!,#REF!,#REF!,#REF!,#REF!,#REF!,#REF!,#REF!) -> #REF! | F10: =IFERROR(E10-D10,"")/E10 -> #REF! | Z10: A-229
B11: AGRI SMART FITTING | C11: 33 | E11: =SUM(#REF!,#REF!,#REF!,#REF!,#REF!,#REF!,#REF!) -> #REF! | F11: =IFERROR(E11-D11,"")/E11 -> #REF! | Z11: A-327
Z12: A-328
B13: TTS-01 | Z13: A-329
B14: TTS-02 | Z14: A-427
B15: TTS-03 | Z15: A-428
Z16: A-429

Sheet MASTER
A1: S.NO. | B1: GROUP | C1: CODE | D1: NAME | E1: WEIGHT | F1: OLD MRP | G1: NEW MRP
A2: 1 | B2: CPVC PIPE | C2: PS-1 | D2: Pipe SDR 11 (3 MTR) 1⁄2 inch 15 mm | E2: =VLOOKUP(C2,' CPVC PIPE'!$C$5:$G2469,5,0) -> 0.36 | F2: =VLOOKUP(C2,' CPVC PIPE'!$C$5:$F2469,4,0) -> 237 | G2: =VLOOKUP(C2,' CPVC PIPE'!$C$5:$I2469,7,0) -> 237
A3: =A2+1 -> 2 | B3: CPVC PIPE | C3: PS-2 | D3: Pipe SDR 11 (3 MTR) 3⁄4 inch 20 mm | E3: =VLOOKUP(C3,' CPVC PIPE'!$C$5:$G2469,5,0) -> 0.62 | F3: =VLOOKUP(C3,' CPVC PIPE'!$C$5:$F2469,4,0) -> 369 | G3: =VLOOKUP(C3,' CPVC PIPE'!$C$5:$I2469,7,0) -> 369
A4: =A3+1 -> 3 | B4: CPVC PIPE | C4: PS-3 | D4: Pipe SDR 11 (3 MTR) 1 inch 25 mm | E4: =VLOOKUP(C4,' CPVC PIPE'!$C$5:$G2469,5,0) -> 1 | F4: =VLOOKUP(C4,' CPVC PIPE'!$C$5:$F2469,4,0) -> 597 | G4: =VLOOKUP(C4,' CPVC PIPE'!$C$5:$I2469,7,0) -> 597
A5: =A4+1 -> 4 | B5: CPVC PIPE | C5: PS-4 | D5: Pipe SDR 11 (3 MTR) 1 1⁄4 inch 32 mm | E5: =VLOOKUP(C5,' CPVC PIPE'!$C$5:$G2469,5,0) -> 1.5 | F5: =VLOOKUP(C5,' CPVC PIPE'!$C$5:$F2469,4,0) -> 927 | G5: =VLOOKUP(C5,' CPVC PIPE'!$C$5:$I2469,7,0) -> 927
A6: =A5+1 -> 5 | B6: CPVC PIPE | C6: PS-5 | D6: Pipe SDR 11 (3 MTR) 1 1⁄2 inch 40 mm | E6: =VLOOKUP(C6,' CPVC PIPE'!$C$5:$G2469,5,0) -> 2.05 | F6: =VLOOKUP(C6,' CPVC PIPE'!$C$5:$F2469,4,0) -> 1287 | G6: =VLOOKUP(C6,' CPVC PIPE'!$C$5:$I2469,7,0) -> 1287
A7: =A6+1 -> 6 | B7: CPVC PIPE | C7: PS-6 | D7: Pipe SDR 11 (3 MTR) 2 inch 50 mm | E7: =VLOOKUP(C7,' CPVC PIPE'!$C$5:$G2469,5,0) -> 3.5 | F7: =VLOOKUP(C7,' CPVC PIPE'!$C$5:$F2469,4,0) -> 2196 | G7: =VLOOKUP(C7,' CPVC PIPE'!$C$5:$I2469,7,0) -> 2196
A8: =A7+1 -> 7 | B8: CPVC PIPE | C8: PS-7 | D8: Pipe SCH 80 (3 MTR) 2 1⁄2 inch 65 mm | E8: =VLOOKUP(C8,' CPVC PIPE'!$C$5:$G2469,5,0) -> 6.326 | F8: =VLOOKUP(C8,' CPVC PIPE'!$C$5:$F2469,4,0) -> 4480 | G8: =VLOOKUP(C8,' CPVC PIPE'!$C$5:$I2469,7,0) -> 4480
A9: =A8+1 -> 8 | B9: CPVC PIPE | C9: PS-8 | D9: Pipe SCH 80 (3 MTR) 3 inch 80 mm | E9: =VLOOKUP(C9,' CPVC PIPE'!$C$5:$G2469,5,0) -> 8.473 | F9: =VLOOKUP(C9,' CPVC PIPE'!$C$5:$F2469,4,0) -> 5980 | G9: =VLOOKUP(C9,' CPVC PIPE'!$C$5:$I2469,7,0) -> 5980
A10: =A9+1 -> 9 | B10: CPVC PIPE | C10: PS-9 | D10: Pipe SCH 80 (3 MTR) 4 inch 100 mm | E10: =VLOOKUP(C10,' CPVC PIPE'!$C$5:$G2469,5,0) -> 12.39 | F10: =VLOOKUP(C10,' CPVC PIPE'!$C$5:$F2469,4,0) -> 8680 | G10: =VLOOKUP(C10,' CPVC PIPE'!$C$5:$I2469,7,0) -> 8680
A11: =A10+1 -> 10 | B11: CPVC PIPE | C11: PS-10 | D11: Pipe SCH 80 (3 MTR) 6 inch 150 mm | E11: =VLOOKUP(C11,' CPVC PIPE'!$C$5:$G2469,5,0) -> 23.651 | F11: =VLOOKUP(C11,' CPVC PIPE'!$C$5:$F2469,4,0) -> 16800 | G11: =VLOOKUP(C11,' CPVC PIPE'!$C$5:$I2469,7,0) -> 16800
A12: =A11+1 -> 11 | B12: CPVC PIPE | C12: PS-11 | D12: Pipe SDR 13.5 (3 MTR) 1⁄2 inch 15 mm | E12: =VLOOKUP(C12,' CPVC PIPE'!$C$5:$G2469,5,0) -> 0.33 | F12: =VLOOKUP(C12,' CPVC PIPE'!$C$5:$F2469,4,0) -> 219 | G12: =VLOOKUP(C12,' CPVC PIPE'!$C$5:$I2469,7,0) -> 219
A13: =A12+1 -> 12 | B13: CPVC PIPE | C13: PS-12 | D13: Pipe SDR 13.5 (3 MTR) 3⁄4 inch 20 mm | E13: =VLOOKUP(C13,' CPVC PIPE'!$C$5:$G2469,5,0) -> 0.53 | F13: =VLOOKUP(C13,' CPVC PIPE'!$C$5:$F2469,4,0) -> 324 | G13: =VLOOKUP(C13,' CPVC PIPE'!$C$5:$I2469,7,0) -> 324
A14: =A13+1 -> 13 | B14: CPVC PIPE | C14: PS-13 | D14: Pipe SDR 13.5 (3 MTR) 1 inch 25 mm | E14: =VLOOKUP(C14,' CPVC PIPE'!$C$5:$G2469,5,0) -> 0.83 | F14: =VLOOKUP(C14,' CPVC PIPE'!$C$5:$F2469,4,0) -> 498 | G14: =VLOOKUP(C14,' CPVC PIPE'!$C$5:$I2469,7,0) -> 498
A15: =A14+1 -> 14 | B15: CPVC PIPE | C15: PS-14 | D15: Pipe SDR 13.5 (3 MTR) 1 1⁄4 inch 32 mm | E15: =VLOOKUP(C15,' CPVC PIPE'!$C$5:$G2469,5,0) -> 1.25 | F15: =VLOOKUP(C15,' CPVC PIPE'!$C$5:$F2469,4,0) -> 778 | G15: =VLOOKUP(C15,' CPVC PIPE'!$C$5:$I2469,7,0) -> 778
A16: =A15+1 -> 15 | B16: CPVC PIPE | C16: PS-15 | D16: Pipe SDR 13.5 (3 MTR) 1 1⁄2 inch 40 mm | E16: =VLOOKUP(C16,' CPVC PIPE'!$C$5:$G2469,5,0) -> 1.75 | F16: =VLOOKUP(C16,' CPVC PIPE'!$C$5:$F2469,4,0) -> 1092 | G16: =VLOOKUP(C16,' CPVC PIPE'!$C$5:$I2469,7,0) -> 1092
A17: =A16+1 -> 16 | B17: CPVC PIPE | C17: PS-16 | D17: Pipe SDR 13.5 (3 MTR) 2 inch 50 mm | E17: =VLOOKUP(C17,' CPVC PIPE'!$C$5:$G2469,5,0) -> 2.9 | F17: =VLOOKUP(C17,' CPVC PIPE'!$C$5:$F2469,4,0) -> 1842 | G17: =VLOOKUP(C17,' CPVC PIPE'!$C$5:$I2469,7,0) -> 1842
A18: =A17+1 -> 17 | B18: CPVC PIPE | C18: PS-17 | D18: Pipe SCH 40 (3 MTR) 2 1⁄2 inch 65 mm | E18: =VLOOKUP(C18,' CPVC PIPE'!$C$5:$G2469,5,0) -> 4.774 | F18: =VLOOKUP(C18,' CPVC PIPE'!$C$5:$F2469,4,0) -> 3390 | G18: =VLOOKUP(C18,' CPVC PIPE'!$C$5:$I2469,7,0) -> 3390
A19: =A18+1 -> 18 | B19: CPVC PIPE | C19: PS-18 | D19: Pipe SCH 40 (3 MTR) 3 inch 80 mm | E19: =VLOOKUP(C19,' CPVC PIPE'!$C$5:$G2469,5,0) -> 6.248 | F19: =VLOOKUP(C19,' CPVC PIPE'!$C$5:$F2469,4,0) -> 4490 | G19: =VLOOKUP(C19,' CPVC PIPE'!$C$5:$I2469,7,0) -> 4490
A20: =A19+1 -> 19 | B20: CPVC PIPE | C20: PS-19 | D20: Pipe SCH 40 (3 MTR) 4 inch 100 mm | E20: =VLOOKUP(C20,' CPVC PIPE'!$C$5:$G2469,5,0) -> 8.9 | F20: =VLOOKUP(C20,' CPVC PIPE'!$C$5:$F2469,4,0) -> 6390 | G20: =VLOOKUP(C20,' CPVC PIPE'!$C$5:$I2469,7,0) -> 6390
A21: =A20+1 -> 20 | B21: CPVC PIPE | C21: PS-20 | D21: Pipe SCH 40 (3 MTR) 6 inch 150 mm | E21: =VLOOKUP(C21,' CPVC PIPE'!$C$5:$G2469,5,0) -> 15.666 | F21: =VLOOKUP(C21,' CPVC PIPE'!$C$5:$F2469,4,0) -> 10990 | G21: =VLOOKUP(C21,' CPVC PIPE'!$C$5:$I2469,7,0) -> 10990
A22: =A21+1 -> 21 | B22: CPVC PIPE | C22: PS-1S | D22: Pipe SDR 11 (5 MTR) 1⁄2 inch 15 mm | E22: =VLOOKUP(C22,' CPVC PIPE'!$C$5:$G2469,5,0) -> 0.6 | F22: =VLOOKUP(C22,' CPVC PIPE'!$C$5:$F2469,4,0) -> 395 | G22: =VLOOKUP(C22,' CPVC PIPE'!$C$5:$I2469,7,0) -> 395
A23: =A22+1 -> 22 | B23: CPVC PIPE | C23: PS-2S | D23: Pipe SDR 11 (5 MTR) 3⁄4 inch 20 mm | E23: =VLOOKUP(C23,' CPVC PIPE'!$C$5:$G2469,5,0) -> 1.0333333 | F23: =VLOOKUP(C23,' CPVC PIPE'!$C$5:$F2469,4,0) -> 615 | G23: =VLOOKUP(C23,' CPVC PIPE'!$C$5:$I2469,7,0) -> 615
A24: =A23+1 -> 23 | B24: CPVC PIPE | C24: PS-3S | D24: Pipe SDR 11 (5 MTR) 1 inch 25 mm | E24: =VLOOKUP(C24,' CPVC PIPE'!$C$5:$G2469,5,0) -> 1.6666667 | F24: =VLOOKUP(C24,' CPVC PIPE'!$C$5:$F2469,4,0) -> 995 | G24: =VLOOKUP(C24,' CPVC PIPE'!$C$5:$I2469,7,0) -> 995
A25: =A24+1 -> 24 | B25: CPVC PIPE | C25: PS-4S | D25: Pipe SDR 11 (5 MTR) 1 1⁄4 inch 32 mm | E25: =VLOOKUP(C25,' CPVC PIPE'!$C$5:$G2469,5,0) -> 2.5 | F25: =VLOOKUP(C25,' CPVC PIPE'!$C$5:$F2469,4,0) -> 1545 | G25: =VLOOKUP(C25,' CPVC PIPE'!$C$5:$I2469,7,0) -> 1545
A26: =A25+1 -> 25 | B26: CPVC PIPE | C26: PS-5S | D26: Pipe SDR 11 (5 MTR) 1 1⁄2 inch 40 mm | E26: =VLOOKUP(C26,' CPVC PIPE'!$C$5:$G2469,5,0) -> 3.4166667 | F26: =VLOOKUP(C26,' CPVC PIPE'!$C$5:$F2469,4,0) -> 2145 | G26: =VLOOKUP(C26,' CPVC PIPE'!$C$5:$I2469,7,0) -> 2145
A27: =A26+1 -> 26 | B27: CPVC PIPE | C27: PS-6S | D27: Pipe SDR 11 (5 MTR) 2 inch 50 mm | E27: =VLOOKUP(C27,' CPVC PIPE'!$C$5:$G2469,5,0) -> 5.8333333 | F27: =VLOOKUP(C27,' CPVC PIPE'!$C$5:$F2469,4,0) -> 3660 | G27: =VLOOKUP(C27,' CPVC PIPE'!$C$5:$I2469,7,0) -> 3660
A28: =A27+1 -> 27 | B28: CPVC PIPE | C28: PS-7S | D28: Pipe SCH 80 (5 MTR) 2 1⁄2 inch 65 mm | E28: =VLOOKUP(C28,' CPVC PIPE'!$C$5:$G2469,5,0) -> 10.543333 | F28: =VLOOKUP(C28,' CPVC PIPE'!$C$5:$F2469,4,0) -> 7466.67 | G28: =VLOOKUP(C28,' CPVC PIPE'!$C$5:$I2469,7,0) -> 7466.67
A29: =A28+1 -> 28 | B29: CPVC PIPE | C29: PS-8S | D29: Pipe SCH 80 (5 MTR) 3 inch 80 mm | E29: =VLOOKUP(C29,' CPVC PIPE'!$C$5:$G2469,5,0) -> 14.121667 | F29: =VLOOKUP(C29,' CPVC PIPE'!$C$5:$F2469,4,0) -> 9966.67 | G29: =VLOOKUP(C29,' CPVC PIPE'!$C$5:$I2469,7,0) -> 9966.67
A30: =A29+1 -> 29 | B30: CPVC PIPE | C30: PS-9S | D30: Pipe SCH 80 (5 MTR) 4 inch 100 mm | E30: =VLOOKUP(C30,' CPVC PIPE'!$C$5:$G2469,5,0) -> 20.65 | F30: =VLOOKUP(C30,' CPVC PIPE'!$C$5:$F2469,4,0) -> 14466.67 | G30: =VLOOKUP(C30,' CPVC PIPE'!$C$5:$I2469,7,0) -> 14466.67
A31: =A30+1 -> 30 | B31: CPVC PIPE | C31: PS-10S | D31: Pipe SCH 80 (5 MTR) 6 inch 150 mm | E31: =VLOOKUP(C31,' CPVC PIPE'!$C$5:$G2469,5,0) -> 39.418333 | F31: =VLOOKUP(C31,' CPVC PIPE'!$C$5:$F2469,4,0) -> 28000 | G31: =VLOOKUP(C31,' CPVC PIPE'!$C$5:$I2469,7,0) -> 28000
A32: =A31+1 -> 31 | B32: CPVC PIPE | C32: PS-11S | D32: Pipe SDR 13.5 (5 MTR) 1⁄2 inch 15 mm | E32: =VLOOKUP(C32,' CPVC PIPE'!$C$5:$G2469,5,0) -> 0.66 | F32: =VLOOKUP(C32,' CPVC PIPE'!$C$5:$F2469,4,0) -> 365 | G32: =VLOOKUP(C32,' CPVC PIPE'!$C$5:$I2469,7,0) -> 365
A33: =A32+1 -> 32 | B33: CPVC PIPE | C33: PS-12S | D33: Pipe SDR 13.5 (5 MTR) 3⁄4 inch 20 mm | E33: =VLOOKUP(C33,' CPVC PIPE'!$C$5:$G2469,5,0) -> 1.06 | F33: =VLOOKUP(C33,' CPVC PIPE'!$C$5:$F2469,4,0) -> 540 | G33: =VLOOKUP(C33,' CPVC PIPE'!$C$5:$I2469,7,0) -> 540
A34: =A33+1 -> 33 | B34: CPVC PIPE | C34: PS-13S | D34: Pipe SDR 13.5 (5 MTR) 1 inch 25 mm | E34: =VLOOKUP(C34,' CPVC PIPE'!$C$5:$G2469,5,0) -> 1.66 | F34: =VLOOKUP(C34,' CPVC PIPE'!$C$5:$F2469,4,0) -> 830 | G34: =VLOOKUP(C34,' CPVC PIPE'!$C$5:$I2469,7,0) -> 830
A35: =A34+1 -> 34 | B35: CPVC PIPE | C35: PS-14S | D35: Pipe SDR 13.5 (5 MTR) 1 1⁄4 inch 32 mm | E35: =VLOOKUP(C35,' CPVC PIPE'!$C$5:$G2469,5,0) -> 2.5 | F35: =VLOOKUP(C35,' CPVC PIPE'!$C$5:$F2469,4,0) -> 1296.67 | G35: =VLOOKUP(C35,' CPVC PIPE'!$C$5:$I2469,7,0) -> 1296.67
A36: =A35+1 -> 35 | B36: CPVC PIPE | C36: PS-15S | D36: Pipe SDR 13.5 (5 MTR) 1 1⁄2 inch 40 mm | E36: =VLOOKUP(C36,' CPVC PIPE'!$C$5:$G2469,5,0) -> 3.5 | F36: =VLOOKUP(C36,' CPVC PIPE'!$C$5:$F2469,4,0) -> 1820 | G36: =VLOOKUP(C36,' CPVC PIPE'!$C$5:$I2469,7,0) -> 1820
A37: =A36+1 -> 36 | B37: CPVC PIPE | C37: PS-16S | D37: Pipe SDR 13.5 (5 MTR) 2 inch 50 mm | E37: =VLOOKUP(C37,' CPVC PIPE'!$C$5:$G2469,5,0) -> 5.8 | F37: =VLOOKUP(C37,' CPVC PIPE'!$C$5:$F2469,4,0) -> 3070 | G37: =VLOOKUP(C37,' CPVC PIPE'!$C$5:$I2469,7,0) -> 3070
A38: =A37+1 -> 37 | B38: CPVC PIPE | C38: PS-17S | D38: Pipe SCH 40 (5 MTR) 2 1⁄2 inch 65 mm | E38: =VLOOKUP(C38,' CPVC PIPE'!$C$5:$G2469,5,0) -> 9.548 | F38: =VLOOKUP(C38,' CPVC PIPE'!$C$5:$F2469,4,0) -> 5650 | G38: =VLOOKUP(C38,' CPVC PIPE'!$C$5:$I2469,7,0) -> 5650
A39: =A38+1 -> 38 | B39: CPVC PIPE | C39: PS-18S | D39: Pipe SCH 40 (5 MTR) 3 inch 80 mm | E39: =VLOOKUP(C39,' CPVC PIPE'!$C$5:$G2469,5,0) -> 12.496 | F39: =VLOOKUP(C39,' CPVC PIPE'!$C$5:$F2469,4,0) -> 7483.33 | G39: =VLOOKUP(C39,' CPVC PIPE'!$C$5:$I2469,7,0) -> 7483.33
A40: =A39+1 -> 39 | B40: CPVC PIPE | C40: PS-19S | D40: Pipe SCH 40 (5 MTR) 4 inch 100 mm | E40: =VLOOKUP(C40,' CPVC PIPE'!$C$5:$G2469,5,0) -> 17.8 | F40: =VLOOKUP(C40,' CPVC PIPE'!$C$5:$F2469,4,0) -> 10650 | G40: =VLOOKUP(C40,' CPVC PIPE'!$C$5:$I2469,7,0) -> 10650
A41: =A40+1 -> 40 | B41: CPVC PIPE | C41: PS-20S | D41: Pipe SCH 40 (5 MTR) 6 inch 150 mm | E41: =VLOOKUP(C41,' CPVC PIPE'!$C$5:$G2469,5,0) -> 31.332 | F41: =VLOOKUP(C41,' CPVC PIPE'!$C$5:$F2469,4,0) -> 18316.67 | G41: =VLOOKUP(C41,' CPVC PIPE'!$C$5:$I2469,7,0) -> 18316.67
A42: =A41+1 -> 41 | B42: CPVC Fittings | C42: C51 | D42: Elbow 90⁰ 1⁄2 inch 15 mm | E42: =VLOOKUP(C42,'C Fittings'!$E$5:$I2469,5,0) -> 0.011 | F42: =VLOOKUP(C42,'C Fittings'!E$5:$F2469,2,0) -> 16.8 | G42: =IFERROR(VLOOKUP($C42,'C Fittings'!E5:O2469,11,0),0) -> 16.8
A43: =A42+1 -> 42 | B43: CPVC Fittings | C43: C52 | D43: Elbow 90⁰ 3⁄4 inch 20 mm | E43: =VLOOKUP(C43,'C Fittings'!$E$5:$I2469,5,0) -> 0.0229 | F43: =VLOOKUP(C43,'C Fittings'!E$5:$F2469,2,0) -> 19.9 | G43: =IFERROR(VLOOKUP($C43,'C Fittings'!E6:O2469,11,0),0) -> 19.9
A44: =A43+1 -> 43 | B44: CPVC Fittings | C44: C53 | D44: Elbow 90⁰ 1 inch 25 mm | E44: =VLOOKUP(C44,'C Fittings'!$E$5:$I2469,5,0) -> 0.0363 | F44: =VLOOKUP(C44,'C Fittings'!E$5:$F2469,2,0) -> 39.8 | G44: =IFERROR(VLOOKUP($C44,'C Fittings'!E7:O2469,11,0),0) -> 39.8
A45: =A44+1 -> 44 | B45: CPVC Fittings | C45: C54 | D45: Elbow 90⁰ 1 1⁄4 inch 32 mm | E45: =VLOOKUP(C45,'C Fittings'!$E$5:$I2469,5,0) -> 0.07095 | F45: =VLOOKUP(C45,'C Fittings'!E$5:$F2469,2,0) -> 89.9 | G45: =IFERROR(VLOOKUP($C45,'C Fittings'!E8:O2469,11,0),0) -> 89.9
A46: =A45+1 -> 45 | B46: CPVC Fittings | C46: C55 | D46: Elbow 90⁰ 1 1⁄2 inch 40 mm | E46: =VLOOKUP(C46,'C Fittings'!$E$5:$I2469,5,0) -> 0.11225 | F46: =VLOOKUP(C46,'C Fittings'!E$5:$F2469,2,0) -> 164.4 | G46: =IFERROR(VLOOKUP($C46,'C Fittings'!E9:O2469,11,0),0) -> 164.4
A47: =A46+1 -> 46 | B47: CPVC Fittings | C47: C56 | D47: Elbow 90⁰ 2 inch 50 mm | E47: =VLOOKUP(C47,'C Fittings'!$E$5:$I2469,5,0) -> 0.2132 | F47: =VLOOKUP(C47,'C Fittings'!E$5:$F2469,2,0) -> 338 | G47: =IFERROR(VLOOKUP($C47,'C Fittings'!E10:O2469,11,0),0) -> 338
A48: =A47+1 -> 47 | B48: CPVC Fittings | C48: C57 | D48: Elbow 90⁰ (SCH-80) 2 1⁄2 inch 65 mm | E48: =VLOOKUP(C48,'C Fittings'!$E$5:$I2469,5,0) -> 0.522 | F48: =VLOOKUP(C48,'C Fittings'!E$5:$F2469,2,0) -> 898 | G48: =IFERROR(VLOOKUP($C48,'C Fittings'!E11:O2469,11,0),0) -> 898
A49: =A48+1 -> 48 | B49: CPVC Fittings | C49: C58 | D49: Elbow 90⁰ (SCH-80) 3 inch 80 mm | E49: =VLOOKUP(C49,'C Fittings'!$E$5:$I2469,5,0) -> 0.8142 | F49: =VLOOKUP(C49,'C Fittings'!E$5:$F2469,2,0) -> 1368 | G49: =IFERROR(VLOOKUP($C49,'C Fittings'!E12:O2469,11,0),0) -> 1368
A50: =A49+1 -> 49 | B50: CPVC Fittings | C50: C59 | D50: Elbow 90⁰ (SCH-80) 4 inch 100 mm | E50: =VLOOKUP(C50,'C Fittings'!$E$5:$I2469,5,0) -> 1.362 | F50: =VLOOKUP(C50,'C Fittings'!E$5:$F2469,2,0) -> 2288 | G50: =IFERROR(VLOOKUP($C50,'C Fittings'!E13:O2469,11,0),0) -> 2288
A51: =A50+1 -> 50 | B51: CPVC Fittings | C51: C59N | D51: Elbow 90⁰ (SCH-40) 6 inch 150 mm | E51: =VLOOKUP(C51,'C Fittings'!$E$5:$I2469,5,0) -> 1.975 | F51: =VLOOKUP(C51,'C Fittings'!E$5:$F2469,2,0) -> 3580 | G51: =IFERROR(VLOOKUP($C51,'C Fittings'!E14:O2469,11,0),0) -> 3580
A52: =A51+1 -> 51 | B52: CPVC Fittings | C52: C50 | D52: Reducer Elbow 3⁄4 x 1⁄2 inch 20x15 mm | E52: =VLOOKUP(C52,'C Fittings'!$E$5:$I2469,5,0) -> 0.017 | F52: =VLOOKUP(C52,'C Fittings'!E$5:$F2469,2,0) -> 29.8 | G52: =IFERROR(VLOOKUP($C52,'C Fittings'!E15:O2469,11,0),0) -> 29.8
A53: =A52+1 -> 52 | B53: CPVC Fittings | C53: C532 | D53: Reducer Elbow 1 x 3⁄4 inch 25x20 mm | E53: =VLOOKUP(C53,'C Fittings'!$E$5:$I2469,5,0) -> 0.03025 | F53: =VLOOKUP(C53,'C Fittings'!E$5:$F2469,2,0) -> 78 | G53: =IFERROR(VLOOKUP($C53,'C Fittings'!E16:O2469,11,0),0) -> 78
A54: =A53+1 -> 53 | B54: CPVC Fittings | C54: C502 | D54: Elbow 45⁰ 3⁄4 inch 20 mm | E54: =VLOOKUP(C54,'C Fittings'!$E$5:$I2469,5,0) -> 0.017 | F54: =VLOOKUP(C54,'C Fittings'!E$5:$F2469,2,0) -> 27.8 | G54: =IFERROR(VLOOKUP($C54,'C Fittings'!E17:O2469,11,0),0) -> 27.8
A55: =A54+1 -> 54 | B55: CPVC Fittings | C55: C503 | D55: Elbow 45⁰ 1 inch 25 mm | E55: =VLOOKUP(C55,'C Fittings'!$E$5:$I2469,5,0) -> 0.029 | F55: =VLOOKUP(C55,'C Fittings'!E$5:$F2469,2,0) -> 48.8 | G55: =IFERROR(VLOOKUP($C55,'C Fittings'!E18:O2469,11,0),0) -> 48.8
A56: =A55+1 -> 55 | B56: CPVC Fittings | C56: C504 | D56: Elbow 45⁰ 1 1⁄4 inch 32 mm | E56: =VLOOKUP(C56,'C Fittings'!$E$5:$I2469,5,0) -> 0.046 | F56: =VLOOKUP(C56,'C Fittings'!E$5:$F2469,2,0) -> 106 | G56: =IFERROR(VLOOKUP($C56,'C Fittings'!E19:O2469,11,0),0) -> 106
A57: =A56+1 -> 56 | B57: CPVC Fittings | C57: C505 | D57: Elbow 45⁰ 1 1⁄2 inch 40 mm | E57: =VLOOKUP(C57,'C Fittings'!$E$5:$I2469,5,0) -> 0.078 | F57: =VLOOKUP(C57,'C Fittings'!E$5:$F2469,2,0) -> 158 | G57: =IFERROR(VLOOKUP($C57,'C Fittings'!E20:O2469,11,0),0) -> 158
A58: =A57+1 -> 57 | B58: CPVC Fittings | C58: C506 | D58: Elbow 45⁰ 2 inch 50 mm | E58: =VLOOKUP(C58,'C Fittings'!$E$5:$I2469,5,0) -> 0.161 | F58: =VLOOKUP(C58,'C Fittings'!E$5:$F2469,2,0) -> 334 | G58: =IFERROR(VLOOKUP($C58,'C Fittings'!E21:O2469,11,0),0) -> 334
A59: =A58+1 -> 58 | B59: CPVC Fittings | C59: C61 | D59: Tee 1⁄2 inch 15 mm | E59: =VLOOKUP(C59,'C Fittings'!$E$5:$I2469,5,0) -> 0.015 | F59: =VLOOKUP(C59,'C Fittings'!E$5:$F2469,2,0) -> 23.8 | G59: =IFERROR(VLOOKUP($C59,'C Fittings'!E22:O2469,11,0),0) -> 23.8
A60: =A59+1 -> 59 | B60: CPVC Fittings | C60: C62 | D60: Tee 3⁄4 inch 20 mm | E60: =VLOOKUP(C60,'C Fittings'!$E$5:$I2469,5,0) -> 0.029 | F60: =VLOOKUP(C60,'C Fittings'!E$5:$F2469,2,0) -> 32.4 | G60: =IFERROR(VLOOKUP($C60,'C Fittings'!E23:O2469,11,0),0) -> 32.4
A61: =A60+1 -> 60 | B61: CPVC Fittings | C61: C63 | D61: Tee 1 inch 25 mm | E61: =VLOOKUP(C61,'C Fittings'!$E$5:$I2469,5,0) -> 0.0492 | F61: =VLOOKUP(C61,'C Fittings'!E$5:$F2469,2,0) -> 51.9 | G61: =IFERROR(VLOOKUP($C61,'C Fittings'!E24:O2469,11,0),0) -> 51.9
A62: =A61+1 -> 61 | B62: CPVC Fittings | C62: C64 | D62: Tee 1 1⁄4 inch 32 mm | E62: =VLOOKUP(C62,'C Fittings'!$E$5:$I2469,5,0) -> 0.0873 | F62: =VLOOKUP(C62,'C Fittings'!E$5:$F2469,2,0) -> 112 | G62: =IFERROR(VLOOKUP($C62,'C Fittings'!E25:O2469,11,0),0) -> 112
A63: =A62+1 -> 62 | B63: CPVC Fittings | C63: C65 | D63: Tee 1 1⁄2 inch 40 mm | E63: =VLOOKUP(C63,'C Fittings'!$E$5:$I2469,5,0) -> 0.14545 | F63: =VLOOKUP(C63,'C Fittings'!E$5:$F2469,2,0) -> 204 | G63: =IFERROR(VLOOKUP($C63,'C Fittings'!E26:O2469,11,0),0) -> 204
A64: =A63+1 -> 63 | B64: CPVC Fittings | C64: C66 | D64: Tee 2 inch 50 mm | E64: =VLOOKUP(C64,'C Fittings'!$E$5:$I2469,5,0) -> 0.262 | F64: =VLOOKUP(C64,'C Fittings'!E$5:$F2469,2,0) -> 418 | G64: =IFERROR(VLOOKUP($C64,'C Fittings'!E27:O2469,11,0),0) -> 418
A65: =A64+1 -> 64 | B65: CPVC Fittings | C65: C67 | D65: Tee (SCH-80) 2 1⁄2 inch 65 mm | E65: =VLOOKUP(C65,'C Fittings'!$E$5:$I2469,5,0) -> 0.687 | F65: =VLOOKUP(C65,'C Fittings'!E$5:$F2469,2,0) -> 1360 | G65: =IFERROR(VLOOKUP($C65,'C Fittings'!E28:O2469,11,0),0) -> 1360
A66: =A65+1 -> 65 | B66: CPVC Fittings | C66: C68 | D66: Tee (SCH-80) 3 inch 80 mm | E66: =VLOOKUP(C66,'C Fittings'!$E$5:$I2469,5,0) -> 1.0736 | F66: =VLOOKUP(C66,'C Fittings'!E$5:$F2469,2,0) -> 1980 | G66: =IFERROR(VLOOKUP($C66,'C Fittings'!E29:O2469,11,0),0) -> 1980
A67: =A66+1 -> 66 | B67: CPVC Fittings | C67: C69 | D67: Tee (SCH-80) 4 inch 100 mm | E67: =VLOOKUP(C67,'C Fittings'!$E$5:$I2469,5,0) -> 1.723 | F67: =VLOOKUP(C67,'C Fittings'!E$5:$F2469,2,0) -> 3240 | G67: =IFERROR(VLOOKUP($C67,'C Fittings'!E30:O2469,11,0),0) -> 3240
A68: =A67+1 -> 67 | B68: CPVC Fittings | C68: C69N | D68: Tee (SCH-40) 6 inch 150 mm | E68: =VLOOKUP(C68,'C Fittings'!$E$5:$I2469,5,0) -> 2.445 | F68: =VLOOKUP(C68,'C Fittings'!E$5:$F2469,2,0) -> 5240 | G68: =IFERROR(VLOOKUP($C68,'C Fittings'!E31:O2469,11,0),0) -> 5240
A69: =A68+1 -> 68 | B69: CPVC Fittings | C69: C221 | D69: Reducer Tee 3⁄4 x 3⁄4 x 1⁄2 inch 20x20x15 mm | E69: =VLOOKUP(C69,'C Fittings'!$E$5:$I2469,5,0) -> 0.02 | F69: =VLOOKUP(C69,'C Fittings'!E$5:$F2469,2,0) -> 46 | G69: =IFERROR(VLOOKUP($C69,'C Fittings'!E32:O2469,11,0),0) -> 46
A70: =A69+1 -> 69 | B70: CPVC Fittings | C70: C232 | D70: Reducer Tee 1 x 1 x 3⁄4 inch 25x25x20 mm | E70: =VLOOKUP(C70,'C Fittings'!$E$5:$I2469,5,0) -> 0.039 | F70: =VLOOKUP(C70,'C Fittings'!E$5:$F2469,2,0) -> 88 | G70: =IFERROR(VLOOKUP($C70,'C Fittings'!E33:O2469,11,0),0) -> 88
A71: =A70+1 -> 70 | B71: CPVC Fittings | C71: C242 | D71: Reducer Tee 1 1⁄4 x 1 1⁄4 x 3⁄4 inch 32x32x20 mm | E71: =VLOOKUP(C71,'C Fittings'!$E$5:$I2469,5,0) -> 0.05995 | F71: =VLOOKUP(C71,'C Fittings'!E$5:$F2469,2,0) -> 168 | G71: =IFERROR(VLOOKUP($C71,'C Fittings'!E34:O2469,11,0),0) -> 168
A72: =A71+1 -> 71 | B72: CPVC Fittings | C72: C243 | D72: Reducer Tee 1 1⁄4 x 1 1⁄4 x 1 inch 32x32x25 mm | E72: =VLOOKUP(C72,'C Fittings'!$E$5:$I2469,5,0) -> 0.0658 | F72: =VLOOKUP(C72,'C Fittings'!E$5:$F2469,2,0) -> 136 | G72: =IFERROR(VLOOKUP($C72,'C Fittings'!E35:O2469,11,0),0) -> 136
A73: =A72+1 -> 72 | B73: CPVC Fittings | C73: C252 | D73: Reducer Tee 1 1⁄2 x 1 1⁄2 x 3⁄4 inch 40x40x20 mm | E73: =VLOOKUP(C73,'C Fittings'!$E$5:$I2469,5,0) -> 0.18225 | F73: =VLOOKUP(C73,'C Fittings'!E$5:$F2469,2,0) -> 228 | G73: =IFERROR(VLOOKUP($C73,'C Fittings'!E36:O2469,11,0),0) -> 228
A74: =A73+1 -> 73 | B74: CPVC Fittings | C74: C253 | D74: Reducer Tee 1 1⁄2 x 1 1⁄2 x 1 inch 40x40x25 mm | E74: =VLOOKUP(C74,'C Fittings'!$E$5:$I2469,5,0) -> 0.095 | F74: =VLOOKUP(C74,'C Fittings'!E$5:$F2469,2,0) -> 218 | G74: =IFERROR(VLOOKUP($C74,'C Fittings'!E37:O2469,11,0),0) -> 218
A75: =A74+1 -> 74 | B75: CPVC Fittings | C75: C254 | D75: Reducer Tee 1 1⁄2 x 1 1⁄2 x 1 1⁄4 inch 40x40x32 mm | E75: =VLOOKUP(C75,'C Fittings'!$E$5:$I2469,5,0) -> 0.1705 | F75: =VLOOKUP(C75,'C Fittings'!E$5:$F2469,2,0) -> 228 | G75: =IFERROR(VLOOKUP($C75,'C Fittings'!E38:O2469,11,0),0) -> 228
A76: =A75+1 -> 75 | B76: CPVC Fittings | C76: C262 | D76: Reducer Tee 2 x 2 x 3⁄4 inch 50x50x20 mm | E76: =VLOOKUP(C76,'C Fittings'!$E$5:$I2469,5,0) -> 0.375 | F76: =VLOOKUP(C76,'C Fittings'!E$5:$F2469,2,0) -> 396 | G76: =IFERROR(VLOOKUP($C76,'C Fittings'!E39:O2469,11,0),0) -> 396
A77: =A76+1 -> 76 | B77: CPVC Fittings | C77: C263 | D77: Reducer Tee 2 x 2 x 1 inch 50x50x25 mm | E77: =VLOOKUP(C77,'C Fittings'!$E$5:$I2469,5,0) -> 0.377 | F77: =VLOOKUP(C77,'C Fittings'!E$5:$F2469,2,0) -> 396 | G77: =IFERROR(VLOOKUP($C77,'C Fittings'!E40:O2469,11,0),0) -> 396
A78: =A77+1 -> 77 | B78: CPVC Fittings | C78: C264 | D78: Reducer Tee 2 x 2 x 1 1⁄4 inch 50x50x32 mm | E78: =VLOOKUP(C78,'C Fittings'!$E$5:$I2469,5,0) -> 0.476 | F78: =VLOOKUP(C78,'C Fittings'!E$5:$F2469,2,0) -> 396 | G78: =IFERROR(VLOOKUP($C78,'C Fittings'!E41:O2469,11,0),0) -> 396
A79: =A78+1 -> 78 | B79: CPVC Fittings | C79: C265 | D79: Reducer Tee 2 x 2 x 1 1⁄2 inch 50x50x40 mm | E79: =VLOOKUP(C79,'C Fittings'!$E$5:$I2469,5,0) -> 0.3655 | F79: =VLOOKUP(C79,'C Fittings'!E$5:$F2469,2,0) -> 396 | G79: =IFERROR(VLOOKUP($C79,'C Fittings'!E42:O2469,11,0),0) -> 396
A80: =A79+1 -> 79 | B80: CPVC Fittings | C80: C32 | D80: Union 3⁄4 inch 20 mm | E80: =VLOOKUP(C80,'C Fittings'!$E$5:$I2469,5,0) -> 0.06594 | F80: =VLOOKUP(C80,'C Fittings'!E$5:$F2469,2,0) -> 94 | G80: =IFERROR(VLOOKUP($C80,'C Fittings'!E43:O2469,11,0),0) -> 94
A81: =A80+1 -> 80 | B81: CPVC Fittings | C81: C33 | D81: Union 1 inch 25 mm | E81: =VLOOKUP(C81,'C Fittings'!$E$5:$I2469,5,0) -> 0.09645 | F81: =VLOOKUP(C81,'C Fittings'!E$5:$F2469,2,0) -> 116 | G81: =IFERROR(VLOOKUP($C81,'C Fittings'!E44:O2469,11,0),0) -> 116
A82: =A81+1 -> 81 | B82: CPVC Fittings | C82: C34 | D82: Union 1 1⁄4 inch 32 mm | E82: =VLOOKUP(C82,'C Fittings'!$E$5:$I2469,5,0) -> 0.1449 | F82: =VLOOKUP(C82,'C Fittings'!E$5:$F2469,2,0) -> 188 | G82: =IFERROR(VLOOKUP($C82,'C Fittings'!E45:O2469,11,0),0) -> 188
A83: =A82+1 -> 82 | B83: CPVC Fittings | C83: C35 | D83: Union 1 1⁄2 inch 40 mm | E83: =VLOOKUP(C83,'C Fittings'!$E$5:$I2469,5,0) -> 0.16135 | F83: =VLOOKUP(C83,'C Fittings'!E$5:$F2469,2,0) -> 308 | G83: =IFERROR(VLOOKUP($C83,'C Fittings'!E46:O2469,11,0),0) -> 308
A84: =A83+1 -> 83 | B84: CPVC Fittings | C84: C36 | D84: Union 2 inch 50 mm | E84: =VLOOKUP(C84,'C Fittings'!$E$5:$I2469,5,0) -> 0.28705 | F84: =VLOOKUP(C84,'C Fittings'!E$5:$F2469,2,0) -> 548 | G84: =IFERROR(VLOOKUP($C84,'C Fittings'!E47:O2469,11,0),0) -> 548
A85: =A84+1 -> 84 | B85: CPVC Fittings | C85: C37 | D85: Union 2 1⁄2 inch 65 mm | E85: =VLOOKUP(C85,'C Fittings'!$E$5:$I2469,5,0) -> 0.919 | F85: =VLOOKUP(C85,'C Fittings'!E$5:$F2469,2,0) -> 1184 | G85: =IFERROR(VLOOKUP($C85,'C Fittings'!E48:O2469,11,0),0) -> 1184
A86: =A85+1 -> 85 | B86: CPVC Fittings | C86: C38 | D86: Union 3 inch 80 mm | E86: =VLOOKUP(C86,'C Fittings'!$E$5:$I2469,5,0) -> 0 | F86: =VLOOKUP(C86,'C Fittings'!E$5:$F2469,2,0) -> 1780 | G86: =IFERROR(VLOOKUP($C86,'C Fittings'!E49:O2469,11,0),0) -> 1780
A87: =A86+1 -> 86 | B87: CPVC Fittings | C87: C39 | D87: Union 4 inch 100 mm | E87: =VLOOKUP(C87,'C Fittings'!$E$5:$I2469,5,0) -> 2.398 | F87: =VLOOKUP(C87,'C Fittings'!E$5:$F2469,2,0) -> 2990 | G87: =IFERROR(VLOOKUP($C87,'C Fittings'!E50:O2469,11,0),0) -> 2990
A88: =A87+1 -> 87 | B88: CPVC Fittings | C88: C41 | D88: Coupling 1⁄2 inch 15 mm | E88: =VLOOKUP(C88,'C Fittings'!$E$5:$I2469,5,0) -> 0.00725 | F88: =VLOOKUP(C88,'C Fittings'!E$5:$F2469,2,0) -> 14.8 | G88: =IFERROR(VLOOKUP($C88,'C Fittings'!E51:O2469,11,0),0) -> 14.8
A89: =A88+1 -> 88 | B89: CPVC Fittings | C89: C42 | D89: Coupling 3⁄4 inch 20 mm | E89: =VLOOKUP(C89,'C Fittings'!$E$5:$I2469,5,0) -> 0.0135 | F89: =VLOOKUP(C89,'C Fittings'!E$5:$F2469,2,0) -> 17.4 | G89: =IFERROR(VLOOKUP($C89,'C Fittings'!E52:O2469,11,0),0) -> 17.4
A90: =A89+1 -> 89 | B90: CPVC Fittings | C90: C43 | D90: Coupling 1 inch 25 mm | E90: =VLOOKUP(C90,'C Fittings'!$E$5:$I2469,5,0) -> 0.0204 | F90: =VLOOKUP(C90,'C Fittings'!E$5:$F2469,2,0) -> 28.4 | G90: =IFERROR(VLOOKUP($C90,'C Fittings'!E53:O2469,11,0),0) -> 28.4
A91: =A90+1 -> 90 | B91: CPVC Fittings | C91: C44 | D91: Coupling 1 1⁄4 inch 32 mm | E91: =VLOOKUP(C91,'C Fittings'!$E$5:$I2469,5,0) -> 0.0364 | F91: =VLOOKUP(C91,'C Fittings'!E$5:$F2469,2,0) -> 56.6 | G91: =IFERROR(VLOOKUP($C91,'C Fittings'!E54:O2469,11,0),0) -> 56.6
A92: =A91+1 -> 91 | B92: CPVC Fittings | C92: C45 | D92: Coupling 1 1⁄2 inch 40 mm | E92: =VLOOKUP(C92,'C Fittings'!$E$5:$I2469,5,0) -> 0.0609 | F92: =VLOOKUP(C92,'C Fittings'!E$5:$F2469,2,0) -> 99.8 | G92: =IFERROR(VLOOKUP($C92,'C Fittings'!E55:O2469,11,0),0) -> 99.8
A93: =A92+1 -> 92 | B93: CPVC Fittings | C93: C46 | D93: Coupling 2 inch 50 mm | E93: =VLOOKUP(C93,'C Fittings'!$E$5:$I2469,5,0) -> 0.133 | F93: =VLOOKUP(C93,'C Fittings'!E$5:$F2469,2,0) -> 218 | G93: =IFERROR(VLOOKUP($C93,'C Fittings'!E56:O2469,11,0),0) -> 218
A94: =A93+1 -> 93 | B94: CPVC Fittings | C94: C47 | D94: Coupling (Sch-80) 2 1⁄2 inch 65 mm | E94: =VLOOKUP(C94,'C Fittings'!$E$5:$I2469,5,0) -> 0.3079 | F94: =VLOOKUP(C94,'C Fittings'!E$5:$F2469,2,0) -> 618 | G94: =IFERROR(VLOOKUP($C94,'C Fittings'!E57:O2469,11,0),0) -> 618
A95: =A94+1 -> 94 | B95: CPVC Fittings | C95: C48 | D95: Coupling (Sch-80) 3 inch 80 mm | E95: =VLOOKUP(C95,'C Fittings'!$E$5:$I2469,5,0) -> 0.4385 | F95: =VLOOKUP(C95,'C Fittings'!E$5:$F2469,2,0) -> 892 | G95: =IFERROR(VLOOKUP($C95,'C Fittings'!E58:O2469,11,0),0) -> 892
A96: =A95+1 -> 95 | B96: CPVC Fittings | C96: C49 | D96: Coupling (Sch-80) 4 inch 100 mm | E96: =VLOOKUP(C96,'C Fittings'!$E$5:$I2469,5,0) -> 0.6595 | F96: =VLOOKUP(C96,'C Fittings'!E$5:$F2469,2,0) -> 1348 | G96: =IFERROR(VLOOKUP($C96,'C Fittings'!E59:O2469,11,0),0) -> 1348
A97: =A96+1 -> 96 | B97: CPVC Fittings | C97: C49N | D97: Coupling (Sch-40) 6 inch 150 mm | E97: =VLOOKUP(C97,'C Fittings'!$E$5:$I2469,5,0) -> 0.964 | F97: =VLOOKUP(C97,'C Fittings'!E$5:$F2469,2,0) -> 2170 | G97: =IFERROR(VLOOKUP($C97,'C Fittings'!E60:O2469,11,0),0) -> 2170
A98: =A97+1 -> 97 | B98: CPVC Fittings | C98: C921 | D98: Reducer Coupling 3⁄4 x 1⁄2 inch 20x15 mm | E98: =VLOOKUP(C98,'C Fittings'!$E$5:$I2469,5,0) -> 0.01 | F98: =VLOOKUP(C98,'C Fittings'!E$5:$F2469,2,0) -> 22 | G98: =IFERROR(VLOOKUP($C98,'C Fittings'!E61:O2469,11,0),0) -> 22
A99: =A98+1 -> 98 | B99: CPVC Fittings | C99: C932 | D99: Reducer Coupling 1 x 3⁄4 inch 25x20 mm | E99: =VLOOKUP(C99,'C Fittings'!$E$5:$I2469,5,0) -> 0.0195 | F99: =VLOOKUP(C99,'C Fittings'!E$5:$F2469,2,0) -> 39 | G99: =IFERROR(VLOOKUP($C99,'C Fittings'!E62:O2469,11,0),0) -> 39
A100: =A99+1 -> 99 | B100: CPVC Fittings | C100: C942 | D100: Reducer Coupling 1 1⁄4 x 3⁄4 inch 32x20 mm | E100: =VLOOKUP(C100,'C Fittings'!$E$5:$I2469,5,0) -> 0.0323 | F100: =VLOOKUP(C100,'C Fittings'!E$5:$F2469,2,0) -> 79 | G100: =IFERROR(VLOOKUP($C100,'C Fittings'!E63:O2469,11,0),0) -> 79
...

Sheet  CPVC PIPE
A1: https://docs.google.com/spreadsheets/d/1TX-9XGjxpqHQahWoH9tryIBWer6h9pqOFfc8QE1-51Y/edit#gid=1686480931
B2: S.NO. | C2: ITEM CODE | D2: Size (in) | E2: Size (mm) | F2: MRP as on 1st May, 2024 | G2: WEIGHT | H2: KG COST | I2: NEW MRP
B4: Pipe SDR 11 (3 MTR)
B5: 1 | C5: PS-1 | D5: 1⁄2 | E5: 15 | F5: 237 | G5: 0.36 | H5: =IFERROR(F5/G5,"") -> 658.33333 | I5: 237
B6: 2 | C6: PS-2 | D6: 3⁄4 | E6: 20 | F6: 369 | G6: 0.62 | H6: =IFERROR(F6/G6,"") -> 595.16129 | I6: 369
B7: 3 | C7: PS-3 | D7: 1 | E7: 25 | F7: 597 | G7: 1 | H7: =IFERROR(F7/G7,"") -> 597 | I7: 597
B8: 4 | C8: PS-4 | D8: 1 1⁄4 | E8: 32 | F8: 927 | G8: 1.5 | H8: =IFERROR(F8/G8,"") -> 618 | I8: 927
B9: 5 | C9: PS-5 | D9: 1 1⁄2 | E9: 40 | F9: 1287 | G9: 2.05 | H9: =IFERROR(F9/G9,"") -> 627.80488 | I9: 1287
B10: 6 | C10: PS-6 | D10: 2 | E10: 50 | F10: 2196 | G10: 3.5 | H10: =IFERROR(F10/G10,"") -> 627.42857 | I10: 2196
B11: TOTAL | F11: =SUM(F5:F10) -> 5613 | I11: =SUM(I5:I10) -> 5613
B13: Pipe SCH 80 (3 MTR)
B14: 7 | C14: PS-7 | D14: 2 1⁄2 | E14: 65 | F14: 4480 | G14: 6.326 | H14: =IFERROR(F14/G14,"") -> 708.18843 | I14: 4480
B15: 8 | C15: PS-8 | D15: 3 | E15: 80 | F15: 5980 | G15: 8.473 | H15: =IFERROR(F15/G15,"") -> 705.77127 | I15: 5980
B16: 9 | C16: PS-9 | D16: 4 | E16: 100 | F16: 8680 | G16: 12.39 | H16: =IFERROR(F16/G16,"") -> 700.56497 | I16: 8680
B17: 10 | C17: PS-10 | D17: 6 | E17: 150 | F17: 16800 | G17: 23.651 | H17: =IFERROR(F17/G17,"") -> 710.32937 | I17: 16800
B18: TOTAL | F18: =SUM(F14:F17) -> 35940 | I18: =SUM(I14:I17) -> 35940
B20: Pipe SDR 11 (5 MTR)
B21: 11 | C21: PS-1S | D21: 1⁄2 | E21: 15 | F21: 395 | G21: =(G5/3)*5 -> 0.6 | H21: =IFERROR(F21/G21,"") -> 658.33333 | I21: 395
B22: 12 | C22: PS-2S | D22: 3⁄4 | E22: 20 | F22: 615 | G22: =(G6/3)*5 -> 1.0333333 | H22: =IFERROR(F22/G22,"") -> 595.16129 | I22: 615
B23: 13 | C23: PS-3S | D23: 1 | E23: 25 | F23: 995 | G23: =(G7/3)*5 -> 1.6666667 | H23: =IFERROR(F23/G23,"") -> 597 | I23: 995
B24: 14 | C24: PS-4S | D24: 1 1⁄4 | E24: 32 | F24: 1545 | G24: =(G8/3)*5 -> 2.5 | H24: =IFERROR(F24/G24,"") -> 618 | I24: 1545
B25: 15 | C25: PS-5S | D25: 1 1⁄2 | E25: 40 | F25: 2145 | G25: =(G9/3)*5 -> 3.4166667 | H25: =IFERROR(F25/G25,"") -> 627.80488 | I25: 2145
B26: 16 | C26: PS-6S | D26: 2 | E26: 50 | F26: 3660 | G26: =(G10/3)*5 -> 5.8333333 | H26: =IFERROR(F26/G26,"") -> 627.42857 | I26: 3660
B27: TOTAL | F27: =SUM(F21:F26) -> 9355 | I27: =SUM(I21:I26) -> 9355
B29: Pipe SCH 80 (5 MTR)
B30: 17 | C30: PS-7S | D30: 2 1⁄2 | E30: 65 | F30: 7466.67 | G30: =(G14/3)*5 -> 10.543333 | H30: =IFERROR(F30/G30,"") -> 708.18874 | I30: 7466.67
B31: 18 | C31: PS-8S | D31: 3 | E31: 80 | F31: 9966.67 | G31: =(G15/3)*5 -> 14.121667 | H31: =IFERROR(F31/G31,"") -> 705.77151 | I31: 9966.67
B32: 19 | C32: PS-9S | D32: 4 | E32: 100 | F32: 14466.67 | G32: =(G16/3)*5 -> 20.65 | H32: =IFERROR(F32/G32,"") -> 700.56513 | I32: 14466.67
B33: 20 | C33: PS-10S | D33: 6 | E33: 150 | F33: 28000 | G33: =(G17/3)*5 -> 39.418333 | H33: =IFERROR(F33/G33,"") -> 710.32937 | I33: 28000
B34: TOTAL | F34: =SUM(F30:F33) -> 59900.01 | I34: =SUM(I30:I33) -> 59900.01
B36: Pipe SDR 13.5 (3 MTR)
B37: 21 | C37: PS-11 | D37: 1⁄2 | E37: 15 | F37: 219 | G37: 0.33 | H37: =IFERROR(F37/G37,"") -> 663.63636 | I37: 219
B38: 22 | C38: PS-12 | D38: 3⁄4 | E38: 20 | F38: 324 | G38: 0.53 | H38: =IFERROR(F38/G38,"") -> 611.32075 | I38: 324
B39: 23 | C39: PS-13 | D39: 1 | E39: 25 | F39: 498 | G39: 0.83 | H39: =IFERROR(F39/G39,"") -> 600 | I39: 498
B40: 24 | C40: PS-14 | D40: 1 1⁄4 | E40: 32 | F40: 778 | G40: 1.25 | H40: =IFERROR(F40/G40,"") -> 622.4 | I40: 778
B41: 25 | C41: PS-15 | D41: 1 1⁄2 | E41: 40 | F41: 1092 | G41: 1.75 | H41: =IFERROR(F41/G41,"") -> 624 | I41: 1092
B42: 26 | C42: PS-16 | D42: 2 | E42: 50 | F42: 1842 | G42: 2.9 | H42: =IFERROR(F42/G42,"") -> 635.17241 | I42: 1842
B43: TOTAL | F43: =SUM(F37:F42) -> 4753 | I43: =SUM(I37:I42) -> 4753
B45: Pipe SCH 40 (3 MTR)
B46: 27 | C46: PS-17 | D46: 2 1⁄2 | E46: 65 | F46: 3390 | G46: 4.774 | H46: =IFERROR(F46/G46,"") -> 710.09636 | I46: 3390
B47: 28 | C47: PS-18 | D47: 3 | E47: 80 | F47: 4490 | G47: 6.248 | H47: =IFERROR(F47/G47,"") -> 718.62996 | I47: 4490
B48: 29 | C48: PS-19 | D48: 4 | E48: 100 | F48: 6390 | G48: 8.9 | H48: =IFERROR(F48/G48,"") -> 717.97753 | I48: 6390
B49: 30 | C49: PS-20 | D49: 6 | E49: 150 | F49: 10990 | G49: 15.666 | H49: =IFERROR(F49/G49,"") -> 701.51921 | I49: 10990
B50: TOTAL | F50: =SUM(F46:F49) -> 25260 | I50: =SUM(I46:I49) -> 25260
B52: Pipe SDR 13.5 (5 MTR)
B53: 31 | C53: PS-11S | D53: 1⁄2 | E53: 15 | F53: 365 | G53: =G37*2 -> 0.66 | H53: =IFERROR(F53/G53,"") -> 553.0303 | I53: 365
B54: 32 | C54: PS-12S | D54: 3⁄4 | E54: 20 | F54: 540 | G54: =G38*2 -> 1.06 | H54: =IFERROR(F54/G54,"") -> 509.43396 | I54: 540
B55: 33 | C55: PS-13S | D55: 1 | E55: 25 | F55: 830 | G55: =G39*2 -> 1.66 | H55: =IFERROR(F55/G55,"") -> 500 | I55: 830
B56: 34 | C56: PS-14S | D56: 1 1⁄4 | E56: 32 | F56: 1296.67 | G56: =G40*2 -> 2.5 | H56: =IFERROR(F56/G56,"") -> 518.668 | I56: 1296.67
B57: 35 | C57: PS-15S | D57: 1 1⁄2 | E57: 40 | F57: 1820 | G57: =G41*2 -> 3.5 | H57: =IFERROR(F57/G57,"") -> 520 | I57: 1820
B58: 36 | C58: PS-16S | D58: 2 | E58: 50 | F58: 3070 | G58: =G42*2 -> 5.8 | H58: =IFERROR(F58/G58,"") -> 529.31034 | I58: 3070
B59: TOTAL | F59: =SUM(F53:F58) -> 7921.67 | I59: =SUM(I53:I58) -> 7921.67
B61: Pipe SCH 40 (5 MTR)
B62: 37 | C62: PS-17S | D62: 2 1⁄2 | E62: 65 | F62: 5650 | G62: =G46*2 -> 9.548 | H62: =IFERROR(F62/G62,"") -> 591.74696 | I62: 5650
B63: 38 | C63: PS-18S | D63: 3 | E63: 80 | F63: 7483.33 | G63: =G47*2 -> 12.496 | H63: =IFERROR(F63/G63,"") -> 598.85803 | I63: 7483.33
B64: 39 | C64: PS-19S | D64: 4 | E64: 100 | F64: 10650 | G64: =G48*2 -> 17.8 | H64: =IFERROR(F64/G64,"") -> 598.31461 | I64: 10650
B65: 40 | C65: PS-20S | D65: 6 | E65: 150 | F65: 18316.67 | G65: =G49*2 -> 31.332 | H65: =IFERROR(F65/G65,"") -> 584.59945 | I65: 18316.67
B66: TOTAL | F66: =SUM(F62:F65) -> 42100 | I66: =SUM(I62:I65) -> 42100

Sheet C Fittings
A1: FPP
B2: S.NO. | C2: Size (in) | D2: Size (mm) | E2: ITEM CODE | F2: =' CPVC PIPE'!F2 -> MRP as on 1st May, 2024 | G2: WEIGHT | H2: BRASS | I2: WEIGHT WITH BRASS | J2: KG COST | K2: G*250 | L2: H*750 | M2: K+L | N2: O/M | O2: MRP as on 1st Feb, 2026 | P2: CONCEALED COST
B4: Elbow 90⁰
A5: =$B$4&C5 -> Elbow 90⁰1⁄2 | B5: 1 | C5: 1⁄2 | D5: 15 | E5: C51 | F5: 16.8 | G5: =IFERROR(__xludf.DUMMYFUNCTION("ArrayFormula(IFERROR(VLOOKUP(E5,IMPORTRANGE(""https://docs.google.com/spreadsheets/d/1xZyKy-UzMmtPDLpV5jQdYum1LtbR8XKDuasLSjmBRMI/edit#gid=1241094406"",""COMBINED DATA!E3:L""),{7,8},0)))"),0.011) -> 0.011 | H5: =IFERROR(__xludf.DUMMYFUNCTION("""COMPUTED_VALUE"""),0.0) -> 0 | I5: =G5+H5 -> 0.011 | J5: =IFERROR(F5/$I5,"") -> 1527.2727 | K5: =IFERROR(G5*250,) -> 2.75 | L5: =IFERROR(H5*750,"") -> 0 | M5: =K5+L5 -> 2.75 | N5: =IFERROR(F5/M5,"") -> 6.1090909 | O5: 16.8
A6: =$B$4&C6 -> Elbow 90⁰3⁄4 | B6: 2 | C6: 3⁄4 | D6: 20 | E6: C52 | F6: 19.9 | G6: =IFERROR(__xludf.DUMMYFUNCTION("ArrayFormula(IFERROR(VLOOKUP(E6,IMPORTRANGE(""https://docs.google.com/spreadsheets/d/1xZyKy-UzMmtPDLpV5jQdYum1LtbR8XKDuasLSjmBRMI/edit#gid=1241094406"",""COMBINED DATA!E3:L""),{7,8},0)))"),0.0229) -> 0.0229 | H6: =IFERROR(__xludf.DUMMYFUNCTION("""COMPUTED_VALUE"""),0.0) -> 0 | I6: =G6+H6 -> 0.0229 | J6: =IFERROR(F6/$I6,"") -> 868.99563 | K6: =IFERROR(G6*250,) -> 5.725 | L6: =IFERROR(H6*750,"") -> 0 | M6: =K6+L6 -> 5.725 | N6: =IFERROR(F6/M6,"") -> 3.4759825 | O6: 19.9
A7: =$B$4&C7 -> Elbow 90⁰1 | B7: 3 | C7: 1 | D7: 25 | E7: C53 | F7: 39.8 | G7: =IFERROR(__xludf.DUMMYFUNCTION("ArrayFormula(IFERROR(VLOOKUP(E7,IMPORTRANGE(""https://docs.google.com/spreadsheets/d/1xZyKy-UzMmtPDLpV5jQdYum1LtbR8XKDuasLSjmBRMI/edit#gid=1241094406"",""COMBINED DATA!E3:L""),{7,8},0)))"),0.0363) -> 0.0363 | H7: =IFERROR(__xludf.DUMMYFUNCTION("""COMPUTED_VALUE"""),0.0) -> 0 | I7: =G7+H7 -> 0.0363 | J7: =IFERROR(F7/$I7,"") -> 1096.4187 | K7: =IFERROR(G7*250,) -> 9.075 | L7: =IFERROR(H7*750,"") -> 0 | M7: =K7+L7 -> 9.075 | N7: =IFERROR(F7/M7,"") -> 4.3856749 | O7: 39.8
A8: =$B$4&C8 -> Elbow 90⁰1 1⁄4 | B8: 4 | C8: 1 1⁄4 | D8: 32 | E8: C54 | F8: 89.9 | G8: =IFERROR(__xludf.DUMMYFUNCTION("ArrayFormula(IFERROR(VLOOKUP(E8,IMPORTRANGE(""https://docs.google.com/spreadsheets/d/1xZyKy-UzMmtPDLpV5jQdYum1LtbR8XKDuasLSjmBRMI/edit#gid=1241094406"",""COMBINED DATA!E3:L""),{7,8},0)))"),0.07095) -> 0.07095 | H8: =IFERROR(__xludf.DUMMYFUNCTION("""COMPUTED_VALUE"""),0.0) -> 0 | I8: =G8+H8 -> 0.07095 | J8: =IFERROR(F8/$I8,"") -> 1267.0895 | K8: =IFERROR(G8*250,) -> 17.7375 | L8: =IFERROR(H8*750,"") -> 0 | M8: =K8+L8 -> 17.7375 | N8: =IFERROR(F8/M8,"") -> 5.068358 | O8: 89.9
A9: =$B$4&C9 -> Elbow 90⁰1 1⁄2 | B9: 5 | C9: 1 1⁄2 | D9: 40 | E9: C55 | F9: 164.4 | G9: =IFERROR(__xludf.DUMMYFUNCTION("ArrayFormula(IFERROR(VLOOKUP(E9,IMPORTRANGE(""https://docs.google.com/spreadsheets/d/1xZyKy-UzMmtPDLpV5jQdYum1LtbR8XKDuasLSjmBRMI/edit#gid=1241094406"",""COMBINED DATA!E3:L""),{7,8},0)))"),0.11225) -> 0.11225 | H9: =IFERROR(__xludf.DUMMYFUNCTION("""COMPUTED_VALUE"""),0.0) -> 0 | I9: =G9+H9 -> 0.11225 | J9: =IFERROR(F9/$I9,"") -> 1464.588 | K9: =IFERROR(G9*250,) -> 28.0625 | L9: =IFERROR(H9*750,"") -> 0 | M9: =K9+L9 -> 28.0625 | N9: =IFERROR(F9/M9,"") -> 5.8583519 | O9: 164.4
A10: =$B$4&C10 -> Elbow 90⁰2 | B10: 6 | C10: 2 | D10: 50 | E10: C56 | F10: 338 | G10: =IFERROR(__xludf.DUMMYFUNCTION("ArrayFormula(IFERROR(VLOOKUP(E10,IMPORTRANGE(""https://docs.google.com/spreadsheets/d/1xZyKy-UzMmtPDLpV5jQdYum1LtbR8XKDuasLSjmBRMI/edit#gid=1241094406"",""COMBINED DATA!E3:L""),{7,8},0)))"),0.2132) -> 0.2132 | H10: =IFERROR(__xludf.DUMMYFUNCTION("""COMPUTED_VALUE"""),0.0) -> 0 | I10: =G10+H10 -> 0.2132 | J10: =IFERROR(F10/$I10,"") -> 1585.3659 | K10: =IFERROR(G10*250,) -> 53.3 | L10: =IFERROR(H10*750,"") -> 0 | M10: =K10+L10 -> 53.3 | N10: =IFERROR(F10/M10,"") -> 6.3414634 | O10: 338
B11: TOTAL | F11: =SUM(F5:F10) -> 668.8 | H11: =IFERROR(__xludf.DUMMYFUNCTION("IFERROR(VLOOKUP(E11,IMPORTRANGE(""https://docs.google.com/spreadsheets/d/1xZyKy-UzMmtPDLpV5jQdYum1LtbR8XKDuasLSjmBRMI/edit#gid=1241094406"",""COMBINED DATA!E3:L""),8,0))"),"") | N11: =IFERROR(F11/M11,"") | O11: =SUM(O5:O10) -> 668.8
H12: =IFERROR(__xludf.DUMMYFUNCTION("IFERROR(VLOOKUP(E12,IMPORTRANGE(""https://docs.google.com/spreadsheets/d/1xZyKy-UzMmtPDLpV5jQdYum1LtbR8XKDuasLSjmBRMI/edit#gid=1241094406"",""COMBINED DATA!E3:L""),8,0))"),"") | N12: =IFERROR(F12/M12,"")
B13: Elbow 90⁰ (SCH-80) | H13: =IFERROR(__xludf.DUMMYFUNCTION("IFERROR(VLOOKUP(E13,IMPORTRANGE(""https://docs.google.com/spreadsheets/d/1xZyKy-UzMmtPDLpV5jQdYum1LtbR8XKDuasLSjmBRMI/edit#gid=1241094406"",""COMBINED DATA!E3:L""),8,0))"),"") | N13: =IFERROR(F13/M13,"")
A14: =$B$13&C14 -> Elbow 90⁰ (SCH-80)2 1⁄2 | B14: 1 | C14: 2 1⁄2 | D14: 65 | E14: C57 | F14: 898 | G14: =IFERROR(__xludf.DUMMYFUNCTION("ArrayFormula(IFERROR(VLOOKUP(E14,IMPORTRANGE(""https://docs.google.com/spreadsheets/d/1xZyKy-UzMmtPDLpV5jQdYum1LtbR8XKDuasLSjmBRMI/edit#gid=1241094406"",""COMBINED DATA!E3:L""),{7,8},0)))"),0.522) -> 0.522 | H14: =IFERROR(__xludf.DUMMYFUNCTION("""COMPUTED_VALUE"""),0.0) -> 0 | I14: =G14+H14 -> 0.522 | J14: =IFERROR(F14/$I14,"") -> 1720.3065 | K14: =IFERROR(G14*250,) -> 130.5 | L14: =IFERROR(H14*750,"") -> 0 | M14: =K14+L14 -> 130.5 | N14: =IFERROR(F14/M14,"") -> 6.8812261 | O14: 898
A15: =$B$13&C15 -> Elbow 90⁰ (SCH-80)3 | B15: 2 | C15: 3 | D15: 80 | E15: C58 | F15: 1368 | G15: =IFERROR(__xludf.DUMMYFUNCTION("ArrayFormula(IFERROR(VLOOKUP(E15,IMPORTRANGE(""https://docs.google.com/spreadsheets/d/1xZyKy-UzMmtPDLpV5jQdYum1LtbR8XKDuasLSjmBRMI/edit#gid=1241094406"",""COMBINED DATA!E3:L""),{7,8},0)))"),0.8142) -> 0.8142 | H15: =IFERROR(__xludf.DUMMYFUNCTION("""COMPUTED_VALUE"""),0.0) -> 0 | I15: =G15+H15 -> 0.8142 | J15: =IFERROR(F15/$I15,"") -> 1680.1769 | K15: =IFERROR(G15*250,) -> 203.55 | L15: =IFERROR(H15*750,"") -> 0 | M15: =K15+L15 -> 203.55 | N15: =IFERROR(F15/M15,"") -> 6.7207074 | O15: 1368
A16: =$B$13&C16 -> Elbow 90⁰ (SCH-80)4 | B16: 3 | C16: 4 | D16: 100 | E16: C59 | F16: 2288 | G16: =IFERROR(__xludf.DUMMYFUNCTION("ArrayFormula(IFERROR(VLOOKUP(E16,IMPORTRANGE(""https://docs.google.com/spreadsheets/d/1xZyKy-UzMmtPDLpV5jQdYum1LtbR8XKDuasLSjmBRMI/edit#gid=1241094406"",""COMBINED DATA!E3:L""),{7,8},0)))"),1.362) -> 1.362 | H16: =IFERROR(__xludf.DUMMYFUNCTION("""COMPUTED_VALUE"""),0.0) -> 0 | I16: =G16+H16 -> 1.362 | J16: =IFERROR(F16/$I16,"") -> 1679.8825 | K16: =IFERROR(G16*250,) -> 340.5 | L16: =IFERROR(H16*750,"") -> 0 | M16: =K16+L16 -> 340.5 | N16: =IFERROR(F16/M16,"") -> 6.7195301 | O16: 2288
B17: TOTAL | F17: =SUM(F14:F16) -> 4554 | H17: =IFERROR(__xludf.DUMMYFUNCTION("IFERROR(VLOOKUP(E17,IMPORTRANGE(""https://docs.google.com/spreadsheets/d/1xZyKy-UzMmtPDLpV5jQdYum1LtbR8XKDuasLSjmBRMI/edit#gid=1241094406"",""COMBINED DATA!E3:L""),8,0))"),"") | N17: =IFERROR(F17/M17,"") | O17: =SUM(O14:O16) -> 4554
H18: =IFERROR(__xludf.DUMMYFUNCTION("IFERROR(VLOOKUP(E18,IMPORTRANGE(""https://docs.google.com/spreadsheets/d/1xZyKy-UzMmtPDLpV5jQdYum1LtbR8XKDuasLSjmBRMI/edit#gid=1241094406"",""COMBINED DATA!E3:L""),8,0))"),"") | N18: =IFERROR(F18/M18,"")
B19: Elbow 90⁰ (SCH-40) | H19: =IFERROR(__xludf.DUMMYFUNCTION("IFERROR(VLOOKUP(E19,IMPORTRANGE(""https://docs.google.com/spreadsheets/d/1xZyKy-UzMmtPDLpV5jQdYum1LtbR8XKDuasLSjmBRMI/edit#gid=1241094406"",""COMBINED DATA!E3:L""),8,0))"),"") | N19: =IFERROR(F19/M19,"")
A20: =$B$19&C20 -> Elbow 90⁰ (SCH-40)6 | B20: 1 | C20: 6 | D20: 150 | E20: C59N | F20: 3580 | G20: =IFERROR(__xludf.DUMMYFUNCTION("ArrayFormula(IFERROR(VLOOKUP(E20,IMPORTRANGE(""https://docs.google.com/spreadsheets/d/1xZyKy-UzMmtPDLpV5jQdYum1LtbR8XKDuasLSjmBRMI/edit#gid=1241094406"",""COMBINED DATA!E3:L""),{7,8},0)))"),1.975) -> 1.975 | H20: =IFERROR(__xludf.DUMMYFUNCTION("""COMPUTED_VALUE"""),0.0) -> 0 | I20: =G20+H20 -> 1.975 | J20: =IFERROR(F20/$I20,"") -> 1812.6582 | K20: =IFERROR(G20*250,) -> 493.75 | L20: =IFERROR(H20*750,"") -> 0 | M20: =K20+L20 -> 493.75 | N20: =IFERROR(F20/M20,"") -> 7.2506329 | O20: 3580
H21: =IFERROR(__xludf.DUMMYFUNCTION("IFERROR(VLOOKUP(E21,IMPORTRANGE(""https://docs.google.com/spreadsheets/d/1xZyKy-UzMmtPDLpV5jQdYum1LtbR8XKDuasLSjmBRMI/edit#gid=1241094406"",""COMBINED DATA!E3:L""),8,0))"),"") | N21: =IFERROR(F21/M21,"")
B22: Reducer Elbow | H22: =IFERROR(__xludf.DUMMYFUNCTION("IFERROR(VLOOKUP(E22,IMPORTRANGE(""https://docs.google.com/spreadsheets/d/1xZyKy-UzMmtPDLpV5jQdYum1LtbR8XKDuasLSjmBRMI/edit#gid=1241094406"",""COMBINED DATA!E3:L""),8,0))"),"") | N22: =IFERROR(F22/M22,"")
A23: =$B$22&C23 -> Reducer Elbow3⁄4 x 1⁄2 | B23: 1 | C23: 3⁄4 x 1⁄2 | D23: 20x15 | E23: C50 | F23: 29.8 | G23: =IFERROR(__xludf.DUMMYFUNCTION("ArrayFormula(IFERROR(VLOOKUP(E23,IMPORTRANGE(""https://docs.google.com/spreadsheets/d/1xZyKy-UzMmtPDLpV5jQdYum1LtbR8XKDuasLSjmBRMI/edit#gid=1241094406"",""COMBINED DATA!E3:L""),{7,8},0)))"),0.017) -> 0.017 | H23: =IFERROR(__xludf.DUMMYFUNCTION("""COMPUTED_VALUE"""),0.0) -> 0 | I23: =G23+H23 -> 0.017 | J23: =IFERROR(F23/$I23,"") -> 1752.9412 | K23: =IFERROR(G23*250,) -> 4.25 | L23: =IFERROR(H23*750,"") -> 0 | M23: =K23+L23 -> 4.25 | N23: =IFERROR(F23/M23,"") -> 7.0117647 | O23: 29.8
A24: =$B$22&C24 -> Reducer Elbow1 x 3⁄4 | B24: 2 | C24: 1 x 3⁄4 | D24: 25x20 | E24: C532 | F24: 78 | G24: =IFERROR(__xludf.DUMMYFUNCTION("ArrayFormula(IFERROR(VLOOKUP(E24,IMPORTRANGE(""https://docs.google.com/spreadsheets/d/1xZyKy-UzMmtPDLpV5jQdYum1LtbR8XKDuasLSjmBRMI/edit#gid=1241094406"",""COMBINED DATA!E3:L""),{7,8},0)))"),0.03025) -> 0.03025 | H24: =IFERROR(__xludf.DUMMYFUNCTION("""COMPUTED_VALUE"""),0.0) -> 0 | I24: =G24+H24 -> 0.03025 | J24: =IFERROR(F24/$I24,"") -> 2578.5124 | K24: =IFERROR(G24*250,) -> 7.5625 | L24: =IFERROR(H24*750,"") -> 0 | M24: =K24+L24 -> 7.5625 | N24: =IFERROR(F24/M24,"") -> 10.31405 | O24: 78
B25: TOTAL | F25: =SUM(F23:F24) -> 107.8 | H25: =IFERROR(__xludf.DUMMYFUNCTION("IFERROR(VLOOKUP(E25,IMPORTRANGE(""https://docs.google.com/spreadsheets/d/1xZyKy-UzMmtPDLpV5jQdYum1LtbR8XKDuasLSjmBRMI/edit#gid=1241094406"",""COMBINED DATA!E3:L""),8,0))"),"") | N25: =IFERROR(F25/M25,"") | O25: =SUM(O23:O24) -> 107.8
H26: =IFERROR(__xludf.DUMMYFUNCTION("IFERROR(VLOOKUP(E26,IMPORTRANGE(""https://docs.google.com/spreadsheets/d/1xZyKy-UzMmtPDLpV5jQdYum1LtbR8XKDuasLSjmBRMI/edit#gid=1241094406"",""COMBINED DATA!E3:L""),8,0))"),"") | N26: =IFERROR(F26/M26,"")
B27: Elbow 45⁰ | H27: =IFERROR(__xludf.DUMMYFUNCTION("IFERROR(VLOOKUP(E27,IMPORTRANGE(""https://docs.google.com/spreadsheets/d/1xZyKy-UzMmtPDLpV5jQdYum1LtbR8XKDuasLSjmBRMI/edit#gid=1241094406"",""COMBINED DATA!E3:L""),8,0))"),"") | N27: =IFERROR(F27/M27,"")
A28: =$B$27&C28 -> Elbow 45⁰3⁄4 | B28: 1 | C28: 3⁄4 | D28: 20 | E28: C502 | F28: 27.8 | G28: =IFERROR(__xludf.DUMMYFUNCTION("ArrayFormula(IFERROR(VLOOKUP(E28,IMPORTRANGE(""https://docs.google.com/spreadsheets/d/1xZyKy-UzMmtPDLpV5jQdYum1LtbR8XKDuasLSjmBRMI/edit#gid=1241094406"",""COMBINED DATA!E3:L""),{7,8},0)))"),0.017) -> 0.017 | H28: =IFERROR(__xludf.DUMMYFUNCTION("""COMPUTED_VALUE"""),0.0) -> 0 | I28: =G28+H28 -> 0.017 | J28: =IFERROR(F28/$I28,"") -> 1635.2941 | K28: =IFERROR(G28*250,) -> 4.25 | L28: =IFERROR(H28*750,"") -> 0 | M28: =K28+L28 -> 4.25 | N28: =IFERROR(F28/M28,"") -> 6.5411765 | O28: 27.8
A29: =$B$27&C29 -> Elbow 45⁰1 | B29: 2 | C29: 1 | D29: 25 | E29: C503 | F29: 48.8 | G29: =IFERROR(__xludf.DUMMYFUNCTION("ArrayFormula(IFERROR(VLOOKUP(E29,IMPORTRANGE(""https://docs.google.com/spreadsheets/d/1xZyKy-UzMmtPDLpV5jQdYum1LtbR8XKDuasLSjmBRMI/edit#gid=1241094406"",""COMBINED DATA!E3:L""),{7,8},0)))"),0.029) -> 0.029 | H29: =IFERROR(__xludf.DUMMYFUNCTION("""COMPUTED_VALUE"""),0.0) -> 0 | I29: =G29+H29 -> 0.029 | J29: =IFERROR(F29/$I29,"") -> 1682.7586 | K29: =IFERROR(G29*250,) -> 7.25 | L29: =IFERROR(H29*750,"") -> 0 | M29: =K29+L29 -> 7.25 | N29: =IFERROR(F29/M29,"") -> 6.7310345 | O29: 48.8
A30: =$B$27&C30 -> Elbow 45⁰1 1⁄4 | B30: 3 | C30: 1 1⁄4 | D30: 32 | E30: C504 | F30: 106 | G30: =IFERROR(__xludf.DUMMYFUNCTION("ArrayFormula(IFERROR(VLOOKUP(E30,IMPORTRANGE(""https://docs.google.com/spreadsheets/d/1xZyKy-UzMmtPDLpV5jQdYum1LtbR8XKDuasLSjmBRMI/edit#gid=1241094406"",""COMBINED DATA!E3:L""),{7,8},0)))"),0.046) -> 0.046 | H30: =IFERROR(__xludf.DUMMYFUNCTION("""COMPUTED_VALUE"""),0.0) -> 0 | I30: =G30+H30 -> 0.046 | J30: =IFERROR(F30/$I30,"") -> 2304.3478 | K30: =IFERROR(G30*250,) -> 11.5 | L30: =IFERROR(H30*750,"") -> 0 | M30: =K30+L30 -> 11.5 | N30: =IFERROR(F30/M30,"") -> 9.2173913 | O30: 106
A31: =$B$27&C31 -> Elbow 45⁰1 1⁄2 | B31: 4 | C31: 1 1⁄2 | D31: 40 | E31: C505 | F31: 158 | G31: =IFERROR(__xludf.DUMMYFUNCTION("ArrayFormula(IFERROR(VLOOKUP(E31,IMPORTRANGE(""https://docs.google.com/spreadsheets/d/1xZyKy-UzMmtPDLpV5jQdYum1LtbR8XKDuasLSjmBRMI/edit#gid=1241094406"",""COMBINED DATA!E3:L""),{7,8},0)))"),0.078) -> 0.078 | H31: =IFERROR(__xludf.DUMMYFUNCTION("""COMPUTED_VALUE"""),0.0) -> 0 | I31: =G31+H31 -> 0.078 | J31: =IFERROR(F31/$I31,"") -> 2025.641 | K31: =IFERROR(G31*250,) -> 19.5 | L31: =IFERROR(H31*750,"") -> 0 | M31: =K31+L31 -> 19.5 | N31: =IFERROR(F31/M31,"") -> 8.1025641 | O31: 158
A32: =$B$27&C32 -> Elbow 45⁰2 | B32: 5 | C32: 2 | D32: 50 | E32: C506 | F32: 334 | G32: =IFERROR(__xludf.DUMMYFUNCTION("ArrayFormula(IFERROR(VLOOKUP(E32,IMPORTRANGE(""https://docs.google.com/spreadsheets/d/1xZyKy-UzMmtPDLpV5jQdYum1LtbR8XKDuasLSjmBRMI/edit#gid=1241094406"",""COMBINED DATA!E3:L""),{7,8},0)))"),0.161) -> 0.161 | H32: =IFERROR(__xludf.DUMMYFUNCTION("""COMPUTED_VALUE"""),0.0) -> 0 | I32: =G32+H32 -> 0.161 | J32: =IFERROR(F32/$I32,"") -> 2074.5342 | K32: =IFERROR(G32*250,) -> 40.25 | L32: =IFERROR(H32*750,"") -> 0 | M32: =K32+L32 -> 40.25 | N32: =IFERROR(F32/M32,"") -> 8.2981366 | O32: 334
B33: TOTAL | F33: =SUM(F28:F32) -> 674.6 | H33: =IFERROR(__xludf.DUMMYFUNCTION("IFERROR(VLOOKUP(E33,IMPORTRANGE(""https://docs.google.com/spreadsheets/d/1xZyKy-UzMmtPDLpV5jQdYum1LtbR8XKDuasLSjmBRMI/edit#gid=1241094406"",""COMBINED DATA!E3:L""),8,0))"),"") | N33: =IFERROR(F33/M33,"") | O33: =SUM(O28:O32) -> 674.6
H34: =IFERROR(__xludf.DUMMYFUNCTION("IFERROR(VLOOKUP(E34,IMPORTRANGE(""https://docs.google.com/spreadsheets/d/1xZyKy-UzMmtPDLpV5jQdYum1LtbR8XKDuasLSjmBRMI/edit#gid=1241094406"",""COMBINED DATA!E3:L""),8,0))"),"") | N34: =IFERROR(F34/M34,"")
B35: Tee | H35: =IFERROR(__xludf.DUMMYFUNCTION("IFERROR(VLOOKUP(E35,IMPORTRANGE(""https://docs.google.com/spreadsheets/d/1xZyKy-UzMmtPDLpV5jQdYum1LtbR8XKDuasLSjmBRMI/edit#gid=1241094406"",""COMBINED DATA!E3:L""),8,0))"),"") | N35: =IFERROR(F35/M35,"")
A36: =$B$35&C36 -> Tee1⁄2 | B36: 1 | C36: 1⁄2 | D36: 15 | E36: C61 | F36: 23.8 | G36: =IFERROR(__xludf.DUMMYFUNCTION("ArrayFormula(IFERROR(VLOOKUP(E36,IMPORTRANGE(""https://docs.google.com/spreadsheets/d/1xZyKy-UzMmtPDLpV5jQdYum1LtbR8XKDuasLSjmBRMI/edit#gid=1241094406"",""COMBINED DATA!E3:L""),{7,8},0)))"),0.015) -> 0.015 | H36: =IFERROR(__xludf.DUMMYFUNCTION("""COMPUTED_VALUE"""),0.0) -> 0 | I36: =G36+H36 -> 0.015 | J36: =IFERROR(F36/$I36,"") -> 1586.6667 | K36: =IFERROR(G36*250,) -> 3.75 | L36: =IFERROR(H36*750,"") -> 0 | M36: =K36+L36 -> 3.75 | N36: =IFERROR(F36/M36,"") -> 6.3466667 | O36: 23.8
A37: =$B$35&C37 -> Tee3⁄4 | B37: 2 | C37: 3⁄4 | D37: 20 | E37: C62 | F37: 32.4 | G37: =IFERROR(__xludf.DUMMYFUNCTION("ArrayFormula(IFERROR(VLOOKUP(E37,IMPORTRANGE(""https://docs.google.com/spreadsheets/d/1xZyKy-UzMmtPDLpV5jQdYum1LtbR8XKDuasLSjmBRMI/edit#gid=1241094406"",""COMBINED DATA!E3:L""),{7,8},0)))"),0.029) -> 0.029 | H37: =IFERROR(__xludf.DUMMYFUNCTION("""COMPUTED_VALUE"""),0.0) -> 0 | I37: =G37+H37 -> 0.029 | J37: =IFERROR(F37/$I37,"") -> 1117.2414 | K37: =IFERROR(G37*250,) -> 7.25 | L37: =IFERROR(H37*750,"") -> 0 | M37: =K37+L37 -> 7.25 | N37: =IFERROR(F37/M37,"") -> 4.4689655 | O37: 32.4
A38: =$B$35&C38 -> Tee1 | B38: 3 | C38: 1 | D38: 25 | E38: C63 | F38: 51.9 | G38: =IFERROR(__xludf.DUMMYFUNCTION("ArrayFormula(IFERROR(VLOOKUP(E38,IMPORTRANGE(""https://docs.google.com/spreadsheets/d/1xZyKy-UzMmtPDLpV5jQdYum1LtbR8XKDuasLSjmBRMI/edit#gid=1241094406"",""COMBINED DATA!E3:L""),{7,8},0)))"),0.0492) -> 0.0492 | H38: =IFERROR(__xludf.DUMMYFUNCTION("""COMPUTED_VALUE"""),0.0) -> 0 | I38: =G38+H38 -> 0.0492 | J38: =IFERROR(F38/$I38,"") -> 1054.878 | K38: =IFERROR(G38*250,) -> 12.3 | L38: =IFERROR(H38*750,"") -> 0 | M38: =K38+L38 -> 12.3 | N38: =IFERROR(F38/M38,"") -> 4.2195122 | O38: 51.9
A39: =$B$35&C39 -> Tee1 1⁄4 | B39: 4 | C39: 1 1⁄4 | D39: 32 | E39: C64 | F39: 112 | G39: =IFERROR(__xludf.DUMMYFUNCTION("ArrayFormula(IFERROR(VLOOKUP(E39,IMPORTRANGE(""https://docs.google.com/spreadsheets/d/1xZyKy-UzMmtPDLpV5jQdYum1LtbR8XKDuasLSjmBRMI/edit#gid=1241094406"",""COMBINED DATA!E3:L""),{7,8},0)))"),0.0873) -> 0.0873 | H39: =IFERROR(__xludf.DUMMYFUNCTION("""COMPUTED_VALUE"""),0.0) -> 0 | I39: =G39+H39 -> 0.0873 | J39: =IFERROR(F39/$I39,"") -> 1282.9324 | K39: =IFERROR(G39*250,) -> 21.825 | L39: =IFERROR(H39*750,"") -> 0 | M39: =K39+L39 -> 21.825 | N39: =IFERROR(F39/M39,"") -> 5.1317297 | O39: 112
A40: =$B$35&C40 -> Tee1 1⁄2 | B40: 5 | C40: 1 1⁄2 | D40: 40 | E40: C65 | F40: 204 | G40: =IFERROR(__xludf.DUMMYFUNCTION("ArrayFormula(IFERROR(VLOOKUP(E40,IMPORTRANGE(""https://docs.google.com/spreadsheets/d/1xZyKy-UzMmtPDLpV5jQdYum1LtbR8XKDuasLSjmBRMI/edit#gid=1241094406"",""COMBINED DATA!E3:L""),{7,8},0)))"),0.14545) -> 0.14545 | H40: =IFERROR(__xludf.DUMMYFUNCTION("""COMPUTED_VALUE"""),0.0) -> 0 | I40: =G40+H40 -> 0.14545 | J40: =IFERROR(F40/$I40,"") -> 1402.5438 | K40: =IFERROR(G40*250,) -> 36.3625 | L40: =IFERROR(H40*750,"") -> 0 | M40: =K40+L40 -> 36.3625 | N40: =IFERROR(F40/M40,"") -> 5.6101753 | O40: 204
A41: =$B$35&C41 -> Tee2 | B41: 6 | C41: 2 | D41: 50 | E41: C66 | F41: 418 | G41: =IFERROR(__xludf.DUMMYFUNCTION("ArrayFormula(IFERROR(VLOOKUP(E41,IMPORTRANGE(""https://docs.google.com/spreadsheets/d/1xZyKy-UzMmtPDLpV5jQdYum1LtbR8XKDuasLSjmBRMI/edit#gid=1241094406"",""COMBINED DATA!E3:L""),{7,8},0)))"),0.262) -> 0.262 | H41: =IFERROR(__xludf.DUMMYFUNCTION("""COMPUTED_VALUE"""),0.0) -> 0 | I41: =G41+H41 -> 0.262 | J41: =IFERROR(F41/$I41,"") -> 1595.4198 | K41: =IFERROR(G41*250,) -> 65.5 | L41: =IFERROR(H41*750,"") -> 0 | M41: =K41+L41 -> 65.5 | N41: =IFERROR(F41/M41,"") -> 6.3816794 | O41: 418
B42: TOTAL | F42: =SUM(F36:F41) -> 842.1 | G42: =IFERROR(VLOOKUP($C42,E5:O418,7,0),0) -> 0 | H42: =IFERROR(__xludf.DUMMYFUNCTION("IFERROR(VLOOKUP(E42,IMPORTRANGE(""https://docs.google.com/spreadsheets/d/1xZyKy-UzMmtPDLpV5jQdYum1LtbR8XKDuasLSjmBRMI/edit#gid=1241094406"",""COMBINED DATA!E3:L""),8,0))"),"") | N42: =IFERROR(F42/M42,"") | O42: =SUM(O36:O41) -> 842.1
H43: =IFERROR(__xludf.DUMMYFUNCTION("IFERROR(VLOOKUP(E43,IMPORTRANGE(""https://docs.google.com/spreadsheets/d/1xZyKy-UzMmtPDLpV5jQdYum1LtbR8XKDuasLSjmBRMI/edit#gid=1241094406"",""COMBINED DATA!E3:L""),8,0))"),"") | N43: =IFERROR(F43/M43,"")
B44: Tee (SCH-80) | H44: =IFERROR(__xludf.DUMMYFUNCTION("IFERROR(VLOOKUP(E44,IMPORTRANGE(""https://docs.google.com/spreadsheets/d/1xZyKy-UzMmtPDLpV5jQdYum1LtbR8XKDuasLSjmBRMI/edit#gid=1241094406"",""COMBINED DATA!E3:L""),8,0))"),"") | N44: =IFERROR(F44/M44,"")
A45: =$B$44&C45 -> Tee (SCH-80)2 1⁄2 | B45: 1 | C45: 2 1⁄2 | D45: 65 | E45: C67 | F45: 1360 | G45: =IFERROR(__xludf.DUMMYFUNCTION("ArrayFormula(IFERROR(VLOOKUP(E45,IMPORTRANGE(""https://docs.google.com/spreadsheets/d/1xZyKy-UzMmtPDLpV5jQdYum1LtbR8XKDuasLSjmBRMI/edit#gid=1241094406"",""COMBINED DATA!E3:L""),{7,8},0)))"),0.687) -> 0.687 | H45: =IFERROR(__xludf.DUMMYFUNCTION("""COMPUTED_VALUE"""),0.0) -> 0 | I45: =G45+H45 -> 0.687 | J45: =IFERROR(F45/$I45,"") -> 1979.6215 | K45: =IFERROR(G45*250,) -> 171.75 | L45: =IFERROR(H45*750,"") -> 0 | M45: =K45+L45 -> 171.75 | N45: =IFERROR(F45/M45,"") -> 7.9184862 | O45: 1360
A46: =$B$44&C46 -> Tee (SCH-80)3 | B46: 2 | C46: 3 | D46: 80 | E46: C68 | F46: 1980 | G46: =IFERROR(__xludf.DUMMYFUNCTION("ArrayFormula(IFERROR(VLOOKUP(E46,IMPORTRANGE(""https://docs.google.com/spreadsheets/d/1xZyKy-UzMmtPDLpV5jQdYum1LtbR8XKDuasLSjmBRMI/edit#gid=1241094406"",""COMBINED DATA!E3:L""),{7,8},0)))"),1.0735999999999999) -> 1.0736 | H46: =IFERROR(__xludf.DUMMYFUNCTION("""COMPUTED_VALUE"""),0.0) -> 0 | I46: =G46+H46 -> 1.0736 | J46: =IFERROR(F46/$I46,"") -> 1844.2623 | K46: =IFERROR(G46*250,) -> 268.4 | L46: =IFERROR(H46*750,"") -> 0 | M46: =K46+L46 -> 268.4 | N46: =IFERROR(F46/M46,"") -> 7.3770492 | O46: 1980
A47: =$B$44&C47 -> Tee (SCH-80)4 | B47: 3 | C47: 4 | D47: 100 | E47: C69 | F47: 3240 | G47: =IFERROR(__xludf.DUMMYFUNCTION("ArrayFormula(IFERROR(VLOOKUP(E47,IMPORTRANGE(""https://docs.google.com/spreadsheets/d/1xZyKy-UzMmtPDLpV5jQdYum1LtbR8XKDuasLSjmBRMI/edit#gid=1241094406"",""COMBINED DATA!E3:L""),{7,8},0)))"),1.723) -> 1.723 | H47: =IFERROR(__xludf.DUMMYFUNCTION("""COMPUTED_VALUE"""),0.0) -> 0 | I47: =G47+H47 -> 1.723 | J47: =IFERROR(F47/$I47,"") -> 1880.4411 | K47: =IFERROR(G47*250,) -> 430.75 | L47: =IFERROR(H47*750,"") -> 0 | M47: =K47+L47 -> 430.75 | N47: =IFERROR(F47/M47,"") -> 7.5217644 | O47: 3240
B48: TOTAL | F48: =SUM(F45:F47) -> 6580 | H48: =IFERROR(__xludf.DUMMYFUNCTION("IFERROR(VLOOKUP(E48,IMPORTRANGE(""https://docs.google.com/spreadsheets/d/1xZyKy-UzMmtPDLpV5jQdYum1LtbR8XKDuasLSjmBRMI/edit#gid=1241094406"",""COMBINED DATA!E3:L""),8,0))"),"") | N48: =IFERROR(F48/M48,"") | O48: =SUM(O45:O47) -> 6580
H49: =IFERROR(__xludf.DUMMYFUNCTION("IFERROR(VLOOKUP(E49,IMPORTRANGE(""https://docs.google.com/spreadsheets/d/1xZyKy-UzMmtPDLpV5jQdYum1LtbR8XKDuasLSjmBRMI/edit#gid=1241094406"",""COMBINED DATA!E3:L""),8,0))"),"") | N49: =IFERROR(F49/M49,"")
B50: Tee (SCH-40) | H50: =IFERROR(__xludf.DUMMYFUNCTION("IFERROR(VLOOKUP(E50,IMPORTRANGE(""https://docs.google.com/spreadsheets/d/1xZyKy-UzMmtPDLpV5jQdYum1LtbR8XKDuasLSjmBRMI/edit#gid=1241094406"",""COMBINED DATA!E3:L""),8,0))"),"") | N50: =IFERROR(F50/M50,"")
A51: =$B$50&C51 -> Tee (SCH-40)6 | B51: 1 | C51: 6 | D51: 150 | E51: C69N | F51: 5240 | G51: =IFERROR(__xludf.DUMMYFUNCTION("ArrayFormula(IFERROR(VLOOKUP(E51,IMPORTRANGE(""https://docs.google.com/spreadsheets/d/1xZyKy-UzMmtPDLpV5jQdYum1LtbR8XKDuasLSjmBRMI/edit#gid=1241094406"",""COMBINED DATA!E3:L""),{7,8},0)))"),2.445) -> 2.445 | H51: =IFERROR(__xludf.DUMMYFUNCTION("""COMPUTED_VALUE"""),0.0) -> 0 | I51: =G51+H51 -> 2.445 | J51: =IFERROR(F51/$I51,"") -> 2143.1493 | K51: =IFERROR(G51*250,) -> 611.25 | L51: =IFERROR(H51*750,"") -> 0 | M51: =K51+L51 -> 611.25 | N51: =IFERROR(F51/M51,"") -> 8.5725971 | O51: 5240
H52: =IFERROR(__xludf.DUMMYFUNCTION("IFERROR(VLOOKUP(E52,IMPORTRANGE(""https://docs.google.com/spreadsheets/d/1xZyKy-UzMmtPDLpV5jQdYum1LtbR8XKDuasLSjmBRMI/edit#gid=1241094406"",""COMBINED DATA!E3:L""),8,0))"),"") | N52: =IFERROR(F52/M52,"")
B53: Reducer Tee | H53: =IFERROR(__xludf.DUMMYFUNCTION("IFERROR(VLOOKUP(E53,IMPORTRANGE(""https://docs.google.com/spreadsheets/d/1xZyKy-UzMmtPDLpV5jQdYum1LtbR8XKDuasLSjmBRMI/edit#gid=1241094406"",""COMBINED DATA!E3:L""),8,0))"),"") | N53: =IFERROR(F53/M53,"")
A54: =$B$53&C54 -> Reducer Tee3⁄4 x 3⁄4 x 1⁄2 | B54: 1 | C54: 3⁄4 x 3⁄4 x 1⁄2 | D54: 20x20x15 | E54: C221 | F54: 46 | G54: =IFERROR(__xludf.DUMMYFUNCTION("ArrayFormula(IFERROR(VLOOKUP(E54,IMPORTRANGE(""https://docs.google.com/spreadsheets/d/1xZyKy-UzMmtPDLpV5jQdYum1LtbR8XKDuasLSjmBRMI/edit#gid=1241094406"",""COMBINED DATA!E3:L""),{7,8},0)))"),0.02) -> 0.02 | H54: =IFERROR(__xludf.DUMMYFUNCTION("""COMPUTED_VALUE"""),0.0) -> 0 | I54: =G54+H54 -> 0.02 | J54: =IFERROR(F54/$I54,"") -> 2300 | K54: =IFERROR(G54*250,) -> 5 | L54: =IFERROR(H54*750,"") -> 0 | M54: =K54+L54 -> 5 | N54: =IFERROR(F54/M54,"") -> 9.2 | O54: 46
A55: =$B$53&C55 -> Reducer Tee1 x 1 x 3⁄4 | B55: 2 | C55: 1 x 1 x 3⁄4 | D55: 25x25x20 | E55: C232 | F55: 88 | G55: =IFERROR(__xludf.DUMMYFUNCTION("ArrayFormula(IFERROR(VLOOKUP(E55,IMPORTRANGE(""https://docs.google.com/spreadsheets/d/1xZyKy-UzMmtPDLpV5jQdYum1LtbR8XKDuasLSjmBRMI/edit#gid=1241094406"",""COMBINED DATA!E3:L""),{7,8},0)))"),0.039) -> 0.039 | H55: =IFERROR(__xludf.DUMMYFUNCTION("""COMPUTED_VALUE"""),0.0) -> 0 | I55: =G55+H55 -> 0.039 | J55: =IFERROR(F55/$I55,"") -> 2256.4103 | K55: =IFERROR(G55*250,) -> 9.75 | L55: =IFERROR(H55*750,"") -> 0 | M55: =K55+L55 -> 9.75 | N55: =IFERROR(F55/M55,"") -> 9.025641 | O55: 88
A56: =$B$53&C56 -> Reducer Tee1 1⁄4 x 1 1⁄4 x 3⁄4 | B56: 3 | C56: 1 1⁄4 x 1 1⁄4 x 3⁄4 | D56: 32x32x20 | E56: C242 | F56: 168 | G56: =IFERROR(__xludf.DUMMYFUNCTION("ArrayFormula(IFERROR(VLOOKUP(E56,IMPORTRANGE(""https://docs.google.com/spreadsheets/d/1xZyKy-UzMmtPDLpV5jQdYum1LtbR8XKDuasLSjmBRMI/edit#gid=1241094406"",""COMBINED DATA!E3:L""),{7,8},0)))"),0.05995) -> 0.05995 | H56: =IFERROR(__xludf.DUMMYFUNCTION("""COMPUTED_VALUE"""),0.0) -> 0 | I56: =G56+H56 -> 0.05995 | J56: =IFERROR(F56/$I56,"") -> 2802.3353 | K56: =IFERROR(G56*250,) -> 14.9875 | L56: =IFERROR(H56*750,"") -> 0 | M56: =K56+L56 -> 14.9875 | N56: =IFERROR(F56/M56,"") -> 11.209341 | O56: 168
A57: =$B$53&C57 -> Reducer Tee1 1⁄4 x 1 1⁄4 x 1 | B57: 4 | C57: 1 1⁄4 x 1 1⁄4 x 1 | D57: 32x32x25 | E57: C243 | F57: 136 | G57: =IFERROR(__xludf.DUMMYFUNCTION("ArrayFormula(IFERROR(VLOOKUP(E57,IMPORTRANGE(""https://docs.google.com/spreadsheets/d/1xZyKy-UzMmtPDLpV5jQdYum1LtbR8XKDuasLSjmBRMI/edit#gid=1241094406"",""COMBINED DATA!E3:L""),{7,8},0)))"),0.0658) -> 0.0658 | H57: =IFERROR(__xludf.DUMMYFUNCTION("""COMPUTED_VALUE"""),0.0) -> 0 | I57: =G57+H57 -> 0.0658 | J57: =IFERROR(F57/$I57,"") -> 2066.8693 | K57: =IFERROR(G57*250,) -> 16.45 | L57: =IFERROR(H57*750,"") -> 0 | M57: =K57+L57 -> 16.45 | N57: =IFERROR(F57/M57,"") -> 8.2674772 | O57: 136
A58: =$B$53&C58 -> Reducer Tee1 1⁄2 x 1 1⁄2 x 3⁄4 | B58: 5 | C58: 1 1⁄2 x 1 1⁄2 x 3⁄4 | D58: 40x40x20 | E58: C252 | F58: 228 | G58: =IFERROR(__xludf.DUMMYFUNCTION("ArrayFormula(IFERROR(VLOOKUP(E58,IMPORTRANGE(""https://docs.google.com/spreadsheets/d/1xZyKy-UzMmtPDLpV5jQdYum1LtbR8XKDuasLSjmBRMI/edit#gid=1241094406"",""COMBINED DATA!E3:L""),{7,8},0)))"),0.18225) -> 0.18225 | H58: =IFERROR(__xludf.DUMMYFUNCTION("""COMPUTED_VALUE"""),0.0) -> 0 | I58: =G58+H58 -> 0.18225 | J58: =IFERROR(F58/$I58,"") -> 1251.0288 | K58: =IFERROR(G58*250,) -> 45.5625 | L58: =IFERROR(H58*750,"") -> 0 | M58: =K58+L58 -> 45.5625 | N58: =IFERROR(F58/M58,"") -> 5.0041152 | O58: 228
A59: =$B$53&C59 -> Reducer Tee1 1⁄2 x 1 1⁄2 x 1 | B59: 6 | C59: 1 1⁄2 x 1 1⁄2 x 1 | D59: 40x40x25 | E59: C253 | F59: 218 | G59: =IFERROR(__xludf.DUMMYFUNCTION("ArrayFormula(IFERROR(VLOOKUP(E59,IMPORTRANGE(""https://docs.google.com/spreadsheets/d/1xZyKy-UzMmtPDLpV5jQdYum1LtbR8XKDuasLSjmBRMI/edit#gid=1241094406"",""COMBINED DATA!E3:L""),{7,8},0)))"),0.095) -> 0.095 | H59: =IFERROR(__xludf.DUMMYFUNCTION("""COMPUTED_VALUE"""),0.0) -> 0 | I59: =G59+H59 -> 0.095 | J59: =IFERROR(F59/$I59,"") -> 2294.7368 | K59: =IFERROR(G59*250,) -> 23.75 | L59: =IFERROR(H59*750,"") -> 0 | M59: =K59+L59 -> 23.75 | N59: =IFERROR(F59/M59,"") -> 9.1789474 | O59: 218
A60: =$B$53&C60 -> Reducer Tee1 1⁄2 x 1 1⁄2 x 1 1⁄4 | B60: 7 | C60: 1 1⁄2 x 1 1⁄2 x 1 1⁄4 | D60: 40x40x32 | E60: C254 | F60: 228 | G60: =IFERROR(__xludf.DUMMYFUNCTION("ArrayFormula(IFERROR(VLOOKUP(E60,IMPORTRANGE(""https://docs.google.com/spreadsheets/d/1xZyKy-UzMmtPDLpV5jQdYum1LtbR8XKDuasLSjmBRMI/edit#gid=1241094406"",""COMBINED DATA!E3:L""),{7,8},0)))"),0.1705) -> 0.1705 | H60: =IFERROR(__xludf.DUMMYFUNCTION("""COMPUTED_VALUE"""),0.0) -> 0 | I60: =G60+H60 -> 0.1705 | J60: =IFERROR(F60/$I60,"") -> 1337.2434 | K60: =IFERROR(G60*250,) -> 42.625 | L60: =IFERROR(H60*750,"") -> 0 | M60: =K60+L60 -> 42.625 | N60: =IFERROR(F60/M60,"") -> 5.3489736 | O60: 228
A61: =$B$53&C61 -> Reducer Tee2 x 2 x 3⁄4 | B61: 8 | C61: 2 x 2 x 3⁄4 | D61: 50x50x20 | E61: C262 | F61: 396 | G61: =IFERROR(__xludf.DUMMYFUNCTION("ArrayFormula(IFERROR(VLOOKUP(E61,IMPORTRANGE(""https://docs.google.com/spreadsheets/d/1xZyKy-UzMmtPDLpV5jQdYum1LtbR8XKDuasLSjmBRMI/edit#gid=1241094406"",""COMBINED DATA!E3:L""),{7,8},0)))"),0.375) -> 0.375 | H61: =IFERROR(__xludf.DUMMYFUNCTION("""COMPUTED_VALUE"""),0.0) -> 0 | I61: =G61+H61 -> 0.375 | J61: =IFERROR(F61/$I61,"") -> 1056 | K61: =IFERROR(G61*250,) -> 93.75 | L61: =IFERROR(H61*750,"") -> 0 | M61: =K61+L61 -> 93.75 | N61: =IFERROR(F61/M61,"") -> 4.224 | O61: 396
A62: =$B$53&C62 -> Reducer Tee2 x 2 x 1 | B62: 9 | C62: 2 x 2 x 1 | D62: 50x50x25 | E62: C263 | F62: 396 | G62: =IFERROR(__xludf.DUMMYFUNCTION("ArrayFormula(IFERROR(VLOOKUP(E62,IMPORTRANGE(""https://docs.google.com/spreadsheets/d/1xZyKy-UzMmtPDLpV5jQdYum1LtbR8XKDuasLSjmBRMI/edit#gid=1241094406"",""COMBINED DATA!E3:L""),{7,8},0)))"),0.377) -> 0.377 | H62: =IFERROR(__xludf.DUMMYFUNCTION("""COMPUTED_VALUE"""),0.0) -> 0 | I62: =G62+H62 -> 0.377 | J62: =IFERROR(F62/$I62,"") -> 1050.3979 | K62: =IFERROR(G62*250,) -> 94.25 | L62: =IFERROR(H62*750,"") -> 0 | M62: =K62+L62 -> 94.25 | N62: =IFERROR(F62/M62,"") -> 4.2015915 | O62: 396
A63: =$B$53&C63 -> Reducer Tee2 x 2 x 1 1⁄4 | B63: 10 | C63: 2 x 2 x 1 1⁄4 | D63: 50x50x32 | E63: C264 | F63: 396 | G63: =IFERROR(__xludf.DUMMYFUNCTION("ArrayFormula(IFERROR(VLOOKUP(E63,IMPORTRANGE(""https://docs.google.com/spreadsheets/d/1xZyKy-UzMmtPDLpV5jQdYum1LtbR8XKDuasLSjmBRMI/edit#gid=1241094406"",""COMBINED DATA!E3:L""),{7,8},0)))"),0.476) -> 0.476 | H63: =IFERROR(__xludf.DUMMYFUNCTION("""COMPUTED_VALUE"""),0.0) -> 0 | I63: =G63+H63 -> 0.476 | J63: =IFERROR(F63/$I63,"") -> 831.93277 | K63: =IFERROR(G63*250,) -> 119 | L63: =IFERROR(H63*750,"") -> 0 | M63: =K63+L63 -> 119 | N63: =IFERROR(F63/M63,"") -> 3.3277311 | O63: 396
A64: =$B$53&C64 -> Reducer Tee2 x 2 x 1 1⁄2 | B64: 11 | C64: 2 x 2 x 1 1⁄2 | D64: 50x50x40 | E64: C265 | F64: 396 | G64: =IFERROR(__xludf.DUMMYFUNCTION("ArrayFormula(IFERROR(VLOOKUP(E64,IMPORTRANGE(""https://docs.google.com/spreadsheets/d/1xZyKy-UzMmtPDLpV5jQdYum1LtbR8XKDuasLSjmBRMI/edit#gid=1241094406"",""COMBINED DATA!E3:L""),{7,8},0)))"),0.3655) -> 0.3655 | H64: =IFERROR(__xludf.DUMMYFUNCTION("""COMPUTED_VALUE"""),0.0) -> 0 | I64: =G64+H64 -> 0.3655 | J64: =IFERROR(F64/$I64,"") -> 1083.4473 | K64: =IFERROR(G64*250,) -> 91.375 | L64: =IFERROR(H64*750,"") -> 0 | M64: =K64+L64 -> 91.375 | N64: =IFERROR(F64/M64,"") -> 4.3337893 | O64: 396
B65: TOTAL | F65: =sum(F54:F64) -> 2696 | H65: =IFERROR(__xludf.DUMMYFUNCTION("IFERROR(VLOOKUP(E65,IMPORTRANGE(""https://docs.google.com/spreadsheets/d/1xZyKy-UzMmtPDLpV5jQdYum1LtbR8XKDuasLSjmBRMI/edit#gid=1241094406"",""COMBINED DATA!E3:L""),8,0))"),"") | N65: =IFERROR(F65/M65,"") | O65: =sum(O54:O64) -> 2696
H66: =IFERROR(__xludf.DUMMYFUNCTION("IFERROR(VLOOKUP(E66,IMPORTRANGE(""https://docs.google.com/spreadsheets/d/1xZyKy-UzMmtPDLpV5jQdYum1LtbR8XKDuasLSjmBRMI/edit#gid=1241094406"",""COMBINED DATA!E3:L""),8,0))"),"") | N66: =IFERROR(F66/M66,"")
B67: Union | H67: =IFERROR(__xludf.DUMMYFUNCTION("IFERROR(VLOOKUP(E67,IMPORTRANGE(""https://docs.google.com/spreadsheets/d/1xZyKy-UzMmtPDLpV5jQdYum1LtbR8XKDuasLSjmBRMI/edit#gid=1241094406"",""COMBINED DATA!E3:L""),8,0))"),"") | N67: =IFERROR(F67/M67,"")
A68: =$B$67&C68 -> Union3⁄4 | B68: 1 | C68: 3⁄4 | D68: 20 | E68: C32 | F68: 94 | G68: =IFERROR(__xludf.DUMMYFUNCTION("ArrayFormula(IFERROR(VLOOKUP(E68,IMPORTRANGE(""https://docs.google.com/spreadsheets/d/1xZyKy-UzMmtPDLpV5jQdYum1LtbR8XKDuasLSjmBRMI/edit#gid=1241094406"",""COMBINED DATA!E3:L""),{7,8},0)))"),0.06494) -> 0.06494 | H68: =IFERROR(__xludf.DUMMYFUNCTION("""COMPUTED_VALUE"""),0.001) -> 0.001 | I68: =G68+H68 -> 0.06594 | J68: =IFERROR(F68/$I68,"") -> 1425.5384 | K68: =IFERROR(G68*250,) -> 16.235 | L68: =IFERROR(H68*750,"") -> 0.75 | M68: =K68+L68 -> 16.985 | N68: =IFERROR(F68/M68,"") -> 5.534295 | O68: 94
A69: =$B$67&C69 -> Union1 | B69: 2 | C69: 1 | D69: 25 | E69: C33 | F69: 116 | G69: =IFERROR(__xludf.DUMMYFUNCTION("ArrayFormula(IFERROR(VLOOKUP(E69,IMPORTRANGE(""https://docs.google.com/spreadsheets/d/1xZyKy-UzMmtPDLpV5jQdYum1LtbR8XKDuasLSjmBRMI/edit#gid=1241094406"",""COMBINED DATA!E3:L""),{7,8},0)))"),0.095) -> 0.095 | H69: =IFERROR(__xludf.DUMMYFUNCTION("""COMPUTED_VALUE"""),0.00145) -> 0.00145 | I69: =G69+H69 -> 0.09645 | J69: =IFERROR(F69/$I69,"") -> 1202.6957 | K69: =IFERROR(G69*250,) -> 23.75 | L69: =IFERROR(H69*750,"") -> 1.0875 | M69: =K69+L69 -> 24.8375 | N69: =IFERROR(F69/M69,"") -> 4.6703573 | O69: 116
A70: =$B$67&C70 -> Union1 1⁄4 | B70: 3 | C70: 1 1⁄4 | D70: 32 | E70: C34 | F70: 188 | G70: =IFERROR(__xludf.DUMMYFUNCTION("ArrayFormula(IFERROR(VLOOKUP(E70,IMPORTRANGE(""https://docs.google.com/spreadsheets/d/1xZyKy-UzMmtPDLpV5jQdYum1LtbR8XKDuasLSjmBRMI/edit#gid=1241094406"",""COMBINED DATA!E3:L""),{7,8},0)))"),0.14395) -> 0.14395 | H70: =IFERROR(__xludf.DUMMYFUNCTION("""COMPUTED_VALUE"""),9.5E-4) -> 0.00095 | I70: =G70+H70 -> 0.1449 | J70: =IFERROR(F70/$I70,"") -> 1297.4465 | K70: =IFERROR(G70*250,) -> 35.9875 | L70: =IFERROR(H70*750,"") -> 0.7125 | M70: =K70+L70 -> 36.7 | N70: =IFERROR(F70/M70,"") -> 5.1226158 | O70: 188
A71: =$B$67&C71 -> Union1 1⁄2 | B71: 4 | C71: 1 1⁄2 | D71: 40 | E71: C35 | F71: 308 | G71: =IFERROR(__xludf.DUMMYFUNCTION("ArrayFormula(IFERROR(VLOOKUP(E71,IMPORTRANGE(""https://docs.google.com/spreadsheets/d/1xZyKy-UzMmtPDLpV5jQdYum1LtbR8XKDuasLSjmBRMI/edit#gid=1241094406"",""COMBINED DATA!E3:L""),{7,8},0)))"),0.16025) -> 0.16025 | H71: =IFERROR(__xludf.DUMMYFUNCTION("""COMPUTED_VALUE"""),0.0011) -> 0.0011 | I71: =G71+H71 -> 0.16135 | J71: =IFERROR(F71/$I71,"") -> 1908.8937 | K71: =IFERROR(G71*250,) -> 40.0625 | L71: =IFERROR(H71*750,"") -> 0.825 | M71: =K71+L71 -> 40.8875 | N71: =IFERROR(F71/M71,"") -> 7.5328646 | O71: 308
A72: =$B$67&C72 -> Union2 | B72: 5 | C72: 2 | D72: 50 | E72: C36 | F72: 548 | G72: =IFERROR(__xludf.DUMMYFUNCTION("ArrayFormula(IFERROR(VLOOKUP(E72,IMPORTRANGE(""https://docs.google.com/spreadsheets/d/1xZyKy-UzMmtPDLpV5jQdYum1LtbR8XKDuasLSjmBRMI/edit#gid=1241094406"",""COMBINED DATA!E3:L""),{7,8},0)))"),0.28455) -> 0.28455 | H72: =IFERROR(__xludf.DUMMYFUNCTION("""COMPUTED_VALUE"""),0.0025) -> 0.0025 | I72: =G72+H72 -> 0.28705 | J72: =IFERROR(F72/$I72,"") -> 1909.0751 | K72: =IFERROR(G72*250,) -> 71.1375 | L72: =IFERROR(H72*750,"") -> 1.875 | M72: =K72+L72 -> 73.0125 | N72: =IFERROR(F72/M72,"") -> 7.5055641 | O72: 548
A73: =$B$67&C73 -> Union2 1⁄2 | B73: 6 | C73: 2 1⁄2 | D73: 65 | E73: C37 | F73: 1184 | G73: =IFERROR(__xludf.DUMMYFUNCTION("ArrayFormula(IFERROR(VLOOKUP(E73,IMPORTRANGE(""https://docs.google.com/spreadsheets/d/1xZyKy-UzMmtPDLpV5jQdYum1LtbR8XKDuasLSjmBRMI/edit#gid=1241094406"",""COMBINED DATA!E3:L""),{7,8},0)))"),0.919) -> 0.919 | H73: =IFERROR(__xludf.DUMMYFUNCTION("""COMPUTED_VALUE"""),0.0) -> 0 | I73: =G73+H73 -> 0.919 | J73: =IFERROR(F73/$I73,"") -> 1288.3569 | K73: =IFERROR(G73*250,) -> 229.75 | L73: =IFERROR(H73*750,"") -> 0 | M73: =K73+L73 -> 229.75 | N73: =IFERROR(F73/M73,"") -> 5.1534276 | O73: 1184
A74: =$B$67&C74 -> Union3 | B74: 7 | C74: 3 | D74: 80 | E74: C38 | F74: 1780 | G74: =IFERROR(__xludf.DUMMYFUNCTION("ArrayFormula(IFERROR(VLOOKUP(E74,IMPORTRANGE(""https://docs.google.com/spreadsheets/d/1xZyKy-UzMmtPDLpV5jQdYum1LtbR8XKDuasLSjmBRMI/edit#gid=1241094406"",""COMBINED DATA!E3:L""),{7,8},0)))"),0.0) -> 0 | H74: =IFERROR(__xludf.DUMMYFUNCTION("""COMPUTED_VALUE"""),0.0) -> 0 | I74: =G74+H74 -> 0 | J74: =IFERROR(F74/$I74,"") | K74: =IFERROR(G74*250,) -> 0 | L74: =IFERROR(H74*750,"") -> 0 | M74: =K74+L74 -> 0 | N74: =IFERROR(F74/M74,"") | O74: 1780
A75: =$B$67&C75 -> Union4 | B75: 8 | C75: 4 | D75: 100 | E75: C39 | F75: 2990 | G75: =IFERROR(__xludf.DUMMYFUNCTION("ArrayFormula(IFERROR(VLOOKUP(E75,IMPORTRANGE(""https://docs.google.com/spreadsheets/d/1xZyKy-UzMmtPDLpV5jQdYum1LtbR8XKDuasLSjmBRMI/edit#gid=1241094406"",""COMBINED DATA!E3:L""),{7,8},0)))"),2.389) -> 2.389 | H75: =IFERROR(__xludf.DUMMYFUNCTION("""COMPUTED_VALUE"""),0.009) -> 0.009 | I75: =G75+H75 -> 2.398 | J75: =IFERROR(F75/$I75,"") -> 1246.8724 | K75: =IFERROR(G75*250,) -> 597.25 | L75: =IFERROR(H75*750,"") -> 6.75 | M75: =K75+L75 -> 604 | N75: =IFERROR(F75/M75,"") -> 4.9503311 | O75: 2990
B76: TOTAL | F76: =sum(F68:F75) -> 7208 | H76: =IFERROR(__xludf.DUMMYFUNCTION("IFERROR(VLOOKUP(E76,IMPORTRANGE(""https://docs.google.com/spreadsheets/d/1xZyKy-UzMmtPDLpV5jQdYum1LtbR8XKDuasLSjmBRMI/edit#gid=1241094406"",""COMBINED DATA!E3:L""),8,0))"),"") | N76: =IFERROR(F76/M76,"") | O76: =sum(O68:O75) -> 7208
H77: =IFERROR(__xludf.DUMMYFUNCTION("IFERROR(VLOOKUP(E77,IMPORTRANGE(""https://docs.google.com/spreadsheets/d/1xZyKy-UzMmtPDLpV5jQdYum1LtbR8XKDuasLSjmBRMI/edit#gid=1241094406"",""COMBINED DATA!E3:L""),8,0))"),"") | N77: =IFERROR(F77/M77,"")
B78: Coupling | H78: =IFERROR(__xludf.DUMMYFUNCTION("IFERROR(VLOOKUP(E78,IMPORTRANGE(""https://docs.google.com/spreadsheets/d/1xZyKy-UzMmtPDLpV5jQdYum1LtbR8XKDuasLSjmBRMI/edit#gid=1241094406"",""COMBINED DATA!E3:L""),8,0))"),"") | N78: =IFERROR(F78/M78,"")
A79: =$B$78&C79 -> Coupling1⁄2 | B79: 1 | C79: 1⁄2 | D79: 15 | E79: C41 | F79: 14.8 | G79: =IFERROR(__xludf.DUMMYFUNCTION("ArrayFormula(IFERROR(VLOOKUP(E79,IMPORTRANGE(""https://docs.google.com/spreadsheets/d/1xZyKy-UzMmtPDLpV5jQdYum1LtbR8XKDuasLSjmBRMI/edit#gid=1241094406"",""COMBINED DATA!E3:L""),{7,8},0)))"),0.00725) -> 0.00725 | H79: =IFERROR(__xludf.DUMMYFUNCTION("""COMPUTED_VALUE"""),0.0) -> 0 | I79: =G79+H79 -> 0.00725 | J79: =IFERROR(F79/$I79,"") -> 2041.3793 | K79: =IFERROR(G79*250,) -> 1.8125 | L79: =IFERROR(H79*750,"") -> 0 | M79: =K79+L79 -> 1.8125 | N79: =IFERROR(F79/M79,"") -> 8.1655172 | O79: 14.8
A80: =$B$78&C80 -> Coupling3⁄4 | B80: 2 | C80: 3⁄4 | D80: 20 | E80: C42 | F80: 17.4 | G80: =IFERROR(__xludf.DUMMYFUNCTION("ArrayFormula(IFERROR(VLOOKUP(E80,IMPORTRANGE(""https://docs.google.com/spreadsheets/d/1xZyKy-UzMmtPDLpV5jQdYum1LtbR8XKDuasLSjmBRMI/edit#gid=1241094406"",""COMBINED DATA!E3:L""),{7,8},0)))"),0.0135) -> 0.0135 | H80: =IFERROR(__xludf.DUMMYFUNCTION("""COMPUTED_VALUE"""),0.0) -> 0 | I80: =G80+H80 -> 0.0135 | J80: =IFERROR(F80/$I80,"") -> 1288.8889 | K80: =IFERROR(G80*250,) -> 3.375 | L80: =IFERROR(H80*750,"") -> 0 | M80: =K80+L80 -> 3.375 | N80: =IFERROR(F80/M80,"") -> 5.1555556 | O80: 17.4
A81: =$B$78&C81 -> Coupling1 | B81: 3 | C81: 1 | D81: 25 | E81: C43 | F81: 28.4 | G81: =IFERROR(__xludf.DUMMYFUNCTION("ArrayFormula(IFERROR(VLOOKUP(E81,IMPORTRANGE(""https://docs.google.com/spreadsheets/d/1xZyKy-UzMmtPDLpV5jQdYum1LtbR8XKDuasLSjmBRMI/edit#gid=1241094406"",""COMBINED DATA!E3:L""),{7,8},0)))"),0.020399999999999998) -> 0.0204 | H81: =IFERROR(__xludf.DUMMYFUNCTION("""COMPUTED_VALUE"""),0.0) -> 0 | I81: =G81+H81 -> 0.0204 | J81: =IFERROR(F81/$I81,"") -> 1392.1569 | K81: =IFERROR(G81*250,) -> 5.1 | L81: =IFERROR(H81*750,"") -> 0 | M81: =K81+L81 -> 5.1 | N81: =IFERROR(F81/M81,"") -> 5.5686275 | O81: 28.4
A82: =$B$78&C82 -> Coupling1 1⁄4 | B82: 4 | C82: 1 1⁄4 | D82: 32 | E82: C44 | F82: 56.6 | G82: =IFERROR(__xludf.DUMMYFUNCTION("ArrayFormula(IFERROR(VLOOKUP(E82,IMPORTRANGE(""https://docs.google.com/spreadsheets/d/1xZyKy-UzMmtPDLpV5jQdYum1LtbR8XKDuasLSjmBRMI/edit#gid=1241094406"",""COMBINED DATA!E3:L""),{7,8},0)))"),0.0364) -> 0.0364 | H82: =IFERROR(__xludf.DUMMYFUNCTION("""COMPUTED_VALUE"""),0.0) -> 0 | I82: =G82+H82 -> 0.0364 | J82: =IFERROR(F82/$I82,"") -> 1554.9451 | K82: =IFERROR(G82*250,) -> 9.1 | L82: =IFERROR(H82*750,"") -> 0 | M82: =K82+L82 -> 9.1 | N82: =IFERROR(F82/M82,"") -> 6.2197802 | O82: 56.6
A83: =$B$78&C83 -> Coupling1 1⁄2 | B83: 5 | C83: 1 1⁄2 | D83: 40 | E83: C45 | F83: 99.8 | G83: =IFERROR(__xludf.DUMMYFUNCTION("ArrayFormula(IFERROR(VLOOKUP(E83,IMPORTRANGE(""https://docs.google.com/spreadsheets/d/1xZyKy-UzMmtPDLpV5jQdYum1LtbR8XKDuasLSjmBRMI/edit#gid=1241094406"",""COMBINED DATA!E3:L""),{7,8},0)))"),0.060899999999999996) -> 0.0609 | H83: =IFERROR(__xludf.DUMMYFUNCTION("""COMPUTED_VALUE"""),0.0) -> 0 | I83: =G83+H83 -> 0.0609 | J83: =IFERROR(F83/$I83,"") -> 1638.7521 | K83: =IFERROR(G83*250,) -> 15.225 | L83: =IFERROR(H83*750,"") -> 0 | M83: =K83+L83 -> 15.225 | N83: =IFERROR(F83/M83,"") -> 6.5550082 | O83: 99.8
A84: =$B$78&C84 -> Coupling2 | B84: 6 | C84: 2 | D84: 50 | E84: C46 | F84: 218 | G84: =IFERROR(__xludf.DUMMYFUNCTION("ArrayFormula(IFERROR(VLOOKUP(E84,IMPORTRANGE(""https://docs.google.com/spreadsheets/d/1xZyKy-UzMmtPDLpV5jQdYum1LtbR8XKDuasLSjmBRMI/edit#gid=1241094406"",""COMBINED DATA!E3:L""),{7,8},0)))"),0.133) -> 0.133 | H84: =IFERROR(__xludf.DUMMYFUNCTION("""COMPUTED_VALUE"""),0.0) -> 0 | I84: =G84+H84 -> 0.133 | J84: =IFERROR(F84/$I84,"") -> 1639.0977 | K84: =IFERROR(G84*250,) -> 33.25 | L84: =IFERROR(H84*750,"") -> 0 | M84: =K84+L84 -> 33.25 | N84: =IFERROR(F84/M84,"") -> 6.556391 | O84: 218
B85: TOTAL | F85: =SUM(F79:F84) -> 435 | H85: =IFERROR(__xludf.DUMMYFUNCTION("IFERROR(VLOOKUP(E85,IMPORTRANGE(""https://docs.google.com/spreadsheets/d/1xZyKy-UzMmtPDLpV5jQdYum1LtbR8XKDuasLSjmBRMI/edit#gid=1241094406"",""COMBINED DATA!E3:L""),8,0))"),"") | N85: =IFERROR(F85/M85,"") | O85: =SUM(O79:O84) -> 435
H86: =IFERROR(__xludf.DUMMYFUNCTION("IFERROR(VLOOKUP(E86,IMPORTRANGE(""https://docs.google.com/spreadsheets/d/1xZyKy-UzMmtPDLpV5jQdYum1LtbR8XKDuasLSjmBRMI/edit#gid=1241094406"",""COMBINED DATA!E3:L""),8,0))"),"") | N86: =IFERROR(F86/M86,"")
B87: Coupling (Sch-80) | H87: =IFERROR(__xludf.DUMMYFUNCTION("IFERROR(VLOOKUP(E87,IMPORTRANGE(""https://docs.google.com/spreadsheets/d/1xZyKy-UzMmtPDLpV5jQdYum1LtbR8XKDuasLSjmBRMI/edit#gid=1241094406"",""COMBINED DATA!E3:L""),8,0))"),"") | N87: =IFERROR(F87/M87,"")
A88: =$B$87&C88 -> Coupling (Sch-80)2 1⁄2 | B88: 1 | C88: 2 1⁄2 | D88: 65 | E88: C47 | F88: 618 | G88: =IFERROR(__xludf.DUMMYFUNCTION("ArrayFormula(IFERROR(VLOOKUP(E88,IMPORTRANGE(""https://docs.google.com/spreadsheets/d/1xZyKy-UzMmtPDLpV5jQdYum1LtbR8XKDuasLSjmBRMI/edit#gid=1241094406"",""COMBINED DATA!E3:L""),{7,8},0)))"),0.30789999999999995) -> 0.3079 | H88: =IFERROR(__xludf.DUMMYFUNCTION("""COMPUTED_VALUE"""),0.0) -> 0 | I88: =G88+H88 -> 0.3079 | J88: =IFERROR(F88/$I88,"") -> 2007.1452 | K88: =IFERROR(G88*250,) -> 76.975 | L88: =IFERROR(H88*750,"") -> 0 | M88: =K88+L88 -> 76.975 | N88: =IFERROR(F88/M88,"") -> 8.0285807 | O88: 618
A89: =$B$87&C89 -> Coupling (Sch-80)3 | B89: 2 | C89: 3 | D89: 80 | E89: C48 | F89: 892 | G89: =IFERROR(__xludf.DUMMYFUNCTION("ArrayFormula(IFERROR(VLOOKUP(E89,IMPORTRANGE(""https://docs.google.com/spreadsheets/d/1xZyKy-UzMmtPDLpV5jQdYum1LtbR8XKDuasLSjmBRMI/edit#gid=1241094406"",""COMBINED DATA!E3:L""),{7,8},0)))"),0.4385) -> 0.4385 | H89: =IFERROR(__xludf.DUMMYFUNCTION("""COMPUTED_VALUE"""),0.0) -> 0 | I89: =G89+H89 -> 0.4385 | J89: =IFERROR(F89/$I89,"") -> 2034.2075 | K89: =IFERROR(G89*250,) -> 109.625 | L89: =IFERROR(H89*750,"") -> 0 | M89: =K89+L89 -> 109.625 | N89: =IFERROR(F89/M89,"") -> 8.1368301 | O89: 892
A90: =$B$87&C90 -> Coupling (Sch-80)4 | B90: 3 | C90: 4 | D90: 100 | E90: C49 | F90: 1348 | G90: =IFERROR(__xludf.DUMMYFUNCTION("ArrayFormula(IFERROR(VLOOKUP(E90,IMPORTRANGE(""https://docs.google.com/spreadsheets/d/1xZyKy-UzMmtPDLpV5jQdYum1LtbR8XKDuasLSjmBRMI/edit#gid=1241094406"",""COMBINED DATA!E3:L""),{7,8},0)))"),0.6595) -> 0.6595 | H90: =IFERROR(__xludf.DUMMYFUNCTION("""COMPUTED_VALUE"""),0.0) -> 0 | I90: =G90+H90 -> 0.6595 | J90: =IFERROR(F90/$I90,"") -> 2043.9727 | K90: =IFERROR(G90*250,) -> 164.875 | L90: =IFERROR(H90*750,"") -> 0 | M90: =K90+L90 -> 164.875 | N90: =IFERROR(F90/M90,"") -> 8.1758908 | O90: 1348
B91: TOTAL | F91: =SUM(F88:F90) -> 2858 | H91: =IFERROR(__xludf.DUMMYFUNCTION("IFERROR(VLOOKUP(E91,IMPORTRANGE(""https://docs.google.com/spreadsheets/d/1xZyKy-UzMmtPDLpV5jQdYum1LtbR8XKDuasLSjmBRMI/edit#gid=1241094406"",""COMBINED DATA!E3:L""),8,0))"),"") | N91: =IFERROR(F91/M91,"") | O91: =SUM(O88:O90) -> 2858
H92: =IFERROR(__xludf.DUMMYFUNCTION("IFERROR(VLOOKUP(E92,IMPORTRANGE(""https://docs.google.com/spreadsheets/d/1xZyKy-UzMmtPDLpV5jQdYum1LtbR8XKDuasLSjmBRMI/edit#gid=1241094406"",""COMBINED DATA!E3:L""),8,0))"),"") | N92: =IFERROR(F92/M92,"")
B93: Coupling (Sch-40) | H93: =IFERROR(__xludf.DUMMYFUNCTION("IFERROR(VLOOKUP(E93,IMPORTRANGE(""https://docs.google.com/spreadsheets/d/1xZyKy-UzMmtPDLpV5jQdYum1LtbR8XKDuasLSjmBRMI/edit#gid=1241094406"",""COMBINED DATA!E3:L""),8,0))"),"") | N93: =IFERROR(F93/M93,"")
A94: =$B$93&C94 -> Coupling (Sch-40)6 | B94: 1 | C94: 6 | D94: 150 | E94: C49N | F94: 2170 | G94: =IFERROR(__xludf.DUMMYFUNCTION("ArrayFormula(IFERROR(VLOOKUP(E94,IMPORTRANGE(""https://docs.google.com/spreadsheets/d/1xZyKy-UzMmtPDLpV5jQdYum1LtbR8XKDuasLSjmBRMI/edit#gid=1241094406"",""COMBINED DATA!E3:L""),{7,8},0)))"),0.964) -> 0.964 | H94: =IFERROR(__xludf.DUMMYFUNCTION("""COMPUTED_VALUE"""),0.0) -> 0 | I94: =G94+H94 -> 0.964 | J94: =IFERROR(F94/$I94,"") -> 2251.0373 | K94: =IFERROR(G94*250,) -> 241 | L94: =IFERROR(H94*750,"") -> 0 | M94: =K94+L94 -> 241 | N94: =IFERROR(F94/M94,"") -> 9.0041494 | O94: 2170
H95: =IFERROR(__xludf.DUMMYFUNCTION("IFERROR(VLOOKUP(E95,IMPORTRANGE(""https://docs.google.com/spreadsheets/d/1xZyKy-UzMmtPDLpV5jQdYum1LtbR8XKDuasLSjmBRMI/edit#gid=1241094406"",""COMBINED DATA!E3:L""),8,0))"),"") | N95: =IFERROR(F95/M95,"")
B96: Reducer Coupling | H96: =IFERROR(__xludf.DUMMYFUNCTION("IFERROR(VLOOKUP(E96,IMPORTRANGE(""https://docs.google.com/spreadsheets/d/1xZyKy-UzMmtPDLpV5jQdYum1LtbR8XKDuasLSjmBRMI/edit#gid=1241094406"",""COMBINED DATA!E3:L""),8,0))"),"") | N96: =IFERROR(F96/M96,"")
A97: =$B$96&C97 -> Reducer Coupling3⁄4 x 1⁄2 | B97: 1 | C97: 3⁄4 x 1⁄2 | D97: 20x15 | E97: C921 | F97: 22 | G97: =IFERROR(__xludf.DUMMYFUNCTION("ArrayFormula(IFERROR(VLOOKUP(E97,IMPORTRANGE(""https://docs.google.com/spreadsheets/d/1xZyKy-UzMmtPDLpV5jQdYum1LtbR8XKDuasLSjmBRMI/edit#gid=1241094406"",""COMBINED DATA!E3:L""),{7,8},0)))"),0.01) -> 0.01 | H97: =IFERROR(__xludf.DUMMYFUNCTION("""COMPUTED_VALUE"""),0.0) -> 0 | I97: =G97+H97 -> 0.01 | J97: =IFERROR(F97/$I97,"") -> 2200 | K97: =IFERROR(G97*250,) -> 2.5 | L97: =IFERROR(H97*750,"") -> 0 | M97: =K97+L97 -> 2.5 | N97: =IFERROR(F97/M97,"") -> 8.8 | O97: 22
A98: =$B$96&C98 -> Reducer Coupling1 x 3⁄4 | B98: 2 | C98: 1 x 3⁄4 | D98: 25x20 | E98: C932 | F98: 39 | G98: =IFERROR(__xludf.DUMMYFUNCTION("ArrayFormula(IFERROR(VLOOKUP(E98,IMPORTRANGE(""https://docs.google.com/spreadsheets/d/1xZyKy-UzMmtPDLpV5jQdYum1LtbR8XKDuasLSjmBRMI/edit#gid=1241094406"",""COMBINED DATA!E3:L""),{7,8},0)))"),0.0195) -> 0.0195 | H98: =IFERROR(__xludf.DUMMYFUNCTION("""COMPUTED_VALUE"""),0.0) -> 0 | I98: =G98+H98 -> 0.0195 | J98: =IFERROR(F98/$I98,"") -> 2000 | K98: =IFERROR(G98*250,) -> 4.875 | L98: =IFERROR(H98*750,"") -> 0 | M98: =K98+L98 -> 4.875 | N98: =IFERROR(F98/M98,"") -> 8 | O98: 39
A99: =$B$96&C99 -> Reducer Coupling1 1⁄4 x 3⁄4 | B99: 3 | C99: 1 1⁄4 x 3⁄4 | D99: 32x20 | E99: C942 | F99: 79 | G99: =IFERROR(__xludf.DUMMYFUNCTION("ArrayFormula(IFERROR(VLOOKUP(E99,IMPORTRANGE(""https://docs.google.com/spreadsheets/d/1xZyKy-UzMmtPDLpV5jQdYum1LtbR8XKDuasLSjmBRMI/edit#gid=1241094406"",""COMBINED DATA!E3:L""),{7,8},0)))"),0.032299999999999995) -> 0.0323 | H99: =IFERROR(__xludf.DUMMYFUNCTION("""COMPUTED_VALUE"""),0.0) -> 0 | I99: =G99+H99 -> 0.0323 | J99: =IFERROR(F99/$I99,"") -> 2445.8204 | K99: =IFERROR(G99*250,) -> 8.075 | L99: =IFERROR(H99*750,"") -> 0 | M99: =K99+L99 -> 8.075 | N99: =IFERROR(F99/M99,"") -> 9.7832817 | O99: 79
A100: =$B$96&C100 -> Reducer Coupling1 1⁄4 x 1 | B100: 4 | C100: 1 1⁄4 x 1 | D100: 32x25 | E100: C943 | F100: 81.8 | G100: =IFERROR(__xludf.DUMMYFUNCTION("ArrayFormula(IFERROR(VLOOKUP(E100,IMPORTRANGE(""https://docs.google.com/spreadsheets/d/1xZyKy-UzMmtPDLpV5jQdYum1LtbR8XKDuasLSjmBRMI/edit#gid=1241094406"",""COMBINED DATA!E3:L""),{7,8},0)))"),0.032) -> 0.032 | H100: =IFERROR(__xludf.DUMMYFUNCTION("""COMPUTED_VALUE"""),0.0) -> 0 | I100: =G100+H100 -> 0.032 | J100: =IFERROR(F100/$I100,"") -> 2556.25 | K100: =IFERROR(G100*250,) -> 8 | L100: =IFERROR(H100*750,"") -> 0 | M100: =K100+L100 -> 8 | N100: =IFERROR(F100/M100,"") -> 10.225 | O100: 81.8
A101: =$B$96&C101 -> Reducer Coupling1 1⁄2 x 3⁄4 | B101: 5 | C101: 1 1⁄2 x 3⁄4 | D101: 40x20 | E101: C952 | F101: 116 | G101: =IFERROR(__xludf.DUMMYFUNCTION("ArrayFormula(IFERROR(VLOOKUP(E101,IMPORTRANGE(""https://docs.google.com/spreadsheets/d/1xZyKy-UzMmtPDLpV5jQdYum1LtbR8XKDuasLSjmBRMI/edit#gid=1241094406"",""COMBINED DATA!E3:L""),{7,8},0)))"),0.0) -> 0 | H101: =IFERROR(__xludf.DUMMYFUNCTION("""COMPUTED_VALUE"""),0.0) -> 0 | I101: =G101+H101 -> 0 | J101: =IFERROR(F101/$I101,"") | K101: =IFERROR(G101*250,) -> 0 | L101: =IFERROR(H101*750,"") -> 0 | M101: =K101+L101 -> 0 | N101: =IFERROR(F101/M101,"") | O101: 116
...

Sheet C Fittings (Brass)
A1: FPP+
B2: S.NO. | C2: Size (in) | D2: Size (mm) | E2: ITEM CODE | F2: =' CPVC PIPE'!F2 -> MRP as on 1st May, 2024 | G2: WEIGHT | H2: BRASS | I2: WEIGHT WITH BRASS | J2: KG COST | K2: G*250 | L2: W*1100 | M2: F/(K+L) | O2: BRASS RATE | Q2: MRP as on 1st Feb, 2026 | R2: Diff. in %age | S2: UPDATED BRASS RATE | U2: NEW MRP | V2: Diff. in %age | W2: UPDATED BRASS WEIGHT
K3: 250 | L3: 1100
B4: Male Adapter Brass Threads | H4: =IFERROR(__xludf.DUMMYFUNCTION("IFERROR(VLOOKUP(E4,IMPORTRANGE(""https://docs.google.com/spreadsheets/d/1xZyKy-UzMmtPDLpV5jQdYum1LtbR8XKDuasLSjmBRMI/edit#gid=1241094406"",""COMBINED DATA!E3:L""),8,0))"),"") | M4: =IFERROR(F4/#REF!,"")
A5: =$B$4&C5 -> Male Adapter Brass Threads3⁄4 x 1⁄2 | B5: 1 | C5: 3⁄4 x 1⁄2 | D5: 20x15 | E5: C71 | F5: 168.8 | G5: 0.011 | H5: 0.059 | I5: =G5+H5 -> 0.07 | J5: =IFERROR(F5/I5,"") -> 2411.4286 | K5: =IFERROR(G5*$K$3,) -> 2.75 | L5: =IFERROR(W5*$L$3,"") -> 63.978095 | M5: =IFERROR(F5/SUM(K5:L5),"") -> 2.5296691 | N5: =IFERROR(SUM(K5:L5)," ") -> 66.728095 | O5: 45.29 | P5: =IFERROR(Q5/N5,"") -> 2.8323902 | Q5: 189 | R5: =IFERROR(Q5-F5,"")/F5 -> 0.11966825 | S5: =VLOOKUP(E5,'Brass Cost'!$A$11:$D112,4,0) -> 61.07 | T5: =IFERROR(U5/N5,"") -> 3.6566307 | U5: 244 | V5: =IFERROR(U5-Q5,"")/Q5 -> 0.29100529 | W5: =IFERROR(S5/1050,"") -> 0.058161905
A6: =$B$4&C6 -> Male Adapter Brass Threads3⁄4 | B6: 2 | C6: 3⁄4 | D6: 20 | E6: C72 | F6: 248.6 | G6: 0.013125 | H6: 0.065 | I6: =G6+H6 -> 0.078125 | J6: =IFERROR(F6/I6,"") -> 3182.08 | K6: =IFERROR(G6*$K$3,) -> 3.28125 | L6: =IFERROR(W6*$L$3,"") -> 70.48381 | M6: =IFERROR(F6/SUM(K6:L6),"") -> 3.3701593 | N6: =IFERROR(SUM(K6:L6)," ") -> 73.76506 | O6: 50.12 | P6: =IFERROR(Q6/N6,"") -> 3.768722 | Q6: 278 | R6: =IFERROR(Q6-F6,"")/F6 -> 0.11826227 | S6: =VLOOKUP(E6,'Brass Cost'!$A$11:$D112,4,0) -> 67.28 | T6: =IFERROR(U6/N6,"") -> 3.6331564 | U6: 268 | V6: =IFERROR(U6-Q6,"")/Q6 -> -0.035971223 | W6: =IFERROR(S6/1050,"") -> 0.06407619
A7: =$B$4&C7 -> Male Adapter Brass Threads1 | B7: 3 | C7: 1 | D7: 25 | E7: C73 | F7: 368 | G7: 0.0195 | H7: 0.145 | I7: =G7+H7 -> 0.1645 | J7: =IFERROR(F7/I7,"") -> 2237.0821 | K7: =IFERROR(G7*$K$3,) -> 4.875 | L7: =IFERROR(W7*$L$3,"") -> 157.22667 | M7: =IFERROR(F7/SUM(K7:L7),"") -> 2.2701802 | N7: =IFERROR(SUM(K7:L7)," ") -> 162.10167 | O7: 111.8 | P7: =IFERROR(Q7/N7,"") -> 2.5416148 | Q7: 412 | R7: =IFERROR(Q7-F7,"")/F7 -> 0.11956522 | S7: =VLOOKUP(E7,'Brass Cost'!$A$11:$D112,4,0) -> 150.08 | T7: =IFERROR(U7/N7,"") -> 3.5656635 | U7: 578 | V7: =IFERROR(U7-Q7,"")/Q7 -> 0.40291262 | W7: =IFERROR(S7/1050,"") -> 0.14293333
A8: =$B$4&C8 -> Male Adapter Brass Threads1 1⁄4 | B8: 4 | C8: 1 1⁄4 | D8: 32 | E8: C74 | F8: 798 | G8: 0.04725 | H8: 0.242 | I8: =G8+H8 -> 0.28925 | J8: =IFERROR(F8/I8,"") -> 2758.8591 | K8: =IFERROR(G8*$K$3,) -> 11.8125 | L8: =IFERROR(W8*$L$3,"") -> 261.3181 | M8: =IFERROR(F8/SUM(K8:L8),"") -> 2.9216793 | N8: =IFERROR(SUM(K8:L8)," ") -> 273.1306 | O8: 250.92 | P8: =IFERROR(Q8/N8,"") -> 3.2878045 | Q8: 898 | R8: =IFERROR(Q8-F8,"")/F8 -> 0.12531328 | S8: =VLOOKUP(E8,'Brass Cost'!$A$11:$D112,4,0) -> 249.44 | T8: =IFERROR(U8/N8,"") -> 3.6026722 | U8: 984 | V8: =IFERROR(U8-Q8,"")/Q8 -> 0.095768374 | W8: =IFERROR(S8/1050,"") -> 0.2375619
A9: =$B$4&C9 -> Male Adapter Brass Threads1 1⁄2 | B9: 5 | C9: 1 1⁄2 | D9: 40 | E9: C75 | F9: 1058.6 | G9: 0.061 | H9: 0.367 | I9: =G9+H9 -> 0.428 | J9: =IFERROR(F9/I9,"") -> 2473.3645 | K9: =IFERROR(G9*$K$3,) -> 15.25 | L9: =IFERROR(W9*$L$3,"") -> 403.35429 | M9: =IFERROR(F9/SUM(K9:L9),"") -> 2.52888 | N9: =IFERROR(SUM(K9:L9)," ") -> 418.60429 | O9: 329.08 | P9: =IFERROR(Q9/N9,"") -> 2.8380025 | Q9: 1188 | R9: =IFERROR(Q9-F9,"")/F9 -> 0.12223692 | S9: =VLOOKUP(E9,'Brass Cost'!$A$11:$D112,4,0) -> 385.02 | T9: =IFERROR(U9/N9,"") -> 3.5785587 | U9: 1498 | V9: =IFERROR(U9-Q9,"")/Q9 -> 0.26094276 | W9: =IFERROR(S9/1050,"") -> 0.36668571
A10: =$B$4&C10 -> Male Adapter Brass Threads2 | B10: 6 | C10: 2 | D10: 50 | E10: C76 | F10: 1840 | G10: 0.111 | H10: 0.544 | I10: =G10+H10 -> 0.655 | J10: =IFERROR(F10/I10,"") -> 2809.1603 | K10: =IFERROR(G10*$K$3,) -> 27.75 | L10: =IFERROR(W10*$L$3,"") -> 596.35714 | M10: =IFERROR(F10/SUM(K10:L10),"") -> 2.9482117 | N10: =IFERROR(SUM(K10:L10)," ") -> 624.10714 | O10: 537.64 | P10: =IFERROR(Q10/N10,"") -> 3.3327611 | Q10: 2080 | R10: =IFERROR(Q10-F10,"")/F10 -> 0.13043478 | S10: =VLOOKUP(E10,'Brass Cost'!$A$11:$D112,4,0) -> 569.25 | T10: =IFERROR(U10/N10,"") -> 3.6532189 | U10: 2280 | V10: =IFERROR(U10-Q10,"")/Q10 -> 0.096153846 | W10: =IFERROR(S10/1050,"") -> 0.54214286
A11: =$B$4&C11 -> Male Adapter Brass Threads1 x 1⁄2 | B11: 7 | C11: 1 x 1⁄2 | D11: 25x15 | E11: C731 | F11: 254.4 | G11: 0.02 | H11: 0.059 | I11: =G11+H11 -> 0.079 | J11: =IFERROR(F11/I11,"") -> 3220.2532 | K11: =IFERROR(G11*$K$3,) -> 5 | L11: =IFERROR(W11*$L$3,"") -> 63.978095 | M11: =IFERROR(F11/SUM(K11:L11),"") -> 3.6881274 | N11: =IFERROR(SUM(K11:L11)," ") -> 68.978095 | O11: 45.29 | P11: =IFERROR(Q11/N11,"") -> 4.030265 | Q11: 278 | R11: =IFERROR(Q11-F11,"")/F11 -> 0.092767296 | S11: =VLOOKUP(E11,'Brass Cost'!$A$11:$D112,4,0) -> 61.07 | T11: =IFERROR(U11/N11,"") -> 3.7403178 | U11: 258 | V11: =IFERROR(U11-Q11,"")/Q11 -> -0.071942446 | W11: =IFERROR(S11/1050,"") -> 0.058161905
A12: =$B$4&C12 -> Male Adapter Brass Threads1 x 3⁄4 | B12: 8 | C12: 1 x 3⁄4 | D12: 25x20 | E12: C732 | F12: 262.2 | G12: 0.031 | H12: 0.065 | I12: =G12+H12 -> 0.096 | J12: =IFERROR(F12/I12,"") -> 2731.25 | K12: =IFERROR(G12*$K$3,) -> 7.75 | L12: =IFERROR(W12*$L$3,"") -> 70.48381 | M12: =IFERROR(F12/SUM(K12:L12),"") -> 3.3514922 | N12: =IFERROR(SUM(K12:L12)," ") -> 78.23381 | O12: 50.12 | P12: =IFERROR(Q12/N12,"") -> 3.6812729 | Q12: 288 | R12: =IFERROR(Q12-F12,"")/F12 -> 0.098398169 | S12: =VLOOKUP(E12,'Brass Cost'!$A$11:$D112,4,0) -> 67.28 | T12: =IFERROR(U12/N12,"") -> 3.6812729 | U12: 288 | V12: =IFERROR(U12-Q12,"")/Q12 -> 0 | W12: =IFERROR(S12/1050,"") -> 0.06407619
B13: TOTAL | F13: =SUM(F5:F12) -> 4998.6 | H13: =IFERROR(__xludf.DUMMYFUNCTION("IFERROR(VLOOKUP(E13,IMPORTRANGE(""https://docs.google.com/spreadsheets/d/1xZyKy-UzMmtPDLpV5jQdYum1LtbR8XKDuasLSjmBRMI/edit#gid=1241094406"",""COMBINED DATA!E3:L""),8,0))"),"") | M13: =IFERROR(F13/#REF!,"") | Q13: =SUM(Q5:Q12) -> 5611 | U13: =SUM(U5:U12) -> 6398
H14: =IFERROR(__xludf.DUMMYFUNCTION("IFERROR(VLOOKUP(E14,IMPORTRANGE(""https://docs.google.com/spreadsheets/d/1xZyKy-UzMmtPDLpV5jQdYum1LtbR8XKDuasLSjmBRMI/edit#gid=1241094406"",""COMBINED DATA!E3:L""),8,0))"),"") | M14: =IFERROR(F14/#REF!,"")
B15: Female Adapter Brass Threads | H15: =IFERROR(__xludf.DUMMYFUNCTION("IFERROR(VLOOKUP(E15,IMPORTRANGE(""https://docs.google.com/spreadsheets/d/1xZyKy-UzMmtPDLpV5jQdYum1LtbR8XKDuasLSjmBRMI/edit#gid=1241094406"",""COMBINED DATA!E3:L""),8,0))"),"") | M15: =IFERROR(F15/#REF!,"")
A16: =$B$15&C16 -> Female Adapter Brass Threads3⁄4 | B16: 1 | C16: 3⁄4 | D16: 20 | E16: C82 | F16: 246.2 | G16: 0.0127 | H16: 0.079 | I16: =G16+H16 -> 0.0917 | J16: =IFERROR(F16/I16,"") -> 2684.8419 | K16: =IFERROR(G16*$K$3,) -> 3.175 | L16: =IFERROR(W16*$L$3,"") -> 86.638095 | M16: =IFERROR(F16/SUM(K16:L16),"") -> 2.7412484 | N16: =IFERROR(SUM(K16:L16)," ") -> 89.813095 | O16: 61.76 | P16: =IFERROR(Q16/N16,"") -> 3.0730485 | Q16: 276 | R16: =IFERROR(Q16-F16,"")/F16 -> 0.12103981 | S16: =VLOOKUP(E16,'Brass Cost'!$A$11:$D112,4,0) -> 82.7 | T16: =IFERROR(U16/N16,"") -> 3.6074917 | U16: 324 | V16: =IFERROR(U16-Q16,"")/Q16 -> 0.17391304 | W16: =IFERROR(S16/1050,"") -> 0.078761905
A17: =$B$15&C17 -> Female Adapter Brass Threads1 | B17: 2 | C17: 1 | D17: 25 | E17: C83 | F17: 468.8 | G17: 0.020095 | H17: 0.187 | I17: =G17+H17 -> 0.207095 | J17: =IFERROR(F17/I17,"") -> 2263.6954 | K17: =IFERROR(G17*$K$3,) -> 5.02375 | L17: =IFERROR(W17*$L$3,"") -> 205.24952 | M17: =IFERROR(F17/SUM(K17:L17),"") -> 2.2294797 | N17: =IFERROR(SUM(K17:L17)," ") -> 210.27327 | O17: 146.33 | P17: =IFERROR(Q17/N17,"") -> 2.5110181 | Q17: 528 | R17: =IFERROR(Q17-F17,"")/F17 -> 0.12627986 | S17: =VLOOKUP(E17,'Brass Cost'!$A$11:$D112,4,0) -> 195.92 | T17: =IFERROR(U17/N17,"") -> 3.5572757 | U17: 748 | V17: =IFERROR(U17-Q17,"")/Q17 -> 0.41666667 | W17: =IFERROR(S17/1050,"") -> 0.18659048
A18: =$B$15&C18 -> Female Adapter Brass Threads1 1⁄4 | B18: 3 | C18: 1 1⁄4 | D18: 32 | E18: C84 | F18: 848.8 | G18: 0.047 | H18: 0.244 | I18: =G18+H18 -> 0.291 | J18: =IFERROR(F18/I18,"") -> 2916.8385 | K18: =IFERROR(G18*$K$3,) -> 11.75 | L18: =IFERROR(W18*$L$3,"") -> 265.65524 | M18: =IFERROR(F18/SUM(K18:L18),"") -> 3.0597836 | N18: =IFERROR(SUM(K18:L18)," ") -> 277.40524 | O18: 258.75 | P18: =IFERROR(Q18/N18,"") -> 3.4390122 | Q18: 954 | R18: =IFERROR(Q18-F18,"")/F18 -> 0.12393968 | S18: =VLOOKUP(E18,'Brass Cost'!$A$11:$D112,4,0) -> 253.58 | T18: =IFERROR(U18/N18,"") -> 3.5615766 | U18: 988 | V18: =IFERROR(U18-Q18,"")/Q18 -> 0.035639413 | W18: =IFERROR(S18/1050,"") -> 0.24150476
A19: =$B$15&C19 -> Female Adapter Brass Threads1 1⁄2 | B19: 4 | C19: 1 1⁄2 | D19: 40 | E19: C85 | F19: 958.4 | G19: 0.06275 | H19: 0.28 | I19: =G19+H19 -> 0.34275 | J19: =IFERROR(F19/I19,"") -> 2796.2071 | K19: =IFERROR(G19*$K$3,) -> 15.6875 | L19: =IFERROR(W19*$L$3,"") -> 306.8581 | M19: =IFERROR(F19/SUM(K19:L19),"") -> 2.9713629 | N19: =IFERROR(SUM(K19:L19)," ") -> 322.5456 | O19: 305.59 | P19: =IFERROR(Q19/N19,"") -> 3.3297618 | Q19: 1074 | R19: =IFERROR(Q19-F19,"")/F19 -> 0.1206177 | S19: =VLOOKUP(E19,'Brass Cost'!$A$11:$D112,4,0) -> 292.91 | T19: =IFERROR(U19/N19,"") -> 3.6211935 | U19: 1168 | V19: =IFERROR(U19-Q19,"")/Q19 -> 0.087523277 | W19: =IFERROR(S19/1050,"") -> 0.2789619
A20: =$B$15&C20 -> Female Adapter Brass Threads2 | B20: 5 | C20: 2 | D20: 50 | E20: C86 | F20: 1822.4 | G20: 0.108 | H20: 0.451 | I20: =G20+H20 -> 0.559 | J20: =IFERROR(F20/I20,"") -> 3260.1073 | K20: =IFERROR(G20*$K$3,) -> 27 | L20: =IFERROR(W20*$L$3,"") -> 493.35524 | M20: =IFERROR(F20/SUM(K20:L20),"") -> 3.5022228 | N20: =IFERROR(SUM(K20:L20)," ") -> 520.35524 | O20: 428.59 | P20: =IFERROR(Q20/N20,"") -> 3.9319293 | Q20: 2046 | R20: =IFERROR(Q20-F20,"")/F20 -> 0.12269535 | S20: =VLOOKUP(E20,'Brass Cost'!$A$11:$D112,4,0) -> 470.93 | T20: =IFERROR(U20/N20,"") -> 3.6129165 | U20: 1880 | V20: =IFERROR(U20-Q20,"")/Q20 -> -0.08113392 | W20: =IFERROR(S20/1050,"") -> 0.44850476
B21: TOTAL | F21: =SUM(F16:F20) -> 4344.6 | H21: =IFERROR(__xludf.DUMMYFUNCTION("IFERROR(VLOOKUP(E21,IMPORTRANGE(""https://docs.google.com/spreadsheets/d/1xZyKy-UzMmtPDLpV5jQdYum1LtbR8XKDuasLSjmBRMI/edit#gid=1241094406"",""COMBINED DATA!E3:L""),8,0))"),"") | M21: =IFERROR(F21/#REF!,"") | Q21: =SUM(Q16:Q20) -> 4878 | U21: =SUM(U16:U20) -> 5108
H22: =IFERROR(__xludf.DUMMYFUNCTION("IFERROR(VLOOKUP(E22,IMPORTRANGE(""https://docs.google.com/spreadsheets/d/1xZyKy-UzMmtPDLpV5jQdYum1LtbR8XKDuasLSjmBRMI/edit#gid=1241094406"",""COMBINED DATA!E3:L""),8,0))"),"") | M22: =IFERROR(F22/#REF!,"")
B23: Brass Elbow 90⁰ | H23: =IFERROR(__xludf.DUMMYFUNCTION("IFERROR(VLOOKUP(E23,IMPORTRANGE(""https://docs.google.com/spreadsheets/d/1xZyKy-UzMmtPDLpV5jQdYum1LtbR8XKDuasLSjmBRMI/edit#gid=1241094406"",""COMBINED DATA!E3:L""),8,0))"),"") | M23: =IFERROR(F23/#REF!,"")
A24: =$B$23&C24 -> Brass Elbow 90⁰3⁄4 x 1⁄2 | B24: 1 | C24: 3⁄4 x 1⁄2 | D24: 20x15 | E24: C521 | F24: 86.2 | G24: 0.03 | H24: 0.019 | I24: =G24+H24 -> 0.049 | J24: =IFERROR(F24/I24,"") -> 1759.1837 | K24: =IFERROR(G24*$K$3,) -> 7.5 | L24: =IFERROR(W24*$L$3,"") -> 20.700952 | M24: =IFERROR(F24/SUM(K24:L24),"") -> 3.0566344 | N24: =IFERROR(SUM(K24:L24)," ") -> 28.200952 | O24: 14.18 | P24: =IFERROR(Q24/N24,"") -> 3.4750599 | Q24: 98 | R24: =IFERROR(Q24-F24,"")/F24 -> 0.13689095 | S24: =VLOOKUP(E24,'Brass Cost'!$A$11:$D112,4,0) -> 19.76 | T24: =IFERROR(U24/N24,"") -> 3.6878187 | U24: 104 | V24: =IFERROR(U24-Q24,"")/Q24 -> 0.06122449 | W24: =IFERROR(S24/1050,"") -> 0.018819048
A25: =$B$23&C25 -> Brass Elbow 90⁰1 x 1⁄2 | B25: 2 | C25: 1 x 1⁄2 | D25: 25x15 | E25: C523 | F25: 158.6 | G25: 0.038 | H25: 0.019 | I25: =G25+H25 -> 0.057 | J25: =IFERROR(F25/I25,"") -> 2782.4561 | K25: =IFERROR(G25*$K$3,) -> 9.5 | L25: =IFERROR(W25*$L$3,"") -> 20.700952 | M25: =IFERROR(F25/SUM(K25:L25),"") -> 5.25149 | N25: =IFERROR(SUM(K25:L25)," ") -> 30.200952 | O25: 14.18 | P25: =IFERROR(Q25/N25,"") -> 5.5627385 | Q25: 168 | R25: =IFERROR(Q25-F25,"")/F25 -> 0.0592686 | S25: =VLOOKUP(E25,'Brass Cost'!$A$11:$D112,4,0) -> 19.76 | T25: =IFERROR(U25/N25,"") -> 3.9071616 | U25: 118 | V25: =IFERROR(U25-Q25,"")/Q25 -> -0.29761905 | W25: =IFERROR(S25/1050,"") -> 0.018819048
A26: =$B$23&C26 -> Brass Elbow 90⁰1 x 3⁄4 | B26: 3 | C26: 1 x 3⁄4 | D26: 25x20 | E26: C524 | F26: 248.4 | G26: 0.040875 | H26: 0.043125 | I26: =G26+H26 -> 0.084 | J26: =IFERROR(F26/I26,"") -> 2957.1429 | K26: =IFERROR(G26*$K$3,) -> 10.21875 | L26: =IFERROR(W26*$L$3,"") -> 46.126667 | M26: =IFERROR(F26/SUM(K26:L26),"") -> 4.4085218 | N26: =IFERROR(SUM(K26:L26)," ") -> 56.345417 | O26: 32.89 | P26: =IFERROR(Q26/N26,"") -> 4.7563762 | Q26: 268 | R26: =IFERROR(Q26-F26,"")/F26 -> 0.078904992 | S26: =VLOOKUP(E26,'Brass Cost'!$A$11:$D112,4,0) -> 44.03 | T26: =IFERROR(U26/N26,"") -> 3.7625066 | U26: 212 | V26: =IFERROR(U26-Q26,"")/Q26 -> -0.20895522 | W26: =IFERROR(S26/1050,"") -> 0.041933333
A27: =$B$23&C27 -> Brass Elbow 90⁰1⁄2 x 1⁄2 | B27: 4 | C27: 1⁄2 x 1⁄2 | D27: 15x15 | E27: C526 | F27: 82.6 | G27: 0.021 | H27: 0.019 | I27: =G27+H27 -> 0.04 | J27: =IFERROR(F27/I27,"") -> 2065 | K27: =IFERROR(G27*$K$3,) -> 5.25 | L27: =IFERROR(W27*$L$3,"") -> 20.700952 | M27: =IFERROR(F27/SUM(K27:L27),"") -> 3.1829275 | N27: =IFERROR(SUM(K27:L27)," ") -> 25.950952 | O27: 14.18 | P27: =IFERROR(Q27/N27,"") -> 3.6222177 | Q27: 94 | R27: =IFERROR(Q27-F27,"")/F27 -> 0.13801453 | S27: =VLOOKUP(E27,'Brass Cost'!$A$11:$D112,4,0) -> 19.76 | T27: =IFERROR(U27/N27,"") -> 3.6222177 | U27: 94 | V27: =IFERROR(U27-Q27,"")/Q27 -> 0 | W27: =IFERROR(S27/1050,"") -> 0.018819048
A28: =$B$23&C28 -> Brass Elbow 90⁰3⁄4 x 3⁄4 | B28: 5 | C28: 3⁄4 x 3⁄4 | D28: 20x20 | E28: C527 | F28: 158.8 | G28: 0.047125 | H28: 0.043125 | I28: =G28+H28 -> 0.09025 | J28: =IFERROR(F28/I28,"") -> 1759.5568 | K28: =IFERROR(G28*$K$3,) -> 11.78125 | L28: =IFERROR(W28*$L$3,"") -> 46.126667 | M28: =IFERROR(F28/SUM(K28:L28),"") -> 2.7422848 | N28: =IFERROR(SUM(K28:L28)," ") -> 57.907917 | O28: 32.89 | P28: =IFERROR(Q28/N28,"") -> 3.1774585 | Q28: 184 | R28: =IFERROR(Q28-F28,"")/F28 -> 0.15869018 | S28: =VLOOKUP(E28,'Brass Cost'!$A$11:$D112,4,0) -> 44.03 | T28: =IFERROR(U28/N28,"") -> 3.6609848 | U28: 212 | V28: =IFERROR(U28-Q28,"")/Q28 -> 0.15217391 | W28: =IFERROR(S28/1050,"") -> 0.041933333
A29: =$B$23&C29 -> Brass Elbow 90⁰1 x 1 | B29: 6 | C29: 1 x 1 | D29: 25x25 | E29: C528 | F29: 348 | G29: 0.047 | H29: 0.065 | I29: =G29+H29 -> 0.112 | J29: =IFERROR(F29/I29,"") -> 3107.1429 | K29: =IFERROR(G29*$K$3,) -> 11.75 | L29: =IFERROR(W29*$L$3,"") -> 70.211429 | M29: =IFERROR(F29/SUM(K29:L29),"") -> 4.2458996 | N29: =IFERROR(SUM(K29:L29)," ") -> 81.961429 | O29: 50.05 | P29: =IFERROR(Q29/N29,"") -> 4.3679083 | Q29: 358 | R29: =IFERROR(Q29-F29,"")/F29 -> 0.028735632 | S29: =VLOOKUP(E29,'Brass Cost'!$A$11:$D112,4,0) -> 67.02 | T29: =IFERROR(U29/N29,"") -> 3.6358566 | U29: 298 | V29: =IFERROR(U29-Q29,"")/Q29 -> -0.16759777 | W29: =IFERROR(S29/1050,"") -> 0.063828571
A30: =$B$23&C30 -> Brass Elbow 90⁰1 x 1 1⁄4 | B30: 7 | C30: 1 x 1 1⁄4 | D30: 25x32 | E30: C529 | F30: 594 | G30: 0.09 | H30: 0.1035 | I30: =G30+H30 -> 0.1935 | J30: =IFERROR(F30/I30,"") -> 3069.7674 | K30: =IFERROR(G30*$K$3,) -> 22.5 | L30: =IFERROR(W30*$L$3,"") -> 113.87619 | M30: =IFERROR(F30/SUM(K30:L30),"") -> 4.355599 | N30: =IFERROR(SUM(K30:L30)," ") -> 136.37619 | O30: 81.16 | P30: =IFERROR(Q30/N30,"") -> 4.7515626 | Q30: 648 | R30: =IFERROR(Q30-F30,"")/F30 -> 0.090909091 | S30: =VLOOKUP(E30,'Brass Cost'!$A$11:$D112,4,0) -> 108.7 | T30: =IFERROR(U30/N30,"") -> 3.6516638 | U30: 498 | V30: =IFERROR(U30-Q30,"")/Q30 -> -0.23148148 | W30: =IFERROR(S30/1050,"") -> 0.10352381
B31: TOTAL | F31: 3780 | H31: =IFERROR(__xludf.DUMMYFUNCTION("IFERROR(VLOOKUP(E31,IMPORTRANGE(""https://docs.google.com/spreadsheets/d/1xZyKy-UzMmtPDLpV5jQdYum1LtbR8XKDuasLSjmBRMI/edit#gid=1241094406"",""COMBINED DATA!E3:L""),8,0))"),"") | M31: =IFERROR(F31/#REF!,"") | Q31: 3780 | U31: 3780
H32: =IFERROR(__xludf.DUMMYFUNCTION("IFERROR(VLOOKUP(E32,IMPORTRANGE(""https://docs.google.com/spreadsheets/d/1xZyKy-UzMmtPDLpV5jQdYum1LtbR8XKDuasLSjmBRMI/edit#gid=1241094406"",""COMBINED DATA!E3:L""),8,0))"),"") | M32: =IFERROR(F32/#REF!,"")
B33: Reducer Brass Tee | H33: =IFERROR(__xludf.DUMMYFUNCTION("IFERROR(VLOOKUP(E33,IMPORTRANGE(""https://docs.google.com/spreadsheets/d/1xZyKy-UzMmtPDLpV5jQdYum1LtbR8XKDuasLSjmBRMI/edit#gid=1241094406"",""COMBINED DATA!E3:L""),8,0))"),"") | M33: =IFERROR(F33/#REF!,"")
A34: =$B$33&C34 -> Reducer Brass Tee1⁄2 x 1⁄2 x 1⁄2 | B34: 1 | C34: 1⁄2 x 1⁄2 x 1⁄2 | D34: 15x15x15 | E34: C321 | F34: 104.8 | G34: 0.031 | H34: 0.019 | I34: =G34+H34 -> 0.05 | J34: =IFERROR(F34/I34,"") -> 2096 | K34: =IFERROR(G34*$K$3,) -> 7.75 | L34: =IFERROR(W34*$L$3,"") -> 20.700952 | M34: =IFERROR(F34/SUM(K34:L34),"") -> 3.6835322 | N34: =IFERROR(SUM(K34:L34)," ") -> 28.450952 | O34: 14.18 | P34: =IFERROR(Q34/N34,"") -> 4.0771922 | Q34: 116 | R34: =IFERROR(Q34-F34,"")/F34 -> 0.10687023 | S34: =VLOOKUP(E34,'Brass Cost'!$A$11:$D112,4,0) -> 19.76 | T34: =IFERROR(U34/N34,"") -> 3.6554137 | U34: 104 | V34: =IFERROR(U34-Q34,"")/Q34 -> -0.10344828 | W34: =IFERROR(S34/1050,"") -> 0.018819048
A35: =$B$33&C35 -> Reducer Brass Tee3⁄4 x 3⁄4 x 1⁄2 | B35: 2 | C35: 3⁄4 x 3⁄4 x 1⁄2 | D35: 20x20x15 | E35: C322 | F35: 102.8 | G35: 0.037 | H35: 0.019 | I35: =G35+H35 -> 0.056 | J35: =IFERROR(F35/I35,"") -> 1835.7143 | K35: =IFERROR(G35*$K$3,) -> 9.25 | L35: =IFERROR(W35*$L$3,"") -> 20.700952 | M35: =IFERROR(F35/SUM(K35:L35),"") -> 3.4322782 | N35: =IFERROR(SUM(K35:L35)," ") -> 29.950952 | O35: 14.18 | P35: =IFERROR(Q35/N35,"") -> 3.8062229 | Q35: 114 | R35: =IFERROR(Q35-F35,"")/F35 -> 0.10894942 | S35: =VLOOKUP(E35,'Brass Cost'!$A$11:$D112,4,0) -> 19.76 | T35: =IFERROR(U35/N35,"") -> 3.8729987 | U35: 116 | V35: =IFERROR(U35-Q35,"")/Q35 -> 0.01754386 | W35: =IFERROR(S35/1050,"") -> 0.018819048
A36: =$B$33&C36 -> Reducer Brass Tee1 x 1 x 1⁄2 | B36: 3 | C36: 1 x 1 x 1⁄2 | D36: 25x25x15 | E36: C323 | F36: 168.8 | G36: 0.048125 | H36: 0.019 | I36: =G36+H36 -> 0.067125 | J36: =IFERROR(F36/I36,"") -> 2514.7114 | K36: =IFERROR(G36*$K$3,) -> 12.03125 | L36: =IFERROR(W36*$L$3,"") -> 20.700952 | M36: =IFERROR(F36/SUM(K36:L36),"") -> 5.157001 | N36: =IFERROR(SUM(K36:L36)," ") -> 32.732202 | O36: 14.18 | P36: =IFERROR(Q36/N36,"") -> 5.4380698 | Q36: 178 | R36: =IFERROR(Q36-F36,"")/F36 -> 0.05450237 | S36: =VLOOKUP(E36,'Brass Cost'!$A$11:$D112,4,0) -> 19.76 | T36: =IFERROR(U36/N36,"") -> 4.1549297 | U36: 136 | V36: =IFERROR(U36-Q36,"")/Q36 -> -0.23595506 | W36: =IFERROR(S36/1050,"") -> 0.018819048
B37: 4 | C37: 1 x 1 x 1 | D37: 25x25x25 | E37: C324 | F37: 368 | G37: 0.124 | H37: 0.065 | I37: =G37+H37 -> 0.189 | J37: =IFERROR(F37/I37,"") -> 1947.0899 | K37: =IFERROR(G37*$K$3,) -> 31 | L37: =IFERROR(W37*$L$3,"") -> 70.211429 | M37: =IFERROR(F37/SUM(K37:L37),"") -> 3.635953 | N37: =IFERROR(SUM(K37:L37)," ") -> 101.21143 | O37: 50.05 | P37: =IFERROR(Q37/N37,"") -> 3.9323622 | Q37: 398 | R37: =IFERROR(Q37-F37,"")/F37 -> 0.081521739 | S37: =VLOOKUP(E37,'Brass Cost'!$A$11:$D112,4,0) -> 67.02 | T37: =IFERROR(U37/N37,"") -> 3.7347561 | U37: 378 | V37: =IFERROR(U37-Q37,"")/Q37 -> -0.050251256 | W37: =IFERROR(S37/1050,"") -> 0.063828571
A38: =$B$33&C38 -> Reducer Brass Tee3⁄4 x 3⁄4 x 3⁄4 | B38: 5 | C38: 3⁄4 x 3⁄4 x 3⁄4 | D38: 20x20x20 | E38: C333 | F38: 158.6 | G38: 0.041 | H38: 0.043 | I38: =G38+H38 -> 0.084 | J38: =IFERROR(F38/I38,"") -> 1888.0952 | K38: =IFERROR(G38*$K$3,) -> 10.25 | L38: =IFERROR(W38*$L$3,"") -> 46.126667 | M38: =IFERROR(F38/SUM(K38:L38),"") -> 2.8132206 | N38: =IFERROR(SUM(K38:L38)," ") -> 56.376667 | O38: 32.89 | P38: =IFERROR(Q38/N38,"") -> 3.1573346 | Q38: 178 | R38: =IFERROR(Q38-F38,"")/F38 -> 0.1223203 | S38: =VLOOKUP(E38,'Brass Cost'!$A$11:$D112,4,0) -> 44.03 | T38: =IFERROR(U38/N38,"") -> 3.44114 | U38: 194 | V38: =IFERROR(U38-Q38,"")/Q38 -> 0.08988764 | W38: =IFERROR(S38/1050,"") -> 0.041933333
A39: =$B$33&C39 -> Reducer Brass Tee1 1⁄4 x 1 1⁄4 x 1⁄2 | B39: 6 | C39: 1 1⁄4 x 1 1⁄4 x 1⁄2 | D39: 32x32x15 | E39: C342 | F39: 212.8 | G39: 0.076 | H39: 0.019 | I39: =G39+H39 -> 0.095 | J39: =IFERROR(F39/I39,"") -> 2240 | K39: =IFERROR(G39*$K$3,) -> 19 | L39: =IFERROR(W39*$L$3,"") -> 20.700952 | M39: =IFERROR(F39/SUM(K39:L39),"") -> 5.3600729 | N39: =IFERROR(SUM(K39:L39)," ") -> 39.700952 | O39: 14.18 | P39: =IFERROR(Q39/N39,"") -> 5.4910522 | Q39: 218 | R39: =IFERROR(Q39-F39,"")/F39 -> 0.02443609 | S39: =VLOOKUP(E39,'Brass Cost'!$A$11:$D112,4,0) -> 19.76 | T39: =IFERROR(U39/N39,"") -> 4.3827664 | U39: 174 | V39: =IFERROR(U39-Q39,"")/Q39 -> -0.20183486 | W39: =IFERROR(S39/1050,"") -> 0.018819048
A40: =$B$33&C40 -> Reducer Brass Tee1 1⁄4 x 1 1⁄4 x 1 1⁄4 | B40: 7 | C40: 1 1⁄4 x 1 1⁄4 x 1 1⁄4 | D40: 32x32x32 | E40: C344 | F40: 358.8 | G40: 0.1065 | H40: 0.1035 | I40: =G40+H40 -> 0.21 | J40: =IFERROR(F40/I40,"") -> 1708.5714 | K40: =IFERROR(G40*$K$3,) -> 26.625 | L40: =IFERROR(W40*$L$3,"") -> 113.87619 | M40: =IFERROR(F40/SUM(K40:L40),"") -> 2.553715 | N40: =IFERROR(SUM(K40:L40)," ") -> 140.50119 | O40: 81.16 | P40: =IFERROR(Q40/N40,"") -> 2.8327162 | Q40: 398 | R40: =IFERROR(Q40-F40,"")/F40 -> 0.10925307 | S40: =VLOOKUP(E40,'Brass Cost'!$A$11:$D112,4,0) -> 108.7 | T40: =IFERROR(U40/N40,"") -> 3.544454 | U40: 498 | V40: =IFERROR(U40-Q40,"")/Q40 -> 0.25125628 | W40: =IFERROR(S40/1050,"") -> 0.10352381
B41: TOTAL | F41: =SUM(F34:F40) -> 1474.6 | H41: =IFERROR(__xludf.DUMMYFUNCTION("IFERROR(VLOOKUP(E41,IMPORTRANGE(""https://docs.google.com/spreadsheets/d/1xZyKy-UzMmtPDLpV5jQdYum1LtbR8XKDuasLSjmBRMI/edit#gid=1241094406"",""COMBINED DATA!E3:L""),8,0))"),"") | M41: =IFERROR(F41/#REF!,"") | Q41: =SUM(Q34:Q40) -> 1600 | U41: =SUM(U34:U40) -> 1600
H42: =IFERROR(__xludf.DUMMYFUNCTION("IFERROR(VLOOKUP(E42,IMPORTRANGE(""https://docs.google.com/spreadsheets/d/1xZyKy-UzMmtPDLpV5jQdYum1LtbR8XKDuasLSjmBRMI/edit#gid=1241094406"",""COMBINED DATA!E3:L""),8,0))"),"") | M42: =IFERROR(F42/#REF!,"")
B43: Reducer Brass Coupling | H43: =IFERROR(__xludf.DUMMYFUNCTION("IFERROR(VLOOKUP(E43,IMPORTRANGE(""https://docs.google.com/spreadsheets/d/1xZyKy-UzMmtPDLpV5jQdYum1LtbR8XKDuasLSjmBRMI/edit#gid=1241094406"",""COMBINED DATA!E3:L""),8,0))"),"") | M43: =IFERROR(F43/#REF!,"")
A44: =$B$43&C44 -> Reducer Brass Coupling3⁄4 x 1⁄2 | B44: 1 | C44: 3⁄4 x 1⁄2 | D44: 20x15 | E44: C920 | F44: 105.8 | G44: =IFERROR(__xludf.DUMMYFUNCTION("ArrayFormula(IFERROR(VLOOKUP(E44,IMPORTRANGE(""https://docs.google.com/spreadsheets/d/1xZyKy-UzMmtPDLpV5jQdYum1LtbR8XKDuasLSjmBRMI/edit#gid=1241094406"",""COMBINED DATA!E3:L""),{7,8},0)))"),0.019) -> 0.019 | H44: =IFERROR(__xludf.DUMMYFUNCTION("""COMPUTED_VALUE"""),0.019) -> 0.019 | I44: =G44+H44 -> 0.038 | J44: =IFERROR(F44/I44,"") -> 2784.2105 | K44: =IFERROR(G44*$K$3,) -> 4.75 | L44: =IFERROR(W44*$L$3,"") -> 20.700952 | M44: =IFERROR(F44/SUM(K44:L44),"") -> 4.1570154 | N44: =IFERROR(SUM(K44:L44)," ") -> 25.450952 | O44: 14.18 | P44: =IFERROR(Q44/N44,"") -> 4.5577862 | Q44: 116 | R44: =IFERROR(Q44-F44,"")/F44 -> 0.096408318 | S44: =VLOOKUP(E44,'Brass Cost'!$A$11:$D112,4,0) -> 19.76 | T44: =IFERROR(U44/N44,"") -> 3.8505435 | U44: 98 | V44: =IFERROR(U44-Q44,"")/Q44 -> -0.15517241 | W44: =IFERROR(S44/1050,"") -> 0.018819048
A45: =$B$43&C45 -> Reducer Brass Coupling1 x 1⁄2 | B45: 2 | C45: 1 x 1⁄2 | D45: 25x15 | E45: C930 | F45: 138.2 | G45: =IFERROR(__xludf.DUMMYFUNCTION("ArrayFormula(IFERROR(VLOOKUP(E45,IMPORTRANGE(""https://docs.google.com/spreadsheets/d/1xZyKy-UzMmtPDLpV5jQdYum1LtbR8XKDuasLSjmBRMI/edit#gid=1241094406"",""COMBINED DATA!E3:L""),{7,8},0)))"),0.03) -> 0.03 | H45: =IFERROR(__xludf.DUMMYFUNCTION("""COMPUTED_VALUE"""),0.019) -> 0.019 | I45: =G45+H45 -> 0.049 | J45: =IFERROR(F45/I45,"") -> 2820.4082 | K45: =IFERROR(G45*$K$3,) -> 7.5 | L45: =IFERROR(W45*$L$3,"") -> 20.700952 | M45: =IFERROR(F45/SUM(K45:L45),"") -> 4.9005437 | N45: =IFERROR(SUM(K45:L45)," ") -> 28.200952 | O45: 14.18 | P45: =IFERROR(Q45/N45,"") -> 5.2480497 | Q45: 148 | R45: =IFERROR(Q45-F45,"")/F45 -> 0.070911722 | S45: =VLOOKUP(E45,'Brass Cost'!$A$11:$D112,4,0) -> 19.76 | T45: =IFERROR(U45/N45,"") -> 4.1842559 | U45: 118 | V45: =IFERROR(U45-Q45,"")/Q45 -> -0.2027027 | W45: =IFERROR(S45/1050,"") -> 0.018819048
A46: =$B$43&C46 -> Reducer Brass Coupling1 x 3⁄4 | B46: 3 | C46: 1 x 3⁄4 | D46: 25x20 | E46: C940 | F46: 148.8 | G46: 0.028 | H46: 0.043 | I46: =G46+H46 -> 0.071 | J46: =IFERROR(F46/I46,"") -> 2095.7746 | K46: =IFERROR(G46*$K$3,) -> 7 | L46: =IFERROR(W46*$L$3,"") -> 46.126667 | M46: =IFERROR(F46/SUM(K46:L46),"") -> 2.8008533 | N46: =IFERROR(SUM(K46:L46)," ") -> 53.126667 | O46: 32.89 | P46: =IFERROR(Q46/N46,"") -> 3.1622537 | Q46: 168 | R46: =IFERROR(Q46-F46,"")/F46 -> 0.12903226 | S46: =VLOOKUP(E46,'Brass Cost'!$A$11:$D112,4,0) -> 44.03 | T46: =IFERROR(U46/N46,"") -> 3.7269419 | U46: 198 | V46: =IFERROR(U46-Q46,"")/Q46 -> 0.17857143 | W46: =IFERROR(S46/1050,"") -> 0.041933333
B47: TOTAL | F47: =SUM(F44:F46) -> 392.8 | H47: =IFERROR(__xludf.DUMMYFUNCTION("IFERROR(VLOOKUP(E47,IMPORTRANGE(""https://docs.google.com/spreadsheets/d/1xZyKy-UzMmtPDLpV5jQdYum1LtbR8XKDuasLSjmBRMI/edit#gid=1241094406"",""COMBINED DATA!E3:L""),8,0))"),"") | M47: =IFERROR(F47/#REF!,"") | Q47: =SUM(Q44:Q46) -> 432 | U47: =SUM(U44:U46) -> 414
H48: =IFERROR(__xludf.DUMMYFUNCTION("IFERROR(VLOOKUP(E48,IMPORTRANGE(""https://docs.google.com/spreadsheets/d/1xZyKy-UzMmtPDLpV5jQdYum1LtbR8XKDuasLSjmBRMI/edit#gid=1241094406"",""COMBINED DATA!E3:L""),8,0))"),"") | M48: =IFERROR(F48/#REF!,"")
B49: Brass Elbow 3 in 1 Mixer | H49: =IFERROR(__xludf.DUMMYFUNCTION("IFERROR(VLOOKUP(E49,IMPORTRANGE(""https://docs.google.com/spreadsheets/d/1xZyKy-UzMmtPDLpV5jQdYum1LtbR8XKDuasLSjmBRMI/edit#gid=1241094406"",""COMBINED DATA!E3:L""),8,0))"),"") | M49: =IFERROR(F49/#REF!,"")
A50: =$B$49&C50 -> Brass Elbow 3 in 1 Mixer3⁄4 x 1⁄2 | B50: 1 | C50: 3⁄4 x 1⁄2 | D50: 20x15 | E50: CM21 | F50: 482 | G50: 0.15 | H50: 0.06 | I50: =(G50+H50)*3 -> 0.63 | J50: =IFERROR(F50/I50,"") -> 765.07937 | K50: =IFERROR(G50*$K$3,) -> 37.5 | L50: =IFERROR(H50*$L$3,"") -> 66 | M50: =IFERROR(F50/SUM(K50:L50),"") -> 4.6570048 | N50: =IFERROR(SUM(K50:L50)," ") -> 103.5 | O50: 44 | P50: =IFERROR(Q50/N50,"") -> 5.294686 | Q50: 548 | R50: =IFERROR(Q50-F50,"")/F50 -> 0.13692946 | S50: 44.03 | T50: =IFERROR(U50/N50,"") -> 4.6570048 | U50: 482 | V50: =IFERROR(U50-Q50,"")/Q50 -> -0.12043796 | W50: =IFERROR(S50/1050,"") -> 0.041933333
A51: =$B$49&C51 -> Brass Elbow 3 in 1 Mixer3⁄4 x 1⁄2 | B51: 2 | C51: 3⁄4 x 1⁄2 | D51: 20x15 | E51: CM22 | F51: 482 | G51: 0.15 | H51: 0.06 | I51: =(G51+H51)*3 -> 0.63 | J51: =IFERROR(F51/I51,"") -> 765.07937 | K51: =IFERROR(G51*$K$3,) -> 37.5 | L51: =IFERROR(H51*$L$3,"") -> 66 | M51: =IFERROR(F51/SUM(K51:L51),"") -> 4.6570048 | N51: =IFERROR(SUM(K51:L51)," ") -> 103.5 | O51: 44 | P51: =IFERROR(Q51/N51,"") -> 5.294686 | Q51: 548 | R51: =IFERROR(Q51-F51,"")/F51 -> 0.13692946 | S51: 44.03 | T51: =IFERROR(U51/N51,"") -> 4.6570048 | U51: 482 | V51: =IFERROR(U51-Q51,"")/Q51 -> -0.12043796 | W51: =IFERROR(S51/1050,"") -> 0.041933333
A52: =$B$49&C52 -> Brass Elbow 3 in 1 Mixer3⁄4 x 1⁄2 | B52: 3 | C52: 3⁄4 x 1⁄2 | D52: 20x15 | E52: CM23 | F52: 482 | G52: 0.15 | H52: 0.06 | I52: =(G52+H52)*3 -> 0.63 | J52: =IFERROR(F52/I52,"") -> 765.07937 | K52: =IFERROR(G52*$K$3,) -> 37.5 | L52: =IFERROR(H52*$L$3,"") -> 66 | M52: =IFERROR(F52/SUM(K52:L52),"") -> 4.6570048 | N52: =IFERROR(SUM(K52:L52)," ") -> 103.5 | O52: 44 | P52: =IFERROR(Q52/N52,"") -> 5.294686 | Q52: 548 | R52: =IFERROR(Q52-F52,"")/F52 -> 0.13692946 | S52: 44.03 | T52: =IFERROR(U52/N52,"") -> 4.6570048 | U52: 482 | V52: =IFERROR(U52-Q52,"")/Q52 -> -0.12043796 | W52: =IFERROR(S52/1050,"") -> 0.041933333
A53: =$B$49&C53 -> Brass Elbow 3 in 1 Mixer3⁄4 x 1⁄2 | B53: 4 | C53: 3⁄4 x 1⁄2 | D53: 20x15 | E53: CM24 | F53: 482 | G53: 0.15 | H53: 0.06 | I53: =(G53+H53)*3 -> 0.63 | J53: =IFERROR(F53/I53,"") -> 765.07937 | K53: =IFERROR(G53*$K$3,) -> 37.5 | L53: =IFERROR(H53*$L$3,"") -> 66 | M53: =IFERROR(F53/SUM(K53:L53),"") -> 4.6570048 | N53: =IFERROR(SUM(K53:L53)," ") -> 103.5 | O53: 44 | P53: =IFERROR(Q53/N53,"") -> 5.294686 | Q53: 548 | R53: =IFERROR(Q53-F53,"")/F53 -> 0.13692946 | S53: 44.03 | T53: =IFERROR(U53/N53,"") -> 4.6570048 | U53: 482 | V53: =IFERROR(U53-Q53,"")/Q53 -> -0.12043796 | W53: =IFERROR(S53/1050,"") -> 0.041933333
A54: =$B$49&C54 -> Brass Elbow 3 in 1 Mixer3⁄4 x 1⁄2 | B54: 5 | C54: 3⁄4 x 1⁄2 | D54: 20x15 | E54: CM25 | F54: 482 | G54: 0.15 | H54: 0.06 | I54: =(G54+H54)*3 -> 0.63 | J54: =IFERROR(F54/I54,"") -> 765.07937 | K54: =IFERROR(G54*$K$3,) -> 37.5 | L54: =IFERROR(H54*$L$3,"") -> 66 | M54: =IFERROR(F54/SUM(K54:L54),"") -> 4.6570048 | N54: =IFERROR(SUM(K54:L54)," ") -> 103.5 | O54: 44 | P54: =IFERROR(Q54/N54,"") -> 5.294686 | Q54: 548 | R54: =IFERROR(Q54-F54,"")/F54 -> 0.13692946 | S54: 44.03 | T54: =IFERROR(U54/N54,"") -> 4.6570048 | U54: 482 | V54: =IFERROR(U54-Q54,"")/Q54 -> -0.12043796 | W54: =IFERROR(S54/1050,"") -> 0.041933333
B55: TOTAL | F55: =SUM(F50:F54) -> 2410 | H55: =IFERROR(__xludf.DUMMYFUNCTION("IFERROR(VLOOKUP(E55,IMPORTRANGE(""https://docs.google.com/spreadsheets/d/1xZyKy-UzMmtPDLpV5jQdYum1LtbR8XKDuasLSjmBRMI/edit#gid=1241094406"",""COMBINED DATA!E3:L""),8,0))"),"") | M55: =IFERROR(F55/#REF!,"") | Q55: =SUM(Q50:Q54) -> 2740 | U55: =SUM(U50:U54) -> 2410
H56: =IFERROR(__xludf.DUMMYFUNCTION("IFERROR(VLOOKUP(E56,IMPORTRANGE(""https://docs.google.com/spreadsheets/d/1xZyKy-UzMmtPDLpV5jQdYum1LtbR8XKDuasLSjmBRMI/edit#gid=1241094406"",""COMBINED DATA!E3:L""),8,0))"),"") | M56: =IFERROR(F56/#REF!,"")
B57: Brass Elbow 3 in 1 Mixer | H57: =IFERROR(__xludf.DUMMYFUNCTION("IFERROR(VLOOKUP(E57,IMPORTRANGE(""https://docs.google.com/spreadsheets/d/1xZyKy-UzMmtPDLpV5jQdYum1LtbR8XKDuasLSjmBRMI/edit#gid=1241094406"",""COMBINED DATA!E3:L""),8,0))"),"") | M57: =IFERROR(F57/#REF!,"")
A58: =$B$57&C58 -> Brass Elbow 3 in 1 Mixer1 x 1⁄2 | B58: 1 | C58: 1 x 1⁄2 | D58: 25x15 | E58: CM31 | F58: 558 | G58: 0.15 | H58: 0.06 | I58: =(G58+H58)*3 -> 0.63 | J58: =IFERROR(F58/I58,"") -> 885.71429 | K58: =IFERROR(G58*$K$3,) -> 37.5 | L58: =IFERROR(W58*$L$3,"") -> 70.211429 | M58: =IFERROR(F58/SUM(K58:L58),"") -> 5.1805088 | N58: =IFERROR(SUM(K58:L58)," ") -> 107.71143 | O58: 44 | P58: =IFERROR(Q58/N58,"") -> 5.7375527 | Q58: 618 | R58: =IFERROR(Q58-F58,"")/F58 -> 0.10752688 | S58: 67.02 | T58: =IFERROR(U58/N58,"") -> 5.1805088 | U58: 558 | V58: =IFERROR(U58-Q58,"")/Q58 -> -0.097087379 | W58: =IFERROR(S58/1050,"") -> 0.063828571
A59: =$B$57&C59 -> Brass Elbow 3 in 1 Mixer1 x 1⁄2 | B59: 2 | C59: 1 x 1⁄2 | D59: 25x15 | E59: CM32 | F59: 558 | G59: 0.15 | H59: 0.06 | I59: =(G59+H59)*3 -> 0.63 | J59: =IFERROR(F59/I59,"") -> 885.71429 | K59: =IFERROR(G59*$K$3,) -> 37.5 | L59: =IFERROR(W59*$L$3,"") -> 70.211429 | M59: =IFERROR(F59/SUM(K59:L59),"") -> 5.1805088 | N59: =IFERROR(SUM(K59:L59)," ") -> 107.71143 | O59: 44 | P59: =IFERROR(Q59/N59,"") -> 5.7375527 | Q59: 618 | R59: =IFERROR(Q59-F59,"")/F59 -> 0.10752688 | S59: 67.02 | T59: =IFERROR(U59/N59,"") -> 5.1805088 | U59: 558 | V59: =IFERROR(U59-Q59,"")/Q59 -> -0.097087379 | W59: =IFERROR(S59/1050,"") -> 0.063828571
A60: =$B$57&C60 -> Brass Elbow 3 in 1 Mixer1 x 1⁄2 | B60: 3 | C60: 1 x 1⁄2 | D60: 25x15 | E60: CM33 | F60: 558 | G60: 0.15 | H60: 0.06 | I60: =(G60+H60)*3 -> 0.63 | J60: =IFERROR(F60/I60,"") -> 885.71429 | K60: =IFERROR(G60*$K$3,) -> 37.5 | L60: =IFERROR(W60*$L$3,"") -> 70.211429 | M60: =IFERROR(F60/SUM(K60:L60),"") -> 5.1805088 | N60: =IFERROR(SUM(K60:L60)," ") -> 107.71143 | O60: 44 | P60: =IFERROR(Q60/N60,"") -> 5.7375527 | Q60: 618 | R60: =IFERROR(Q60-F60,"")/F60 -> 0.10752688 | S60: 67.02 | T60: =IFERROR(U60/N60,"") -> 5.1805088 | U60: 558 | V60: =IFERROR(U60-Q60,"")/Q60 -> -0.097087379 | W60: =IFERROR(S60/1050,"") -> 0.063828571
A61: =$B$57&C61 -> Brass Elbow 3 in 1 Mixer1 x 1⁄2 | B61: 4 | C61: 1 x 1⁄2 | D61: 25x15 | E61: CM34 | F61: 558 | G61: 0.15 | H61: 0.06 | I61: =(G61+H61)*3 -> 0.63 | J61: =IFERROR(F61/I61,"") -> 885.71429 | K61: =IFERROR(G61*$K$3,) -> 37.5 | L61: =IFERROR(W61*$L$3,"") -> 70.211429 | M61: =IFERROR(F61/SUM(K61:L61),"") -> 5.1805088 | N61: =IFERROR(SUM(K61:L61)," ") -> 107.71143 | O61: 44 | P61: =IFERROR(Q61/N61,"") -> 5.7375527 | Q61: 618 | R61: =IFERROR(Q61-F61,"")/F61 -> 0.10752688 | S61: 67.02 | T61: =IFERROR(U61/N61,"") -> 5.1805088 | U61: 558 | V61: =IFERROR(U61-Q61,"")/Q61 -> -0.097087379 | W61: =IFERROR(S61/1050,"") -> 0.063828571
A62: =$B$57&C62 -> Brass Elbow 3 in 1 Mixer1 x 1⁄2 | B62: 5 | C62: 1 x 1⁄2 | D62: 25x15 | E62: CM35 | F62: 558 | G62: 0.15 | H62: 0.06 | I62: =(G62+H62)*3 -> 0.63 | J62: =IFERROR(F62/I62,"") -> 885.71429 | K62: =IFERROR(G62*$K$3,) -> 37.5 | L62: =IFERROR(W62*$L$3,"") -> 70.211429 | M62: =IFERROR(F62/SUM(K62:L62),"") -> 5.1805088 | N62: =IFERROR(SUM(K62:L62)," ") -> 107.71143 | O62: 44 | P62: =IFERROR(Q62/N62,"") -> 5.7375527 | Q62: 618 | R62: =IFERROR(Q62-F62,"")/F62 -> 0.10752688 | S62: 67.02 | T62: =IFERROR(U62/N62,"") -> 5.1805088 | U62: 558 | V62: =IFERROR(U62-Q62,"")/Q62 -> -0.097087379 | W62: =IFERROR(S62/1050,"") -> 0.063828571
B63: TOTAL | F63: =SUM(F58:F62) -> 2790 | H63: =IFERROR(__xludf.DUMMYFUNCTION("IFERROR(VLOOKUP(E63,IMPORTRANGE(""https://docs.google.com/spreadsheets/d/1xZyKy-UzMmtPDLpV5jQdYum1LtbR8XKDuasLSjmBRMI/edit#gid=1241094406"",""COMBINED DATA!E3:L""),8,0))"),"") | M63: =IFERROR(F63/#REF!,"") | Q63: =SUM(Q58:Q62) -> 3090 | U63: =SUM(U58:U62) -> 2790
H64: =IFERROR(__xludf.DUMMYFUNCTION("IFERROR(VLOOKUP(E64,IMPORTRANGE(""https://docs.google.com/spreadsheets/d/1xZyKy-UzMmtPDLpV5jQdYum1LtbR8XKDuasLSjmBRMI/edit#gid=1241094406"",""COMBINED DATA!E3:L""),8,0))"),"") | M64: =IFERROR(F64/#REF!,"")
B65: Brass Elbow Kitchen Mixer | H65: =IFERROR(__xludf.DUMMYFUNCTION("IFERROR(VLOOKUP(E65,IMPORTRANGE(""https://docs.google.com/spreadsheets/d/1xZyKy-UzMmtPDLpV5jQdYum1LtbR8XKDuasLSjmBRMI/edit#gid=1241094406"",""COMBINED DATA!E3:L""),8,0))"),"") | M65: =IFERROR(F65/#REF!,"")
A66: =$B$65&C66 -> Brass Elbow Kitchen Mixer3⁄4 x 1⁄2 | B66: 1 | C66: 3⁄4 x 1⁄2 | D66: 20x15 | E66: CM26 | F66: 398 | G66: 0.12 | H66: 0.04 | I66: =(G66+H66)*2 -> 0.32 | J66: =IFERROR(F66/I66,"") -> 1243.75 | K66: =IFERROR(G66*$K$3,) -> 30 | L66: =IFERROR(W66*$L$3,"") -> 46.126667 | M66: =IFERROR(F66/SUM(K66:L66),"") -> 5.2281286 | N66: =IFERROR(SUM(K66:L66)," ") -> 76.126667 | O66: 44 | P66: =IFERROR(Q66/N66,"") -> 5.8323846 | Q66: 444 | R66: =IFERROR(Q66-F66,"")/F66 -> 0.11557789 | S66: 44.03 | T66: =IFERROR(U66/N66,"") -> 6.0425606 | U66: 460 | V66: =IFERROR(U66-Q66,"")/Q66 -> 0.036036036 | W66: =IFERROR(S66/1050,"") -> 0.041933333
H67: =IFERROR(__xludf.DUMMYFUNCTION("IFERROR(VLOOKUP(E67,IMPORTRANGE(""https://docs.google.com/spreadsheets/d/1xZyKy-UzMmtPDLpV5jQdYum1LtbR8XKDuasLSjmBRMI/edit#gid=1241094406"",""COMBINED DATA!E3:L""),8,0))"),"") | M67: =IFERROR(F67/#REF!,"")
B68: Long Concealed Valve (Quarter Turn) | H68: =IFERROR(__xludf.DUMMYFUNCTION("IFERROR(VLOOKUP(E68,IMPORTRANGE(""https://docs.google.com/spreadsheets/d/1xZyKy-UzMmtPDLpV5jQdYum1LtbR8XKDuasLSjmBRMI/edit#gid=1241094406"",""COMBINED DATA!E3:L""),8,0))"),"") | M68: =IFERROR(F68/#REF!,"")
A69: =$B$68&C69&D69 -> Long Concealed Valve (Quarter Turn)3⁄4VIVA | B69: 1 | C69: 3⁄4 | D69: VIVA | E69: CH80 | F69: 980 | G69: 0.0531 | H69: 0.042 | I69: =G69+H69 -> 0.0951 | J69: =IFERROR(F69/I69,"") -> 10304.942 | K69: =IFERROR(G69*$K$3,) -> 13.275 | L69: =IFERROR(W69*1500,"") -> 44.03 | M69: =IFERROR(F69/SUM(K69:L69),"") -> 17.101475 | N69: =IFERROR(SUM(K69:L69)," ") -> 57.305 | O69: 44 | P69: =IFERROR(Q69/N69,"") -> 18.846523 | Q69: 1080 | R69: =IFERROR(Q69-F69,"")/F69 -> 0.10204082 | S69: 44.03 | T69: =IFERROR(U69/N69,"") -> 20.242562 | U69: 1160 | V69: =IFERROR(U69-Q69,"")/Q69 -> 0.074074074 | W69: =IFERROR(S69/1500,"") -> 0.029353333
A70: =$B$68&C70&D70 -> Long Concealed Valve (Quarter Turn)3⁄4SAGA | B70: 2 | C70: 3⁄4 | D70: SAGA | E70: CH79 | F70: 980 | G70: 0.0531 | H70: 0.042 | I70: =G70+H70 -> 0.0951 | J70: =IFERROR(F70/I70,"") -> 10304.942 | K70: =IFERROR(G70*$K$3,) -> 13.275 | L70: =IFERROR(W70*1500,"") -> 62.9 | M70: =IFERROR(F70/SUM(K70:L70),"") -> 12.865113 | N70: =IFERROR(SUM(K70:L70)," ") -> 76.175 | O70: 44 | P70: =IFERROR(Q70/N70,"") -> 14.17788 | Q70: 1080 | R70: =IFERROR(Q70-F70,"")/F70 -> 0.10204082 | S70: 44.03 | T70: =IFERROR(U70/N70,"") -> 15.228093 | U70: 1160 | V70: =IFERROR(U70-Q70,"")/Q70 -> 0.074074074 | W70: =IFERROR(S70/1050,"") -> 0.041933333
A71: =$B$68&C71&D71 -> Long Concealed Valve (Quarter Turn)3⁄4URBONA | B71: 3 | C71: 3⁄4 | D71: URBONA | E71: CH78 | F71: 1058 | G71: 0.0531 | H71: 0.042 | I71: =G71+H71 -> 0.0951 | J71: =IFERROR(F71/I71,"") -> 11125.131 | K71: =IFERROR(G71*$K$3,) -> 13.275 | L71: =IFERROR(W71*1500,"") -> 62.9 | M71: =IFERROR(F71/SUM(K71:L71),"") -> 13.889071 | N71: =IFERROR(SUM(K71:L71)," ") -> 76.175 | O71: 44 | P71: =IFERROR(Q71/N71,"") -> 14.96554 | Q71: 1140 | R71: =IFERROR(Q71-F71,"")/F71 -> 0.077504726 | S71: 44.03 | T71: =IFERROR(U71/N71,"") -> 16.14703 | U71: 1230 | V71: =IFERROR(U71-Q71,"")/Q71 -> 0.078947368 | W71: =IFERROR(S71/1050,"") -> 0.041933333
A72: =$B$68&C72&D72 -> Long Concealed Valve (Quarter Turn)3⁄4MACASA | B72: 4 | C72: 3⁄4 | D72: MACASA | E72: CH76 | F72: 1058 | G72: 0.0531 | H72: 0.042 | I72: =G72+H72 -> 0.0951 | J72: =IFERROR(F72/I72,"") -> 11125.131 | K72: =IFERROR(G72*$K$3,) -> 13.275 | L72: =IFERROR(W72*1500,"") -> 62.9 | M72: =IFERROR(F72/SUM(K72:L72),"") -> 13.889071 | N72: =IFERROR(SUM(K72:L72)," ") -> 76.175 | O72: 44 | P72: =IFERROR(Q72/N72,"") -> 14.96554 | Q72: 1140 | R72: =IFERROR(Q72-F72,"")/F72 -> 0.077504726 | S72: 44.03 | T72: =IFERROR(U72/N72,"") -> 16.14703 | U72: 1230 | V72: =IFERROR(U72-Q72,"")/Q72 -> 0.078947368 | W72: =IFERROR(S72/1050,"") -> 0.041933333
A73: =$B$68&C73&D73 -> Long Concealed Valve (Quarter Turn)3⁄4GRACIA | B73: 5 | C73: 3⁄4 | D73: GRACIA | E73: CH74 | F73: 1088 | G73: 0.0531 | H73: 0.042 | I73: =G73+H73 -> 0.0951 | J73: =IFERROR(F73/I73,"") -> 11440.589 | K73: =IFERROR(G73*$K$3,) -> 13.275 | L73: =IFERROR(W73*1500,"") -> 62.9 | M73: =IFERROR(F73/SUM(K73:L73),"") -> 14.282901 | N73: =IFERROR(SUM(K73:L73)," ") -> 76.175 | O73: 44 | P73: =IFERROR(Q73/N73,"") -> 15.228093 | Q73: 1160 | R73: =IFERROR(Q73-F73,"")/F73 -> 0.066176471 | S73: 44.03 | T73: =IFERROR(U73/N73,"") -> 16.409583 | U73: 1250 | V73: =IFERROR(U73-Q73,"")/Q73 -> 0.077586207 | W73: =IFERROR(S73/1050,"") -> 0.041933333
A74: =$B$68&C74&D74 -> Long Concealed Valve (Quarter Turn)3⁄4TRIANGULER | B74: 6 | C74: 3⁄4 | D74: TRIANGULER | E74: CH72 | F74: 980 | G74: 0.0531 | H74: 0.042 | I74: =G74+H74 -> 0.0951 | J74: =IFERROR(F74/I74,"") -> 10304.942 | K74: =IFERROR(G74*$K$3,) -> 13.275 | L74: =IFERROR(W74*1500,"") -> 62.9 | M74: =IFERROR(F74/SUM(K74:L74),"") -> 12.865113 | N74: =IFERROR(SUM(K74:L74)," ") -> 76.175 | O74: 44 | P74: =IFERROR(Q74/N74,"") -> 14.17788 | Q74: 1080 | R74: =IFERROR(Q74-F74,"")/F74 -> 0.10204082 | S74: 44.03 | T74: =IFERROR(U74/N74,"") -> 15.228093 | U74: 1160 | V74: =IFERROR(U74-Q74,"")/Q74 -> 0.074074074 | W74: =IFERROR(S74/1050,"") -> 0.041933333
B75: TOTAL | F75: =SUM(F69:F74) -> 6144 | H75: =IFERROR(__xludf.DUMMYFUNCTION("IFERROR(VLOOKUP(E75,IMPORTRANGE(""https://docs.google.com/spreadsheets/d/1xZyKy-UzMmtPDLpV5jQdYum1LtbR8XKDuasLSjmBRMI/edit#gid=1241094406"",""COMBINED DATA!E3:L""),8,0))"),"") | M75: =IFERROR(F75/#REF!,"") | Q75: =SUM(Q69:Q74) -> 6680 | U75: =SUM(U69:U74) -> 7190
H76: =IFERROR(__xludf.DUMMYFUNCTION("IFERROR(VLOOKUP(E76,IMPORTRANGE(""https://docs.google.com/spreadsheets/d/1xZyKy-UzMmtPDLpV5jQdYum1LtbR8XKDuasLSjmBRMI/edit#gid=1241094406"",""COMBINED DATA!E3:L""),8,0))"),"") | M76: =IFERROR(F76/#REF!,"")
B77: Full Turn Concealed Valve | H77: =IFERROR(__xludf.DUMMYFUNCTION("IFERROR(VLOOKUP(E77,IMPORTRANGE(""https://docs.google.com/spreadsheets/d/1xZyKy-UzMmtPDLpV5jQdYum1LtbR8XKDuasLSjmBRMI/edit#gid=1241094406"",""COMBINED DATA!E3:L""),8,0))"),"") | M77: =IFERROR(F77/#REF!,"")
A78: =$B$77&C78&D78 -> Full Turn Concealed Valve3⁄4VIVA | B78: 1 | C78: 3⁄4 | D78: VIVA | E78: CH80 F | F78: 980 | G78: 0.059 | H78: 0.042 | I78: =G78+H78 -> 0.101 | J78: =IFERROR(F78/I78,"") -> 9702.9703 | K78: =IFERROR(G78*$K$3,) -> 14.75 | L78: =IFERROR(W78*1500,"") -> 62.9 | M78: =IFERROR(F78/SUM(K78:L78),"") -> 12.620734 | N78: =IFERROR(SUM(K78:L78)," ") -> 77.65 | O78: 44 | P78: =IFERROR(Q78/N78,"") -> 13.908564 | Q78: 1080 | R78: =IFERROR(Q78-F78,"")/F78 -> 0.10204082 | S78: 44.03 | T78: =IFERROR(U78/N78,"") -> 14.938828 | U78: 1160 | V78: =IFERROR(U78-Q78,"")/Q78 -> 0.074074074 | W78: =IFERROR(S78/1050,"") -> 0.041933333
A79: =$B$77&C79&D79 -> Full Turn Concealed Valve3⁄4SAGA | B79: 2 | C79: 3⁄4 | D79: SAGA | E79: CH79 F | F79: 980 | G79: 0.059 | H79: 0.042 | I79: =G79+H79 -> 0.101 | J79: =IFERROR(F79/I79,"") -> 9702.9703 | K79: =IFERROR(G79*$K$3,) -> 14.75 | L79: =IFERROR(W79*1500,"") -> 62.9 | M79: =IFERROR(F79/SUM(K79:L79),"") -> 12.620734 | N79: =IFERROR(SUM(K79:L79)," ") -> 77.65 | O79: 44 | P79: =IFERROR(Q79/N79,"") -> 13.908564 | Q79: 1080 | R79: =IFERROR(Q79-F79,"")/F79 -> 0.10204082 | S79: 44.03 | T79: =IFERROR(U79/N79,"") -> 14.938828 | U79: 1160 | V79: =IFERROR(U79-Q79,"")/Q79 -> 0.074074074 | W79: =IFERROR(S79/1050,"") -> 0.041933333
A80: =$B$77&C80&D80 -> Full Turn Concealed Valve3⁄4URBONA | B80: 3 | C80: 3⁄4 | D80: URBONA | E80: CH78 F | F80: 980 | G80: 0.059 | H80: 0.042 | I80: =G80+H80 -> 0.101 | J80: =IFERROR(F80/I80,"") -> 9702.9703 | K80: =IFERROR(G80*$K$3,) -> 14.75 | L80: =IFERROR(W80*1500,"") -> 62.9 | M80: =IFERROR(F80/SUM(K80:L80),"") -> 12.620734 | N80: =IFERROR(SUM(K80:L80)," ") -> 77.65 | O80: 44 | P80: =IFERROR(Q80/N80,"") -> 13.908564 | Q80: 1080 | R80: =IFERROR(Q80-F80,"")/F80 -> 0.10204082 | S80: 44.03 | T80: =IFERROR(U80/N80,"") -> 14.938828 | U80: 1160 | V80: =IFERROR(U80-Q80,"")/Q80 -> 0.074074074 | W80: =IFERROR(S80/1050,"") -> 0.041933333
A81: =$B$77&C81&D81 -> Full Turn Concealed Valve3⁄4MACASA | B81: 4 | C81: 3⁄4 | D81: MACASA | E81: CH76 F | F81: 980 | G81: 0.059 | H81: 0.042 | I81: =G81+H81 -> 0.101 | J81: =IFERROR(F81/I81,"") -> 9702.9703 | K81: =IFERROR(G81*$K$3,) -> 14.75 | L81: =IFERROR(W81*1500,"") -> 62.9 | M81: =IFERROR(F81/SUM(K81:L81),"") -> 12.620734 | N81: =IFERROR(SUM(K81:L81)," ") -> 77.65 | O81: 44 | P81: =IFERROR(Q81/N81,"") -> 13.908564 | Q81: 1080 | R81: =IFERROR(Q81-F81,"")/F81 -> 0.10204082 | S81: 44.03 | T81: =IFERROR(U81/N81,"") -> 14.938828 | U81: 1160 | V81: =IFERROR(U81-Q81,"")/Q81 -> 0.074074074 | W81: =IFERROR(S81/1050,"") -> 0.041933333
A82: =$B$77&C82&D82 -> Full Turn Concealed Valve3⁄4GRACIA | B82: 5 | C82: 3⁄4 | D82: GRACIA | E82: CH74 F | F82: 980 | G82: 0.059 | H82: 0.042 | I82: =G82+H82 -> 0.101 | J82: =IFERROR(F82/I82,"") -> 9702.9703 | K82: =IFERROR(G82*$K$3,) -> 14.75 | L82: =IFERROR(W82*1500,"") -> 62.9 | M82: =IFERROR(F82/SUM(K82:L82),"") -> 12.620734 | N82: =IFERROR(SUM(K82:L82)," ") -> 77.65 | O82: 44 | P82: =IFERROR(Q82/N82,"") -> 13.908564 | Q82: 1080 | R82: =IFERROR(Q82-F82,"")/F82 -> 0.10204082 | S82: 44.03 | T82: =IFERROR(U82/N82,"") -> 14.938828 | U82: 1160 | V82: =IFERROR(U82-Q82,"")/Q82 -> 0.074074074 | W82: =IFERROR(S82/1050,"") -> 0.041933333
A83: =$B$77&C83&D83 -> Full Turn Concealed Valve3⁄4TRIANGULER | B83: 6 | C83: 3⁄4 | D83: TRIANGULER | E83: CH72 F | F83: 980 | G83: 0.059 | H83: 0.042 | I83: =G83+H83 -> 0.101 | J83: =IFERROR(F83/I83,"") -> 9702.9703 | K83: =IFERROR(G83*$K$3,) -> 14.75 | L83: =IFERROR(W83*1500,"") -> 62.9 | M83: =IFERROR(F83/SUM(K83:L83),"") -> 12.620734 | N83: =IFERROR(SUM(K83:L83)," ") -> 77.65 | O83: 44 | P83: =IFERROR(Q83/N83,"") -> 13.908564 | Q83: 1080 | R83: =IFERROR(Q83-F83,"")/F83 -> 0.10204082 | S83: 44.03 | T83: =IFERROR(U83/N83,"") -> 14.938828 | U83: 1160 | V83: =IFERROR(U83-Q83,"")/Q83 -> 0.074074074 | W83: =IFERROR(S83/1050,"") -> 0.041933333
B84: TOTAL | F84: =SUM(F78:F83) -> 5880 | H84: =IFERROR(__xludf.DUMMYFUNCTION("IFERROR(VLOOKUP(E84,IMPORTRANGE(""https://docs.google.com/spreadsheets/d/1xZyKy-UzMmtPDLpV5jQdYum1LtbR8XKDuasLSjmBRMI/edit#gid=1241094406"",""COMBINED DATA!E3:L""),8,0))"),"") | M84: =IFERROR(F84/#REF!,"") | Q84: =SUM(Q78:Q83) -> 6480 | U84: =SUM(U78:U83) -> 6960
H85: =IFERROR(__xludf.DUMMYFUNCTION("IFERROR(VLOOKUP(E85,IMPORTRANGE(""https://docs.google.com/spreadsheets/d/1xZyKy-UzMmtPDLpV5jQdYum1LtbR8XKDuasLSjmBRMI/edit#gid=1241094406"",""COMBINED DATA!E3:L""),8,0))"),"") | M85: =IFERROR(F85/#REF!,"")
B86: Short Concealed Valve (Quarter Turn) | H86: =IFERROR(__xludf.DUMMYFUNCTION("IFERROR(VLOOKUP(E86,IMPORTRANGE(""https://docs.google.com/spreadsheets/d/1xZyKy-UzMmtPDLpV5jQdYum1LtbR8XKDuasLSjmBRMI/edit#gid=1241094406"",""COMBINED DATA!E3:L""),8,0))"),"") | M86: =IFERROR(F86/#REF!,"")
A87: =$B$86&C87&D87 -> Short Concealed Valve (Quarter Turn)3⁄4VIVA | B87: 1 | C87: 3⁄4 | D87: VIVA | E87: CH80 QS | F87: 980 | G87: 0.0658 | H87: 0.042 | I87: =G87+H87 -> 0.1078 | J87: =IFERROR(F87/I87,"") -> 9090.9091 | K87: =IFERROR(G87*$K$3,) -> 16.45 | L87: =IFERROR(W87*1500,"") -> 62.9 | M87: =IFERROR(F87/SUM(K87:L87),"") -> 12.350347 | N87: =IFERROR(SUM(K87:L87)," ") -> 79.35 | O87: 44 | P87: =IFERROR(Q87/N87,"") -> 13.610586 | Q87: 1080 | R87: =IFERROR(Q87-F87,"")/F87 -> 0.10204082 | S87: 44.03 | T87: =IFERROR(U87/N87,"") -> 14.618778 | U87: 1160 | V87: =IFERROR(U87-Q87,"")/Q87 -> 0.074074074 | W87: =IFERROR(S87/1050,"") -> 0.041933333
A88: =$B$86&C88&D88 -> Short Concealed Valve (Quarter Turn)3⁄4SAGA | B88: 2 | C88: 3⁄4 | D88: SAGA | E88: CH79 QS | F88: 980 | G88: 0.0658 | H88: 0.042 | I88: =G88+H88 -> 0.1078 | J88: =IFERROR(F88/I88,"") -> 9090.9091 | K88: =IFERROR(G88*$K$3,) -> 16.45 | L88: =IFERROR(W88*1500,"") -> 62.9 | M88: =IFERROR(F88/SUM(K88:L88),"") -> 12.350347 | N88: =IFERROR(SUM(K88:L88)," ") -> 79.35 | O88: 44 | P88: =IFERROR(Q88/N88,"") -> 13.610586 | Q88: 1080 | R88: =IFERROR(Q88-F88,"")/F88 -> 0.10204082 | S88: 44.03 | T88: =IFERROR(U88/N88,"") -> 14.618778 | U88: 1160 | V88: =IFERROR(U88-Q88,"")/Q88 -> 0.074074074 | W88: =IFERROR(S88/1050,"") -> 0.041933333
A89: =$B$86&C89&D89 -> Short Concealed Valve (Quarter Turn)3⁄4URBONA | B89: 3 | C89: 3⁄4 | D89: URBONA | E89: CH78 QS | F89: 980 | G89: 0.0658 | H89: 0.042 | I89: =G89+H89 -> 0.1078 | J89: =IFERROR(F89/I89,"") -> 9090.9091 | K89: =IFERROR(G89*$K$3,) -> 16.45 | L89: =IFERROR(W89*1500,"") -> 62.9 | M89: =IFERROR(F89/SUM(K89:L89),"") -> 12.350347 | N89: =IFERROR(SUM(K89:L89)," ") -> 79.35 | O89: 44 | P89: =IFERROR(Q89/N89,"") -> 13.610586 | Q89: 1080 | R89: =IFERROR(Q89-F89,"")/F89 -> 0.10204082 | S89: 44.03 | T89: =IFERROR(U89/N89,"") -> 14.618778 | U89: 1160 | V89: =IFERROR(U89-Q89,"")/Q89 -> 0.074074074 | W89: =IFERROR(S89/1050,"") -> 0.041933333
A90: =$B$86&C90&D90 -> Short Concealed Valve (Quarter Turn)3⁄4MACASA | B90: 4 | C90: 3⁄4 | D90: MACASA | E90: CH76 QS | F90: 980 | G90: 0.0658 | H90: 0.042 | I90: =G90+H90 -> 0.1078 | J90: =IFERROR(F90/I90,"") -> 9090.9091 | K90: =IFERROR(G90*$K$3,) -> 16.45 | L90: =IFERROR(W90*1500,"") -> 62.9 | M90: =IFERROR(F90/SUM(K90:L90),"") -> 12.350347 | N90: =IFERROR(SUM(K90:L90)," ") -> 79.35 | O90: 44 | P90: =IFERROR(Q90/N90,"") -> 13.610586 | Q90: 1080 | R90: =IFERROR(Q90-F90,"")/F90 -> 0.10204082 | S90: 44.03 | T90: =IFERROR(U90/N90,"") -> 14.618778 | U90: 1160 | V90: =IFERROR(U90-Q90,"")/Q90 -> 0.074074074 | W90: =IFERROR(S90/1050,"") -> 0.041933333
A91: =$B$86&C91&D91 -> Short Concealed Valve (Quarter Turn)3⁄4GRACIA | B91: 5 | C91: 3⁄4 | D91: GRACIA | E91: CH74 QS | F91: 980 | G91: 0.0658 | H91: 0.042 | I91: =G91+H91 -> 0.1078 | J91: =IFERROR(F91/I91,"") -> 9090.9091 | K91: =IFERROR(G91*$K$3,) -> 16.45 | L91: =IFERROR(W91*1500,"") -> 62.9 | M91: =IFERROR(F91/SUM(K91:L91),"") -> 12.350347 | N91: =IFERROR(SUM(K91:L91)," ") -> 79.35 | O91: 44 | P91: =IFERROR(Q91/N91,"") -> 13.610586 | Q91: 1080 | R91: =IFERROR(Q91-F91,"")/F91 -> 0.10204082 | S91: 44.03 | T91: =IFERROR(U91/N91,"") -> 14.618778 | U91: 1160 | V91: =IFERROR(U91-Q91,"")/Q91 -> 0.074074074 | W91: =IFERROR(S91/1050,"") -> 0.041933333
A92: =$B$86&C92&D92 -> Short Concealed Valve (Quarter Turn)3⁄4TRIANGULER | B92: 6 | C92: 3⁄4 | D92: TRIANGULER | E92: CH72 QS | F92: 980 | G92: 0.0658 | H92: 0.042 | I92: =G92+H92 -> 0.1078 | J92: =IFERROR(F92/I92,"") -> 9090.9091 | K92: =IFERROR(G92*$K$3,) -> 16.45 | L92: =IFERROR(W92*1500,"") -> 62.9 | M92: =IFERROR(F92/SUM(K92:L92),"") -> 12.350347 | N92: =IFERROR(SUM(K92:L92)," ") -> 79.35 | O92: 44 | P92: =IFERROR(Q92/N92,"") -> 13.610586 | Q92: 1080 | R92: =IFERROR(Q92-F92,"")/F92 -> 0.10204082 | S92: 44.03 | T92: =IFERROR(U92/N92,"") -> 14.618778 | U92: 1160 | V92: =IFERROR(U92-Q92,"")/Q92 -> 0.074074074 | W92: =IFERROR(S92/1050,"") -> 0.041933333
B93: TOTAL | F93: =SUM(F87:F92) -> 5880 | H93: =IFERROR(__xludf.DUMMYFUNCTION("IFERROR(VLOOKUP(E93,IMPORTRANGE(""https://docs.google.com/spreadsheets/d/1xZyKy-UzMmtPDLpV5jQdYum1LtbR8XKDuasLSjmBRMI/edit#gid=1241094406"",""COMBINED DATA!E3:L""),8,0))"),"") | M93: =IFERROR(F93/#REF!,"") | Q93: =SUM(Q87:Q92) -> 6480 | U93: =SUM(U87:U92) -> 6960
H94: =IFERROR(__xludf.DUMMYFUNCTION("IFERROR(VLOOKUP(E94,IMPORTRANGE(""https://docs.google.com/spreadsheets/d/1xZyKy-UzMmtPDLpV5jQdYum1LtbR8XKDuasLSjmBRMI/edit#gid=1241094406"",""COMBINED DATA!E3:L""),8,0))"),"") | M94: =IFERROR(#REF!/#REF!,"")
B95: Full Turn Concealed Valve | H95: =IFERROR(__xludf.DUMMYFUNCTION("IFERROR(VLOOKUP(E95,IMPORTRANGE(""https://docs.google.com/spreadsheets/d/1xZyKy-UzMmtPDLpV5jQdYum1LtbR8XKDuasLSjmBRMI/edit#gid=1241094406"",""COMBINED DATA!E3:L""),8,0))"),"") | M95: =IFERROR(#REF!/#REF!,"")
B96: 1 | C96: 1 | D96: VIVA | E96: CH90 F | F96: 1299 | H96: =IFERROR(__xludf.DUMMYFUNCTION("IFERROR(VLOOKUP(E96,IMPORTRANGE(""https://docs.google.com/spreadsheets/d/1xZyKy-UzMmtPDLpV5jQdYum1LtbR8XKDuasLSjmBRMI/edit#gid=1241094406"",""COMBINED DATA!E3:L""),8,0))"),"") | I96: NEW | M96: =IFERROR(#REF!/#REF!,"") | O96: 44 | P96: =IFERROR(Q96/N96,"") | Q96: 1299 | R96: =IFERROR(Q96-F96,"")/F96 -> 0 | S96: 67.02 | T96: =IFERROR(U96/N96,"") | U96: 1390 | V96: =IFERROR(U96-Q96,"")/Q96 -> 0.070053888
B97: 2 | C97: 1 | D97: SAGA | E97: CH89 F | F97: 1299 | H97: =IFERROR(__xludf.DUMMYFUNCTION("IFERROR(VLOOKUP(E97,IMPORTRANGE(""https://docs.google.com/spreadsheets/d/1xZyKy-UzMmtPDLpV5jQdYum1LtbR8XKDuasLSjmBRMI/edit#gid=1241094406"",""COMBINED DATA!E3:L""),8,0))"),"") | I97: NEW | M97: =IFERROR(#REF!/#REF!,"") | O97: 44 | P97: =IFERROR(Q97/N97,"") | Q97: 1299 | R97: =IFERROR(Q97-F97,"")/F97 -> 0 | S97: 67.02 | T97: =IFERROR(U97/N97,"") | U97: 1390 | V97: =IFERROR(U97-Q97,"")/Q97 -> 0.070053888
B98: 3 | C98: 1 | D98: URBONA | E98: CH88 F | F98: 1377 | H98: =IFERROR(__xludf.DUMMYFUNCTION("IFERROR(VLOOKUP(E98,IMPORTRANGE(""https://docs.google.com/spreadsheets/d/1xZyKy-UzMmtPDLpV5jQdYum1LtbR8XKDuasLSjmBRMI/edit#gid=1241094406"",""COMBINED DATA!E3:L""),8,0))"),"") | I98: NEW | M98: =IFERROR(#REF!/#REF!,"") | O98: 44 | P98: =IFERROR(Q98/N98,"") | Q98: 1377 | R98: =IFERROR(Q98-F98,"")/F98 -> 0 | S98: 67.02 | T98: =IFERROR(U98/N98,"") | U98: 1480 | V98: =IFERROR(U98-Q98,"")/Q98 -> 0.07480029
B99: 4 | C99: 1 | D99: MACASA | E99: CH86 F | F99: 1377 | H99: =IFERROR(__xludf.DUMMYFUNCTION("IFERROR(VLOOKUP(E99,IMPORTRANGE(""https://docs.google.com/spreadsheets/d/1xZyKy-UzMmtPDLpV5jQdYum1LtbR8XKDuasLSjmBRMI/edit#gid=1241094406"",""COMBINED DATA!E3:L""),8,0))"),"") | I99: NEW | M99: =IFERROR(#REF!/#REF!,"") | O99: 44 | P99: =IFERROR(Q99/N99,"") | Q99: 1377 | R99: =IFERROR(Q99-F99,"")/F99 -> 0 | S99: 67.02 | T99: =IFERROR(U99/N99,"") | U99: 1480 | V99: =IFERROR(U99-Q99,"")/Q99 -> 0.07480029
B100: 5 | C100: 1 | D100: GRACIA | E100: CH84 F | F100: 1407 | H100: =IFERROR(__xludf.DUMMYFUNCTION("IFERROR(VLOOKUP(E100,IMPORTRANGE(""https://docs.google.com/spreadsheets/d/1xZyKy-UzMmtPDLpV5jQdYum1LtbR8XKDuasLSjmBRMI/edit#gid=1241094406"",""COMBINED DATA!E3:L""),8,0))"),"") | I100: NEW | M100: =IFERROR(#REF!/#REF!,"") | O100: 44 | P100: =IFERROR(Q100/N100,"") | Q100: 1407 | R100: =IFERROR(Q100-F100,"")/F100 -> 0 | S100: 67.02 | T100: =IFERROR(U100/N100,"") | U100: 1480 | V100: =IFERROR(U100-Q100,"")/Q100 -> 0.05188344
...

Sheet Brass Cost
D1: 03.08.26
D2: 875 | E2: BRASS RATE
C3: MABT | D3: 160 | E3: CONVERSION RATE
D4: 1035
C5: FABT/MTA/FTA | D5: 165 | E5: CONVERSION RATE
D6: 1040
A7: ITEM | B7: ITEM CODE | C7: BRASS | D7: 03.08.26
A8: concelad body | B8: PLB25 | C8: 22X1.5 RING
A9: concelad body
A10: concelad body | B10: PLB338 | C10: 28X1.5 RING
A11: C521 | B11: PLB23 | C11: 1/2" RNG | D11: 19.76
A12: C523 | D12: 19.76
A13: C526 | D13: 19.76
A14: C321 | D14: 19.76
A15: C322 | D15: 19.76
A16: C323 | D16: 19.76
A17: C342 | D17: 19.76
A18: C920 | D18: 19.76
A19: C930 | D19: 19.76
A20: U521 | D20: 19.76
A21: U523 | D21: 19.76
A22: U526 | D22: 19.76
A23: U321 | D23: 19.76
... A28: U930 | D28: 19.76
A29: C524 | B29: PLB24 | C29: 3/4" RING | D29: 44.03
A30: C527 | D30: 44.03
A31: C333 | D31: 44.03
A32: C940 | D32: 44.03
A33: concelad body | D33: 44.03
A34: U524 | D34: 44.03
A35: U527 | D35: 44.03
A36: U324 | D36: 44.03
A37: U82 | D37: 44.03
A38: C528 | B38: PLB27 | C38: 1" RING | D38: 67.02
A39: C324 | D39: 67.02
A40: U83 | D40: 67.02
A41: C529 | B41: PLB28 | C41: 1-1/4" RING | D41: 108.7
A42: C344 | D42: 108.7
A43: C71 | B43: PLB12 | C43: 1/2" MABT | D43: 61.07
A44: C731 | D44: 61.07
A45: C72 | B45: PLB13 | C45: 3/4" MABT | D45: 67.28
A46: C732 | D46: 67.28
A47: C73 | B47: PLB14 | C47: 1" MABT | D47: 150.08
A48: C74 | B48: PLB15 | C48: 1-1/4" MABT | D48: 249.44 | E48: 27.07.26
A49: C75 | B49: PLB16 | C49: 1-1/2" MABT | D49: 385.02 | E49: 27.07.26
A50: C76 | B50: PLB17 | C50: 2" MABT | D50: 569.25 | E50: 27.07.26
A51: C82 | B51: PLB18 | C51: 3/4" FABT | D51: 82.7
A52: C83 | B52: PLB19 | C52: 1" FABT | D52: 195.92
A53: C84 | B53: PLB20 | C53: 1-1/4" FABT | D53: 253.58 | E53: 27.07.26
A54: C85 | B54: PLB21 | C54: 1-1/2" FABT | D54: 292.91 | E54: 27.07.26
A55: C86 | B55: PLB22 | C55: 2" FABT | D55: 470.93 | E55: 27.07.26
A56: U70 | B56: PLB29 | C56: 1/2" MTA | D56: 42.64
A57: U71 | D57: 42.64
A58: U731 | D58: 42.64
A59: U72 | B59: PLB30 | C59: 3/4" MTA | D59: 68.64
A60: U73 | B60: PLB31 | C60: 1" MTA | D60: 94.87
A61: U74 | B61: PLB32 | C61: 1-1/4" MTA | D61: 162.64
A62: U75 | B62: PLB33 | C62: 1-1/2" MTA | D62: 179.49
A63: U76 | B63: PLB34 | C63: 2" MTA | D63: 329.71
A64: U84 | B64: PLB36 | C64: 1-1/4" FTA | D64: 117.92
A65: U85 | B65: PLB35 | C65: 1-1/2" FTA | D65: 190.93
A66: U86 | B66: PLB37 | C66: 2" FTA | D66: 261.07

Sheet CV
A1: Old ItemCode | B1: Sap FG ItemName | C1: Components Old Code | D1: Components Item Name | E1: Component Quantity | F1: Component UOM | G1: Price | H1: TOTAL PRICE
A2: CHA-72F2 | B2: 20 MM CONCEALED ACCESSORIES(HANDLE +SLEEVE+FLANGE) | C2: PLB167 | D2: HANDLE TRANQUIL 73 | E2: 1 | F2: NOS | G2: 66 | H2: 129.84
A3: CHA-72F2 | B3: 20 MM CONCEALED ACCESSORIES(HANDLE +SLEEVE+FLANGE) | C3: PLB188 | D3: CSC SLEEV 79/79F PLATED | E3: 1 | F3: NOS | G3: 25
A4: CHA-72F2 | B4: 20 MM CONCEALED ACCESSORIES(HANDLE +SLEEVE+FLANGE) | C4: PLB227 | D4: CSC FLANGE | E4: 1 | F4: NOS | G4: 33.5
A5: CHA-72F2 | B5: 20 MM CONCEALED ACCESSORIES(HANDLE +SLEEVE+FLANGE) | C5: PLB184 | D5: CONCEALED VALVE MONO BOX | E5: 0.5 | F5: NOS | G5: 5.34
A6: CH72QS | B6: 3/4 INCH CPVC TRIANGULARCONCEALED VALVE (QT) | C6: PLB174 | D6: FLANGE FOR CSC 7 SERIES POLISHED | E6: 1 | F6: NOS | G6: 9.5 | H6: 193.71
A7: CH72QS | B7: 3/4 INCH CPVC TRIANGULARCONCEALED VALVE (QT) | C7: PLMS1 | D7: CONCELED VALVE CPVC | E7: 1 | F7: NOS | G7: 21.06
A8: CH72QS | B8: 3/4 INCH CPVC TRIANGULARCONCEALED VALVE (QT) | C8: PLB176 | D8: SEAL 32 X 24.8 X 5.5 | E8: 1 | F8: NOS | G8: 1.5
A9: CH72QS | B9: 3/4 INCH CPVC TRIANGULARCONCEALED VALVE (QT) | C9: PLB179 | D9: SS SCREW 3X16 | E9: 1 | F9: NOS | G9: 0.46
A10: CH72QS | B10: 3/4 INCH CPVC TRIANGULARCONCEALED VALVE (QT) | C10: PLB188 | D10: CSC SLEEV 79/79F PLATED | E10: 1 | F10: NOS | G10: 25
A11: CH72QS | B11: 3/4 INCH CPVC TRIANGULARCONCEALED VALVE (QT) | C11: PLB184 | D11: CONCEALED VALVE MONO BOX | E11: 1 | F11: NOS | G11: 5.34
A12: CH72QS | B12: 3/4 INCH CPVC TRIANGULARCONCEALED VALVE (QT) | C12: PLB277 | D12: Q/T FITTING 22X1.5 CSC SMALL | E12: 1 | F12: NOS | G12: 77.15
A13: CH72QS | B13: 3/4 INCH CPVC TRIANGULARCONCEALED VALVE (QT) | C13: PLB180 | D13: TRINGULAR HANDLE (BOP) | E13: 1 | F13: NOS | G13: 53.7
A14: CH74QS | B14: 3/4 INCH CPVC MACASA CONCEALED VALVE (QT) | C14: PLB174 | D14: FLANGE FOR CSC 7 SERIES POLISHED | E14: 1 | F14: NOS | G14: 9.5 | H14: 195.58
A15: CH74QS | B15: 3/4 INCH CPVC MACASA CONCEALED VALVE (QT) | C15: PLB176 | D15: SEAL 32 X 24.8 X 5.5 | E15: 1 | F15: NOS | G15: 1.5
A16: CH74QS | B16: 3/4 INCH CPVC MACASA CONCEALED VALVE (QT) | C16: PLB177 | D16: ALLEN SCREW M-5 | E16: 1 | F16: NOS | G16: 1.68
A17: CH74QS | B17: 3/4 INCH CPVC MACASA CONCEALED VALVE (QT) | C17: PLB178 | D17: ALLEN KEY 2.5MM | E17: 1 | F17: NOS | G17: 1.9
A18: CH74QS | B18: 3/4 INCH CPVC MACASA CONCEALED VALVE (QT) | C18: PLB277 | D18: Q/T FITTING 22X1.5 CSC SMALL | E18: 1 | F18: NOS | G18: 77.15
A19: CH74QS | B19: 3/4 INCH CPVC MACASA CONCEALED VALVE (QT) | C19: PLMS1 | D19: CONCELED VALVE CPVC | E19: 1 | F19: NOS | G19: 21.06
A20: CH74QS | B20: 3/4 INCH CPVC MACASA CONCEALED VALVE (QT) | C20: PLB184 | D20: CONCEALED VALVE MONO BOX | E20: 1 | F20: NOS | G20: 5.34
A21: CH74QS | B21: 3/4 INCH CPVC MACASA CONCEALED VALVE (QT) | C21: PLB188 | D21: CSC SLEEV 79/79F PLATED | E21: 1 | F21: NOS | G21: 25
A22: CH74QS | B22: 3/4 INCH CPVC MACASA CONCEALED VALVE (QT) | C22: PLB186 | D22: INDICATOR SILICON | E22: 1 | F22: NOS | G22: 1.36
A23: CH74QS | B23: 3/4 INCH CPVC MACASA CONCEALED VALVE (QT) | C23: PLB168 | D23: HANDLE GRACIA 74 | E23: 1 | F23: NOS | G23: 51.09
A24: CH76QS | B24: 3/4 INCH CPVC MACASA CONCEALED VALVE (QT) | C24: PLB174 | D24: FLANGE FOR CSC 7 SERIES POLISHED | E24: 1 | F24: NOS | G24: 9.5 | H24: 198.19
A25: CH76QS | B25: 3/4 INCH CPVC MACASA CONCEALED VALVE (QT) | C25: PLB176 | D25: SEAL 32 X 24.8 X 5.5 | E25: 1 | F25: NOS | G25: 1.5
A26: CH76QS | B26: 3/4 INCH CPVC MACASA CONCEALED VALVE (QT) | C26: PLB177 | D26: ALLEN SCREW M-5 | E26: 1 | F26: NOS | G26: 1.68
A27: CH76QS | B27: 3/4 INCH CPVC MACASA CONCEALED VALVE (QT) | C27: PLB178 | D27: ALLEN KEY 2.5MM | E27: 1 | F27: NOS | G27: 1.9
A28: CH76QS | B28: 3/4 INCH CPVC MACASA CONCEALED VALVE (QT) | C28: PLB277 | D28: Q/T FITTING 22X1.5 CSC SMALL | E28: 1 | F28: NOS | G28: 77.15
A29: CH76QS | B29: 3/4 INCH CPVC MACASA CONCEALED VALVE (QT) | C29: PLMS1 | D29: CONCELED VALVE CPVC | E29: 1 | F29: NOS | G29: 21.06
A30: CH76QS | B30: 3/4 INCH CPVC MACASA CONCEALED VALVE (QT) | C30: PLB184 | D30: CONCEALED VALVE MONO BOX | E30: 1 | F30: NOS | G30: 5.34
A31: CH76QS | B31: 3/4 INCH CPVC MACASA CONCEALED VALVE (QT) | C31: PLB188 | D31: CSC SLEEV 79/79F PLATED | E31: 1 | F31: NOS | G31: 25
A32: CH76QS | B32: 3/4 INCH CPVC MACASA CONCEALED VALVE (QT) | C32: PLB186 | D32: INDICATOR SILICON | E32: 1 | F32: NOS | G32: 1.36
A33: CH76QS | B33: 3/4 INCH CPVC MACASA CONCEALED VALVE (QT) | C33: PLB180 | D33: TRINGULAR HANDLE (BOP) | E33: 1 | F33: NOS | G33: 53.7
A34: CH78QS | B34: 3/4 INCH CPVC URBONA CONCEALED VALVE (QT) | C34: PLB174 | D34: FLANGE FOR CSC 7 SERIES POLISHED | E34: 1 | F34: NOS | G34: 9.5 | H34: 193.67
A35: CH78QS | B35: 3/4 INCH CPVC URBONA CONCEALED VALVE (QT) | C35: PLB176 | D35: SEAL 32 X 24.8 X 5.5 | E35: 1 | F35: NOS | G35: 1.5
A36: CH78QS | B36: 3/4 INCH CPVC URBONA CONCEALED VALVE (QT) | C36: PLB177 | D36: ALLEN SCREW M-5 | E36: 1 | F36: NOS | G36: 1.68
A37: CH78QS | B37: 3/4 INCH CPVC URBONA CONCEALED VALVE (QT) | C37: PLB178 | D37: ALLEN KEY 2.5MM | E37: 1 | F37: NOS | G37: 1.9
A38: CH78QS | B38: 3/4 INCH CPVC URBONA CONCEALED VALVE (QT) | C38: PLB277 | D38: Q/T FITTING 22X1.5 CSC SMALL | E38: 1 | F38: NOS | G38: 77.15
A39: CH78QS | B39: 3/4 INCH CPVC URBONA CONCEALED VALVE (QT) | C39: PLMS1 | D39: CONCELED VALVE CPVC | E39: 1 | F39: NOS | G39: 21.06
A40: CH78QS | B40: 3/4 INCH CPVC URBONA CONCEALED VALVE (QT) | C40: PLB184 | D40: CONCEALED VALVE MONO BOX | E40: 1 | F40: NOS | G40: 5.34
A41: CH78QS | B41: 3/4 INCH CPVC URBONA CONCEALED VALVE (QT) | C41: PLB188 | D41: CSC SLEEV 79/79F PLATED | E41: 1 | F41: NOS | G41: 25
A42: CH78QS | B42: 3/4 INCH CPVC URBONA CONCEALED VALVE (QT) | C42: PLB186 | D42: INDICATOR SILICON | E42: 1 | F42: NOS | G42: 1.36
A43: CH78QS | B43: 3/4 INCH CPVC URBONA CONCEALED VALVE (QT) | C43: PLB170 | D43: HANDLE URBONA 78 | E43: 1 | F43: NOS | G43: 49.18
A44: CH79QS | B44: 3/4 INCH CPVC VIVA CONCEALED VALVE (QT) | C44: PLB174 | D44: FLANGE FOR CSC 7 SERIES POLISHED | E44: 1 | F44: NOS | G44: 9.5 | H44: 198.55
A45: CH79QS | B45: 3/4 INCH CPVC VIVA CONCEALED VALVE (QT) | C45: PLB176 | D45: SEAL 32 X 24.8 X 5.5 | E45: 1 | F45: NOS | G45: 1.5
A46: CH79QS | B46: 3/4 INCH CPVC VIVA CONCEALED VALVE (QT) | C46: PLB177 | D46: ALLEN SCREW M-5 | E46: 1 | F46: NOS | G46: 1.68
A47: CH79QS | B47: 3/4 INCH CPVC VIVA CONCEALED VALVE (QT) | C47: PLB178 | D47: ALLEN KEY 2.5MM | E47: 1 | F47: NOS | G47: 1.9
A48: CH79QS | B48: 3/4 INCH CPVC VIVA CONCEALED VALVE (QT) | C48: PLB277 | D48: Q/T FITTING 22X1.5 CSC SMALL | E48: 1 | F48: NOS | G48: 77.15
A49: CH79QS | B49: 3/4 INCH CPVC VIVA CONCEALED VALVE (QT) | C49: PLMS1 | D49: CONCELED VALVE CPVC | E49: 1 | F49: NOS | G49: 21.06
A50: CH79QS | B50: 3/4 INCH CPVC VIVA CONCEALED VALVE (QT) | C50: PLB188 | D50: CSC SLEEV 79/79F PLATED | E50: 1 | F50: NOS | G50: 25
A51: CH79QS | B51: 3/4 INCH CPVC VIVA CONCEALED VALVE (QT) | C51: PLB184 | D51: CONCEALED VALVE MONO BOX | E51: 1 | F51: NOS | G51: 5.34
A52: CH79QS | B52: 3/4 INCH CPVC VIVA CONCEALED VALVE (QT) | C52: PLB186 | D52: INDICATOR SILICON | E52: 1 | F52: NOS | G52: 1.36
A53: CH79QS | B53: 3/4 INCH CPVC VIVA CONCEALED VALVE (QT) | C53: PLB171 | D53: HANDLE SAGA 79F | E53: 1 | F53: NOS | G53: 54.06
A54: CH80QS | B54: 3/4 INCH CPVC VIVA CONCEALED VALVE (QT) | C54: PLB174 | D54: FLANGE FOR CSC 7 SERIES POLISHED | E54: 1 | F54: NOS | G54: 9.5 | H54: 222.27
A55: CH80QS | B55: 3/4 INCH CPVC VIVA CONCEALED VALVE (QT) | C55: PLB175 | D55: TIKKI WAVES/VIVA | E55: 1 | F55: NOS | G55: 0
A56: CH80QS | B56: 3/4 INCH CPVC VIVA CONCEALED VALVE (QT) | C56: PLMS1 | D56: CONCELED VALVE CPVC | E56: 1 | F56: NOS | G56: 21.06
A57: CH80QS | B57: 3/4 INCH CPVC VIVA CONCEALED VALVE (QT) | C57: PLB176 | D57: SEAL 32 X 24.8 X 5.5 | E57: 1 | F57: NOS | G57: 1.5
A58: CH80QS | B58: 3/4 INCH CPVC VIVA CONCEALED VALVE (QT) | C58: PLB179 | D58: SS SCREW 3X16 | E58: 1 | F58: NOS | G58: 0.46
A59: CH80QS | B59: 3/4 INCH CPVC VIVA CONCEALED VALVE (QT) | C59: PLB277 | D59: Q/T FITTING 22X1.5 CSC SMALL | E59: 1 | F59: NOS | G59: 77.15
A60: CH80QS | B60: 3/4 INCH CPVC VIVA CONCEALED VALVE (QT) | C60: PLB188 | D60: CSC SLEEV 79/79F PLATED | E60: 1 | F60: NOS | G60: 25
A61: CH80QS | B61: 3/4 INCH CPVC VIVA CONCEALED VALVE (QT) | C61: PLB184 | D61: CONCEALED VALVE MONO BOX | E61: 1 | F61: NOS | G61: 5.34
A62: CH80QS | B62: 3/4 INCH CPVC VIVA CONCEALED VALVE (QT) | C62: PLB166 | D62: HANDLE VIVA 72 | E62: 1 | F62: NOS | G62: 82.69
A63: CH72F | B63: CONCEALED VALVE TRIANGULER FULL TURN 20 MM | C63: PLB227 | D63: CSC FLANGE | E63: 1 | F63: NOS | G63: 33.5 | H63: 290.64
A64: CH72F | B64: CONCEALED VALVE TRIANGULER FULL TURN 20 MM | C64: PLB177 | D64: ALLEN SCREW M-5 | E64: 1 | F64: NOS | G64: 1.68
A65: CH72F | B65: CONCEALED VALVE TRIANGULER FULL TURN 20 MM | C65: PLB178 | D65: ALLEN KEY 2.5MM | E65: 1 | F65: NOS | G65: 1.9
A66: CH72F | B66: CONCEALED VALVE TRIANGULER FULL TURN 20 MM | C66: PLB188 | D66: CSC SLEEV 79/79F PLATED | E66: 1 | F66: NOS | G66: 25
A67: CH72F | B67: CONCEALED VALVE TRIANGULER FULL TURN 20 MM | C67: PLB184 | D67: CONCEALED VALVE MONO BOX | E67: 1 | F67: NOS | G67: 5.34
A68: CH72F | B68: CONCEALED VALVE TRIANGULER FULL TURN 20 MM | C68: PLMS2 | D68: 3/4 INCH CONCELED VALVE BODY CPVC | E68: 1 | F68: NOS | G68: 43.25
A69: CH72F | B69: CONCEALED VALVE TRIANGULER FULL TURN 20 MM | C69: PLB226 | D69: 3/4 INCH CSC FITTING FT | E69: 1 | F69: NOS | G69: 112.06
A70: CH72F | B70: CONCEALED VALVE TRIANGULER FULL TURN 20 MM | C70: PLB186 | D70: INDICATOR SILICON | E70: 1 | F70: NOS | G70: 1.36
A71: CH72F | B71: CONCEALED VALVE TRIANGULER FULL TURN 20 MM | C71: PLB167 | D71: HANDLE TRANQUIL 73 | E71: 1 | F71: NOS | G71: 66.55
A72: CH74F | B72: CONCEALED VALVE GRACIA FULL TURN 20 MM | C72: PLB227 | D72: CSC FLANGE | E72: 1 | F72: NOS | G72: 33.75 | H72: 275.39
A73: CH74F | B73: CONCEALED VALVE GRACIA FULL TURN 20 MM | C73: PLB177 | D73: ALLEN SCREW M-5 | E73: 1 | F73: NOS | G73: 1.68
A74: CH74F | B74: CONCEALED VALVE GRACIA FULL TURN 20 MM | C74: PLB178 | D74: ALLEN KEY 2.5MM | E74: 1 | F74: NOS | G74: 1.9
A75: CH74F | B75: CONCEALED VALVE GRACIA FULL TURN 20 MM | C75: PLB188 | D75: CSC SLEEV 79/79F PLATED | E75: 1 | F75: NOS | G75: 25
A76: CH74F | B76: CONCEALED VALVE GRACIA FULL TURN 20 MM | C76: PLB184 | D76: CONCEALED VALVE MONO BOX | E76: 1 | F76: NOS | G76: 5.34
A77: CH74F | B77: CONCEALED VALVE GRACIA FULL TURN 20 MM | C77: PLMS2 | D77: 3/4 INCH CONCELED VALVE BODY CPVC | E77: 1 | F77: NOS | G77: 43.21
A78: CH74F | B78: CONCEALED VALVE GRACIA FULL TURN 20 MM | C78: PLB226 | D78: 3/4 INCH CSC FITTING FT | E78: 1 | F78: NOS | G78: 112.06
A79: CH74F | B79: CONCEALED VALVE GRACIA FULL TURN 20 MM | C79: PLB186 | D79: INDICATOR SILICON | E79: 1 | F79: NOS | G79: 1.36
A80: CH74F | B80: CONCEALED VALVE GRACIA FULL TURN 20 MM | C80: PLB168 | D80: HANDLE GRACIA 74 | E80: 1 | F80: NOS | G80: 51.09
A81: CH76F | B81: CONCEALED VALVE MACASA FULL TURN 20 MM | C81: PLB227 | D81: CSC FLANGE | E81: 1 | F81: NOS | G81: 33.5 | H81: 264.89
A82: CH76F | B82: CONCEALED VALVE MACASA FULL TURN 20 MM | C82: PLB177 | D82: ALLEN SCREW M-5 | E82: 1 | F82: NOS | G82: 1.68
A83: CH76F | B83: CONCEALED VALVE MACASA FULL TURN 20 MM | C83: PLB178 | D83: ALLEN KEY 2.5MM | E83: 1 | F83: NOS | G83: 1.9
A84: CH76F | B84: CONCEALED VALVE MACASA FULL TURN 20 MM | C84: PLB188 | D84: CSC SLEEV 79/79F PLATED | E84: 1 | F84: NOS | G84: 25
A85: CH76F | B85: CONCEALED VALVE MACASA FULL TURN 20 MM | C85: PLB184 | D85: CONCEALED VALVE MONO BOX | E85: 1 | F85: NOS | G85: 5.34
A86: CH76F | B86: CONCEALED VALVE MACASA FULL TURN 20 MM | C86: PLMS2 | D86: 3/4 INCH CONCELED VALVE BODY CPVC | E86: 1 | F86: NOS | G86: 43.21
A87: CH76F | B87: CONCEALED VALVE MACASA FULL TURN 20 MM | C87: PLB226 | D87: 3/4 INCH CSC FITTING FT | E87: 1 | F87: NOS | G87: 116.1
A88: CH76F | B88: CONCEALED VALVE MACASA FULL TURN 20 MM | C88: PLB186 | D88: INDICATOR SILICON | E88: 1 | F88: NOS | G88: 1.36
A89: CH76F | B89: CONCEALED VALVE MACASA FULL TURN 20 MM | C89: PLB169 | D89: HANDLE MACASA 76 (PR-244) | E89: 1 | F89: NOS | G89: 36.8
A90: CH78F | B90: CONCEALED VALVE URBONA FULL TURN 20 MM | C90: PLMS2 | D90: 3/4 INCH CONCELED VALVE BODY CPVC | E90: 1 | F90: NOS | G90: 43.25 | H90: 273.52
A91: CH78F | B91: CONCEALED VALVE URBONA FULL TURN 20 MM | C91: PLB227 | D91: CSC FLANGE | E91: 1 | F91: NOS | G91: 33.75
A92: CH78F | B92: CONCEALED VALVE URBONA FULL TURN 20 MM | C92: PLB177 | D92: ALLEN SCREW M-5 | E92: 1 | F92: NOS | G92: 1.68
A93: CH78F | B93: CONCEALED VALVE URBONA FULL TURN 20 MM | C93: PLB178 | D93: ALLEN KEY 2.5MM | E93: 1 | F93: NOS | G93: 1.9
A94: CH78F | B94: CONCEALED VALVE URBONA FULL TURN 20 MM | C94: PLB188 | D94: CSC SLEEV 79/79F PLATED | E94: 1 | F94: NOS | G94: 25
A95: CH78F | B95: CONCEALED VALVE URBONA FULL TURN 20 MM | C95: PLB184 | D95: CONCEALED VALVE MONO BOX | E95: 1 | F95: NOS | G95: 5.34
A96: CH78F | B96: CONCEALED VALVE URBONA FULL TURN 20 MM | C96: PLB226 | D96: 3/4 INCH CSC FITTING FT | E96: 1 | F96: NOS | G96: 112.06
A97: CH78F | B97: CONCEALED VALVE URBONA FULL TURN 20 MM | C97: PLB186 | D97: INDICATOR SILICON | E97: 1 | F97: NOS | G97: 1.36
A98: CH78F | B98: CONCEALED VALVE URBONA FULL TURN 20 MM | C98: PLB170 | D98: HANDLE URBONA 78 | E98: 1 | F98: NOS | G98: 49.18
A99: CH79F | B99: CONCEALED VALVE SAGA FULL TURN 20 MM | C99: PLB227 | D99: CSC FLANGE | E99: 1 | F99: NOS | G99: 33.75 | H99: 278.5
A100: CH79F | B100: CONCEALED VALVE SAGA FULL TURN 20 MM | C100: PLB177 | D100: ALLEN SCREW M-5 | E100: 1 | F100: NOS | G100: 1.68
...

Sheet C Fittings (Without Brass)
A1: FPP
B2: S.NO. | C2: Size (in) | D2: Size (mm) | E2: ITEM CODE | F2: =' CPVC PIPE'!F2 -> MRP as on 1st May, 2024 | G2: WEIGHT | H2: BRASS | I2: WEIGHT WITH BRASS | J2: KG COST
B4: Elbow 90⁰
A5: =$B$4&C5 -> Elbow 90⁰1⁄2 | B5: 1 | C5: 1⁄2 | D5: 15 | E5: C51 | F5: 16.8 | G5: =IFERROR(__xludf.DUMMYFUNCTION("ArrayFormula(IFERROR(VLOOKUP(E5,IMPORTRANGE(""https://docs.google.com/spreadsheets/d/1xZyKy-UzMmtPDLpV5jQdYum1LtbR8XKDuasLSjmBRMI/edit#gid=1241094406"",""COMBINED DATA!E3:L""),{7,8},0)))"),0.011) -> 0.011 | H5: =IFERROR(__xludf.DUMMYFUNCTION("""COMPUTED_VALUE"""),0.0) -> 0 | I5: =G5+H5 -> 0.011 | J5: =IFERROR(F5/I5,"") -> 1527.2727
A6: =$B$4&C6 -> Elbow 90⁰3⁄4 | B6: 2 | C6: 3⁄4 | D6: 20 | E6: C52 | F6: 19.9 | G6: =IFERROR(__xludf.DUMMYFUNCTION("ArrayFormula(IFERROR(VLOOKUP(E6,IMPORTRANGE(""https://docs.google.com/spreadsheets/d/1xZyKy-UzMmtPDLpV5jQdYum1LtbR8XKDuasLSjmBRMI/edit#gid=1241094406"",""COMBINED DATA!E3:L""),{7,8},0)))"),0.0229) -> 0.0229 | H6: =IFERROR(__xludf.DUMMYFUNCTION("""COMPUTED_VALUE"""),0.0) -> 0 | I6: =G6+H6 -> 0.0229 | J6: =IFERROR(F6/I6,"") -> 868.99563
A7: =$B$4&C7 -> Elbow 90⁰1 | B7: 3 | C7: 1 | D7: 25 | E7: C53 | F7: 39.8 | G7: =IFERROR(__xludf.DUMMYFUNCTION("ArrayFormula(IFERROR(VLOOKUP(E7,IMPORTRANGE(""https://docs.google.com/spreadsheets/d/1xZyKy-UzMmtPDLpV5jQdYum1LtbR8XKDuasLSjmBRMI/edit#gid=1241094406"",""COMBINED DATA!E3:L""),{7,8},0)))"),0.0363) -> 0.0363 | H7: =IFERROR(__xludf.DUMMYFUNCTION("""COMPUTED_VALUE"""),0.0) -> 0 | I7: =G7+H7 -> 0.0363 | J7: =IFERROR(F7/I7,"") -> 1096.4187
A8: =$B$4&C8 -> Elbow 90⁰1 1⁄4 | B8: 4 | C8: 1 1⁄4 | D8: 32 | E8: C54 | F8: 89.9 | G8: =IFERROR(__xludf.DUMMYFUNCTION("ArrayFormula(IFERROR(VLOOKUP(E8,IMPORTRANGE(""https://docs.google.com/spreadsheets/d/1xZyKy-UzMmtPDLpV5jQdYum1LtbR8XKDuasLSjmBRMI/edit#gid=1241094406"",""COMBINED DATA!E3:L""),{7,8},0)))"),0.07095) -> 0.07095 | H8: =IFERROR(__xludf.DUMMYFUNCTION("""COMPUTED_VALUE"""),0.0) -> 0 | I8: =G8+H8 -> 0.07095 | J8: =IFERROR(F8/I8,"") -> 1267.0895
A9: =$B$4&C9 -> Elbow 90⁰1 1⁄2 | B9: 5 | C9: 1 1⁄2 | D9: 40 | E9: C55 | F9: 164.4 | G9: =IFERROR(__xludf.DUMMYFUNCTION("ArrayFormula(IFERROR(VLOOKUP(E9,IMPORTRANGE(""https://docs.google.com/spreadsheets/d/1xZyKy-UzMmtPDLpV5jQdYum1LtbR8XKDuasLSjmBRMI/edit#gid=1241094406"",""COMBINED DATA!E3:L""),{7,8},0)))"),0.11225) -> 0.11225 | H9: =IFERROR(__xludf.DUMMYFUNCTION("""COMPUTED_VALUE"""),0.0) -> 0 | I9: =G9+H9 -> 0.11225 | J9: =IFERROR(F9/I9,"") -> 1464.588
A10: =$B$4&C10 -> Elbow 90⁰2 | B10: 6 | C10: 2 | D10: 50 | E10: C56 | F10: 338 | G10: =IFERROR(__xludf.DUMMYFUNCTION("ArrayFormula(IFERROR(VLOOKUP(E10,IMPORTRANGE(""https://docs.google.com/spreadsheets/d/1xZyKy-UzMmtPDLpV5jQdYum1LtbR8XKDuasLSjmBRMI/edit#gid=1241094406"",""COMBINED DATA!E3:L""),{7,8},0)))"),0.2132) -> 0.2132 | H10: =IFERROR(__xludf.DUMMYFUNCTION("""COMPUTED_VALUE"""),0.0) -> 0 | I10: =G10+H10 -> 0.2132 | J10: =IFERROR(F10/I10,"") -> 1585.3659
B11: TOTAL | F11: =SUM(F5:F10) -> 668.8 | H11: =IFERROR(__xludf.DUMMYFUNCTION("IFERROR(VLOOKUP(E11,IMPORTRANGE(""https://docs.google.com/spreadsheets/d/1xZyKy-UzMmtPDLpV5jQdYum1LtbR8XKDuasLSjmBRMI/edit#gid=1241094406"",""COMBINED DATA!E3:L""),8,0))"),"")
H12: =IFERROR(__xludf.DUMMYFUNCTION("IFERROR(VLOOKUP(E12,IMPORTRANGE(""https://docs.google.com/spreadsheets/d/1xZyKy-UzMmtPDLpV5jQdYum1LtbR8XKDuasLSjmBRMI/edit#gid=1241094406"",""COMBINED DATA!E3:L""),8,0))"),"")
B13: Elbow 90⁰ (SCH-80) | H13: =IFERROR(__xludf.DUMMYFUNCTION("IFERROR(VLOOKUP(E13,IMPORTRANGE(""https://docs.google.com/spreadsheets/d/1xZyKy-UzMmtPDLpV5jQdYum1LtbR8XKDuasLSjmBRMI/edit#gid=1241094406"",""COMBINED DATA!E3:L""),8,0))"),"")
A14: =$B$13&C14 -> Elbow 90⁰ (SCH-80)2 1⁄2 | B14: 1 | C14: 2 1⁄2 | D14: 65 | E14: C57 | F14: 898 | G14: =IFERROR(__xludf.DUMMYFUNCTION("ArrayFormula(IFERROR(VLOOKUP(E14,IMPORTRANGE(""https://docs.google.com/spreadsheets/d/1xZyKy-UzMmtPDLpV5jQdYum1LtbR8XKDuasLSjmBRMI/edit#gid=1241094406"",""COMBINED DATA!E3:L""),{7,8},0)))"),0.522) -> 0.522 | H14: =IFERROR(__xludf.DUMMYFUNCTION("""COMPUTED_VALUE"""),0.0) -> 0 | I14: =G14+H14 -> 0.522 | J14: =IFERROR(F14/I14,"") -> 1720.3065
A15: =$B$13&C15 -> Elbow 90⁰ (SCH-80)3 | B15: 2 | C15: 3 | D15: 80 | E15: C58 | F15: 1368 | G15: =IFERROR(__xludf.DUMMYFUNCTION("ArrayFormula(IFERROR(VLOOKUP(E15,IMPORTRANGE(""https://docs.google.com/spreadsheets/d/1xZyKy-UzMmtPDLpV5jQdYum1LtbR8XKDuasLSjmBRMI/edit#gid=1241094406"",""COMBINED DATA!E3:L""),{7,8},0)))"),0.8142) -> 0.8142 | H15: =IFERROR(__xludf.DUMMYFUNCTION("""COMPUTED_VALUE"""),0.0) -> 0 | I15: =G15+H15 -> 0.8142 | J15: =IFERROR(F15/I15,"") -> 1680.1769
A16: =$B$13&C16 -> Elbow 90⁰ (SCH-80)4 | B16: 3 | C16: 4 | D16: 100 | E16: C59 | F16: 2288 | G16: =IFERROR(__xludf.DUMMYFUNCTION("ArrayFormula(IFERROR(VLOOKUP(E16,IMPORTRANGE(""https://docs.google.com/spreadsheets/d/1xZyKy-UzMmtPDLpV5jQdYum1LtbR8XKDuasLSjmBRMI/edit#gid=1241094406"",""COMBINED DATA!E3:L""),{7,8},0)))"),1.362) -> 1.362 | H16: =IFERROR(__xludf.DUMMYFUNCTION("""COMPUTED_VALUE"""),0.0) -> 0 | I16: =G16+H16 -> 1.362 | J16: =IFERROR(F16/I16,"") -> 1679.8825
B17: TOTAL | F17: =SUM(F14:F16) -> 4554 | H17: =IFERROR(__xludf.DUMMYFUNCTION("IFERROR(VLOOKUP(E17,IMPORTRANGE(""https://docs.google.com/spreadsheets/d/1xZyKy-UzMmtPDLpV5jQdYum1LtbR8XKDuasLSjmBRMI/edit#gid=1241094406"",""COMBINED DATA!E3:L""),8,0))"),"")
H18: =IFERROR(__xludf.DUMMYFUNCTION("IFERROR(VLOOKUP(E18,IMPORTRANGE(""https://docs.google.com/spreadsheets/d/1xZyKy-UzMmtPDLpV5jQdYum1LtbR8XKDuasLSjmBRMI/edit#gid=1241094406"",""COMBINED DATA!E3:L""),8,0))"),"")
B19: Elbow 90⁰ (SCH-40) | H19: =IFERROR(__xludf.DUMMYFUNCTION("IFERROR(VLOOKUP(E19,IMPORTRANGE(""https://docs.google.com/spreadsheets/d/1xZyKy-UzMmtPDLpV5jQdYum1LtbR8XKDuasLSjmBRMI/edit#gid=1241094406"",""COMBINED DATA!E3:L""),8,0))"),"")
A20: =$B$19&C20 -> Elbow 90⁰ (SCH-40)6 | B20: 1 | C20: 6 | D20: 150 | E20: C59N | F20: 3580 | G20: =IFERROR(__xludf.DUMMYFUNCTION("ArrayFormula(IFERROR(VLOOKUP(E20,IMPORTRANGE(""https://docs.google.com/spreadsheets/d/1xZyKy-UzMmtPDLpV5jQdYum1LtbR8XKDuasLSjmBRMI/edit#gid=1241094406"",""COMBINED DATA!E3:L""),{7,8},0)))"),1.975) -> 1.975 | H20: =IFERROR(__xludf.DUMMYFUNCTION("""COMPUTED_VALUE"""),0.0) -> 0 | I20: =G20+H20 -> 1.975 | J20: =IFERROR(F20/I20,"") -> 1812.6582
H21: =IFERROR(__xludf.DUMMYFUNCTION("IFERROR(VLOOKUP(E21,IMPORTRANGE(""https://docs.google.com/spreadsheets/d/1xZyKy-UzMmtPDLpV5jQdYum1LtbR8XKDuasLSjmBRMI/edit#gid=1241094406"",""COMBINED DATA!E3:L""),8,0))"),"")
B22: Reducer Elbow | H22: =IFERROR(__xludf.DUMMYFUNCTION("IFERROR(VLOOKUP(E22,IMPORTRANGE(""https://docs.google.com/spreadsheets/d/1xZyKy-UzMmtPDLpV5jQdYum1LtbR8XKDuasLSjmBRMI/edit#gid=1241094406"",""COMBINED DATA!E3:L""),8,0))"),"")
A23: =$B$22&C23 -> Reducer Elbow3⁄4 x 1⁄2 | B23: 1 | C23: 3⁄4 x 1⁄2 | D23: 20x15 | E23: C50 | F23: 29.8 | G23: =IFERROR(__xludf.DUMMYFUNCTION("ArrayFormula(IFERROR(VLOOKUP(E23,IMPORTRANGE(""https://docs.google.com/spreadsheets/d/1xZyKy-UzMmtPDLpV5jQdYum1LtbR8XKDuasLSjmBRMI/edit#gid=1241094406"",""COMBINED DATA!E3:L""),{7,8},0)))"),0.017) -> 0.017 | H23: =IFERROR(__xludf.DUMMYFUNCTION("""COMPUTED_VALUE"""),0.0) -> 0 | I23: =G23+H23 -> 0.017 | J23: =IFERROR(F23/I23,"") -> 1752.9412
A24: =$B$22&C24 -> Reducer Elbow1 x 3⁄4 | B24: 2 | C24: 1 x 3⁄4 | D24: 25x20 | E24: C532 | F24: 78 | G24: =IFERROR(__xludf.DUMMYFUNCTION("ArrayFormula(IFERROR(VLOOKUP(E24,IMPORTRANGE(""https://docs.google.com/spreadsheets/d/1xZyKy-UzMmtPDLpV5jQdYum1LtbR8XKDuasLSjmBRMI/edit#gid=1241094406"",""COMBINED DATA!E3:L""),{7,8},0)))"),0.03025) -> 0.03025 | H24: =IFERROR(__xludf.DUMMYFUNCTION("""COMPUTED_VALUE"""),0.0) -> 0 | I24: =G24+H24 -> 0.03025 | J24: =IFERROR(F24/I24,"") -> 2578.5124
B25: TOTAL | F25: =SUM(F23:F24) -> 107.8 | H25: =IFERROR(__xludf.DUMMYFUNCTION("IFERROR(VLOOKUP(E25,IMPORTRANGE(""https://docs.google.com/spreadsheets/d/1xZyKy-UzMmtPDLpV5jQdYum1LtbR8XKDuasLSjmBRMI/edit#gid=1241094406"",""COMBINED DATA!E3:L""),8,0))"),"")
H26: =IFERROR(__xludf.DUMMYFUNCTION("IFERROR(VLOOKUP(E26,IMPORTRANGE(""https://docs.google.com/spreadsheets/d/1xZyKy-UzMmtPDLpV5jQdYum1LtbR8XKDuasLSjmBRMI/edit#gid=1241094406"",""COMBINED DATA!E3:L""),8,0))"),"")
B27: Elbow 45⁰ | H27: =IFERROR(__xludf.DUMMYFUNCTION("IFERROR(VLOOKUP(E27,IMPORTRANGE(""https://docs.google.com/spreadsheets/d/1xZyKy-UzMmtPDLpV5jQdYum1LtbR8XKDuasLSjmBRMI/edit#gid=1241094406"",""COMBINED DATA!E3:L""),8,0))"),"")
A28: =$B$27&C28 -> Elbow 45⁰3⁄4 | B28: 1 | C28: 3⁄4 | D28: 20 | E28: C502 | F28: 27.8 | G28: =IFERROR(__xludf.DUMMYFUNCTION("ArrayFormula(IFERROR(VLOOKUP(E28,IMPORTRANGE(""https://docs.google.com/spreadsheets/d/1xZyKy-UzMmtPDLpV5jQdYum1LtbR8XKDuasLSjmBRMI/edit#gid=1241094406"",""COMBINED DATA!E3:L""),{7,8},0)))"),0.017) -> 0.017 | H28: =IFERROR(__xludf.DUMMYFUNCTION("""COMPUTED_VALUE"""),0.0) -> 0 | I28: =G28+H28 -> 0.017 | J28: =IFERROR(F28/I28,"") -> 1635.2941
A29: =$B$27&C29 -> Elbow 45⁰1 | B29: 2 | C29: 1 | D29: 25 | E29: C503 | F29: 48.8 | G29: =IFERROR(__xludf.DUMMYFUNCTION("ArrayFormula(IFERROR(VLOOKUP(E29,IMPORTRANGE(""https://docs.google.com/spreadsheets/d/1xZyKy-UzMmtPDLpV5jQdYum1LtbR8XKDuasLSjmBRMI/edit#gid=1241094406"",""COMBINED DATA!E3:L""),{7,8},0)))"),0.029) -> 0.029 | H29: =IFERROR(__xludf.DUMMYFUNCTION("""COMPUTED_VALUE"""),0.0) -> 0 | I29: =G29+H29 -> 0.029 | J29: =IFERROR(F29/I29,"") -> 1682.7586
A30: =$B$27&C30 -> Elbow 45⁰1 1⁄4 | B30: 3 | C30: 1 1⁄4 | D30: 32 | E30: C504 | F30: 106 | G30: =IFERROR(__xludf.DUMMYFUNCTION("ArrayFormula(IFERROR(VLOOKUP(E30,IMPORTRANGE(""https://docs.google.com/spreadsheets/d/1xZyKy-UzMmtPDLpV5jQdYum1LtbR8XKDuasLSjmBRMI/edit#gid=1241094406"",""COMBINED DATA!E3:L""),{7,8},0)))"),0.046) -> 0.046 | H30: =IFERROR(__xludf.DUMMYFUNCTION("""COMPUTED_VALUE"""),0.0) -> 0 | I30: =G30+H30 -> 0.046 | J30: =IFERROR(F30/I30,"") -> 2304.3478
A31: =$B$27&C31 -> Elbow 45⁰1 1⁄2 | B31: 4 | C31: 1 1⁄2 | D31: 40 | E31: C505 | F31: 158 | G31: =IFERROR(__xludf.DUMMYFUNCTION("ArrayFormula(IFERROR(VLOOKUP(E31,IMPORTRANGE(""https://docs.google.com/spreadsheets/d/1xZyKy-UzMmtPDLpV5jQdYum1LtbR8XKDuasLSjmBRMI/edit#gid=1241094406"",""COMBINED DATA!E3:L""),{7,8},0)))"),0.078) -> 0.078 | H31: =IFERROR(__xludf.DUMMYFUNCTION("""COMPUTED_VALUE"""),0.0) -> 0 | I31: =G31+H31 -> 0.078 | J31: =IFERROR(F31/I31,"") -> 2025.641
A32: =$B$27&C32 -> Elbow 45⁰2 | B32: 5 | C32: 2 | D32: 50 | E32: C506 | F32: 334 | G32: =IFERROR(__xludf.DUMMYFUNCTION("ArrayFormula(IFERROR(VLOOKUP(E32,IMPORTRANGE(""https://docs.google.com/spreadsheets/d/1xZyKy-UzMmtPDLpV5jQdYum1LtbR8XKDuasLSjmBRMI/edit#gid=1241094406"",""COMBINED DATA!E3:L""),{7,8},0)))"),0.161) -> 0.161 | H32: =IFERROR(__xludf.DUMMYFUNCTION("""COMPUTED_VALUE"""),0.0) -> 0 | I32: =G32+H32 -> 0.161 | J32: =IFERROR(F32/I32,"") -> 2074.5342
B33: TOTAL | F33: =SUM(F28:F32) -> 674.6 | H33: =IFERROR(__xludf.DUMMYFUNCTION("IFERROR(VLOOKUP(E33,IMPORTRANGE(""https://docs.google.com/spreadsheets/d/1xZyKy-UzMmtPDLpV5jQdYum1LtbR8XKDuasLSjmBRMI/edit#gid=1241094406"",""COMBINED DATA!E3:L""),8,0))"),"")
H34: =IFERROR(__xludf.DUMMYFUNCTION("IFERROR(VLOOKUP(E34,IMPORTRANGE(""https://docs.google.com/spreadsheets/d/1xZyKy-UzMmtPDLpV5jQdYum1LtbR8XKDuasLSjmBRMI/edit#gid=1241094406"",""COMBINED DATA!E3:L""),8,0))"),"")
B35: Tee | H35: =IFERROR(__xludf.DUMMYFUNCTION("IFERROR(VLOOKUP(E35,IMPORTRANGE(""https://docs.google.com/spreadsheets/d/1xZyKy-UzMmtPDLpV5jQdYum1LtbR8XKDuasLSjmBRMI/edit#gid=1241094406"",""COMBINED DATA!E3:L""),8,0))"),"")
A36: =$B$35&C36 -> Tee1⁄2 | B36: 1 | C36: 1⁄2 | D36: 15 | E36: C61 | F36: 23.8 | G36: =IFERROR(__xludf.DUMMYFUNCTION("ArrayFormula(IFERROR(VLOOKUP(E36,IMPORTRANGE(""https://docs.google.com/spreadsheets/d/1xZyKy-UzMmtPDLpV5jQdYum1LtbR8XKDuasLSjmBRMI/edit#gid=1241094406"",""COMBINED DATA!E3:L""),{7,8},0)))"),0.015) -> 0.015 | H36: =IFERROR(__xludf.DUMMYFUNCTION("""COMPUTED_VALUE"""),0.0) -> 0 | I36: =G36+H36 -> 0.015 | J36: =IFERROR(F36/I36,"") -> 1586.6667
A37: =$B$35&C37 -> Tee3⁄4 | B37: 2 | C37: 3⁄4 | D37: 20 | E37: C62 | F37: 32.4 | G37: =IFERROR(__xludf.DUMMYFUNCTION("ArrayFormula(IFERROR(VLOOKUP(E37,IMPORTRANGE(""https://docs.google.com/spreadsheets/d/1xZyKy-UzMmtPDLpV5jQdYum1LtbR8XKDuasLSjmBRMI/edit#gid=1241094406"",""COMBINED DATA!E3:L""),{7,8},0)))"),0.029) -> 0.029 | H37: =IFERROR(__xludf.DUMMYFUNCTION("""COMPUTED_VALUE"""),0.0) -> 0 | I37: =G37+H37 -> 0.029 | J37: =IFERROR(F37/I37,"") -> 1117.2414
A38: =$B$35&C38 -> Tee1 | B38: 3 | C38: 1 | D38: 25 | E38: C63 | F38: 51.9 | G38: =IFERROR(__xludf.DUMMYFUNCTION("ArrayFormula(IFERROR(VLOOKUP(E38,IMPORTRANGE(""https://docs.google.com/spreadsheets/d/1xZyKy-UzMmtPDLpV5jQdYum1LtbR8XKDuasLSjmBRMI/edit#gid=1241094406"",""COMBINED DATA!E3:L""),{7,8},0)))"),0.0492) -> 0.0492 | H38: =IFERROR(__xludf.DUMMYFUNCTION("""COMPUTED_VALUE"""),0.0) -> 0 | I38: =G38+H38 -> 0.0492 | J38: =IFERROR(F38/I38,"") -> 1054.878
A39: =$B$35&C39 -> Tee1 1⁄4 | B39: 4 | C39: 1 1⁄4 | D39: 32 | E39: C64 | F39: 112 | G39: =IFERROR(__xludf.DUMMYFUNCTION("ArrayFormula(IFERROR(VLOOKUP(E39,IMPORTRANGE(""https://docs.google.com/spreadsheets/d/1xZyKy-UzMmtPDLpV5jQdYum1LtbR8XKDuasLSjmBRMI/edit#gid=1241094406"",""COMBINED DATA!E3:L""),{7,8},0)))"),0.0873) -> 0.0873 | H39: =IFERROR(__xludf.DUMMYFUNCTION("""COMPUTED_VALUE"""),0.0) -> 0 | I39: =G39+H39 -> 0.0873 | J39: =IFERROR(F39/I39,"") -> 1282.9324
A40: =$B$35&C40 -> Tee1 1⁄2 | B40: 5 | C40: 1 1⁄2 | D40: 40 | E40: C65 | F40: 204 | G40: =IFERROR(__xludf.DUMMYFUNCTION("ArrayFormula(IFERROR(VLOOKUP(E40,IMPORTRANGE(""https://docs.google.com/spreadsheets/d/1xZyKy-UzMmtPDLpV5jQdYum1LtbR8XKDuasLSjmBRMI/edit#gid=1241094406"",""COMBINED DATA!E3:L""),{7,8},0)))"),0.14545) -> 0.14545 | H40: =IFERROR(__xludf.DUMMYFUNCTION("""COMPUTED_VALUE"""),0.0) -> 0 | I40: =G40+H40 -> 0.14545 | J40: =IFERROR(F40/I40,"") -> 1402.5438
A41: =$B$35&C41 -> Tee2 | B41: 6 | C41: 2 | D41: 50 | E41: C66 | F41: 418 | G41: =IFERROR(__xludf.DUMMYFUNCTION("ArrayFormula(IFERROR(VLOOKUP(E41,IMPORTRANGE(""https://docs.google.com/spreadsheets/d/1xZyKy-UzMmtPDLpV5jQdYum1LtbR8XKDuasLSjmBRMI/edit#gid=1241094406"",""COMBINED DATA!E3:L""),{7,8},0)))"),0.262) -> 0.262 | H41: =IFERROR(__xludf.DUMMYFUNCTION("""COMPUTED_VALUE"""),0.0) -> 0 | I41: =G41+H41 -> 0.262 | J41: =IFERROR(F41/I41,"") -> 1595.4198
B42: TOTAL | F42: =SUM(F36:F41) -> 842.1 | H42: =IFERROR(__xludf.DUMMYFUNCTION("IFERROR(VLOOKUP(E42,IMPORTRANGE(""https://docs.google.com/spreadsheets/d/1xZyKy-UzMmtPDLpV5jQdYum1LtbR8XKDuasLSjmBRMI/edit#gid=1241094406"",""COMBINED DATA!E3:L""),8,0))"),"")
H43: =IFERROR(__xludf.DUMMYFUNCTION("IFERROR(VLOOKUP(E43,IMPORTRANGE(""https://docs.google.com/spreadsheets/d/1xZyKy-UzMmtPDLpV5jQdYum1LtbR8XKDuasLSjmBRMI/edit#gid=1241094406"",""COMBINED DATA!E3:L""),8,0))"),"")
B44: Tee (SCH-80) | H44: =IFERROR(__xludf.DUMMYFUNCTION("IFERROR(VLOOKUP(E44,IMPORTRANGE(""https://docs.google.com/spreadsheets/d/1xZyKy-UzMmtPDLpV5jQdYum1LtbR8XKDuasLSjmBRMI/edit#gid=1241094406"",""COMBINED DATA!E3:L""),8,0))"),"")
A45: =$B$44&C45 -> Tee (SCH-80)2 1⁄2 | B45: 1 | C45: 2 1⁄2 | D45: 65 | E45: C67 | F45: 1360 | G45: =IFERROR(__xludf.DUMMYFUNCTION("ArrayFormula(IFERROR(VLOOKUP(E45,IMPORTRANGE(""https://docs.google.com/spreadsheets/d/1xZyKy-UzMmtPDLpV5jQdYum1LtbR8XKDuasLSjmBRMI/edit#gid=1241094406"",""COMBINED DATA!E3:L""),{7,8},0)))"),0.687) -> 0.687 | H45: =IFERROR(__xludf.DUMMYFUNCTION("""COMPUTED_VALUE"""),0.0) -> 0 | I45: =G45+H45 -> 0.687 | J45: =IFERROR(F45/I45,"") -> 1979.6215
A46: =$B$44&C46 -> Tee (SCH-80)3 | B46: 2 | C46: 3 | D46: 80 | E46: C68 | F46: 1980 | G46: =IFERROR(__xludf.DUMMYFUNCTION("ArrayFormula(IFERROR(VLOOKUP(E46,IMPORTRANGE(""https://docs.google.com/spreadsheets/d/1xZyKy-UzMmtPDLpV5jQdYum1LtbR8XKDuasLSjmBRMI/edit#gid=1241094406"",""COMBINED DATA!E3:L""),{7,8},0)))"),1.0735999999999999) -> 1.0736 | H46: =IFERROR(__xludf.DUMMYFUNCTION("""COMPUTED_VALUE"""),0.0) -> 0 | I46: =G46+H46 -> 1.0736 | J46: =IFERROR(F46/I46,"") -> 1844.2623
A47: =$B$44&C47 -> Tee (SCH-80)4 | B47: 3 | C47: 4 | D47: 100 | E47: C69 | F47: 3240 | G47: =IFERROR(__xludf.DUMMYFUNCTION("ArrayFormula(IFERROR(VLOOKUP(E47,IMPORTRANGE(""https://docs.google.com/spreadsheets/d/1xZyKy-UzMmtPDLpV5jQdYum1LtbR8XKDuasLSjmBRMI/edit#gid=1241094406"",""COMBINED DATA!E3:L""),{7,8},0)))"),1.723) -> 1.723 | H47: =IFERROR(__xludf.DUMMYFUNCTION("""COMPUTED_VALUE"""),0.0) -> 0 | I47: =G47+H47 -> 1.723 | J47: =IFERROR(F47/I47,"") -> 1880.4411
B48: TOTAL | F48: =SUM(F45:F47) -> 6580 | H48: =IFERROR(__xludf.DUMMYFUNCTION("IFERROR(VLOOKUP(E48,IMPORTRANGE(""https://docs.google.com/spreadsheets/d/1xZyKy-UzMmtPDLpV5jQdYum1LtbR8XKDuasLSjmBRMI/edit#gid=1241094406"",""COMBINED DATA!E3:L""),8,0))"),"")
H49: =IFERROR(__xludf.DUMMYFUNCTION("IFERROR(VLOOKUP(E49,IMPORTRANGE(""https://docs.google.com/spreadsheets/d/1xZyKy-UzMmtPDLpV5jQdYum1LtbR8XKDuasLSjmBRMI/edit#gid=1241094406"",""COMBINED DATA!E3:L""),8,0))"),"")
B50: Tee (SCH-40) | H50: =IFERROR(__xludf.DUMMYFUNCTION("IFERROR(VLOOKUP(E50,IMPORTRANGE(""https://docs.google.com/spreadsheets/d/1xZyKy-UzMmtPDLpV5jQdYum1LtbR8XKDuasLSjmBRMI/edit#gid=1241094406"",""COMBINED DATA!E3:L""),8,0))"),"")
A51: =$B$50&C51 -> Tee (SCH-40)6 | B51: 1 | C51: 6 | D51: 150 | E51: C69N | F51: 5240 | G51: =IFERROR(__xludf.DUMMYFUNCTION("ArrayFormula(IFERROR(VLOOKUP(E51,IMPORTRANGE(""https://docs.google.com/spreadsheets/d/1xZyKy-UzMmtPDLpV5jQdYum1LtbR8XKDuasLSjmBRMI/edit#gid=1241094406"",""COMBINED DATA!E3:L""),{7,8},0)))"),2.445) -> 2.445 | H51: =IFERROR(__xludf.DUMMYFUNCTION("""COMPUTED_VALUE"""),0.0) -> 0 | I51: =G51+H51 -> 2.445 | J51: =IFERROR(F51/I51,"") -> 2143.1493
H52: =IFERROR(__xludf.DUMMYFUNCTION("IFERROR(VLOOKUP(E52,IMPORTRANGE(""https://docs.google.com/spreadsheets/d/1xZyKy-UzMmtPDLpV5jQdYum1LtbR8XKDuasLSjmBRMI/edit#gid=1241094406"",""COMBINED DATA!E3:L""),8,0))"),"")
B53: Reducer Tee | H53: =IFERROR(__xludf.DUMMYFUNCTION("IFERROR(VLOOKUP(E53,IMPORTRANGE(""https://docs.google.com/spreadsheets/d/1xZyKy-UzMmtPDLpV5jQdYum1LtbR8XKDuasLSjmBRMI/edit#gid=1241094406"",""COMBINED DATA!E3:L""),8,0))"),"")
A54: =$B$53&C54 -> Reducer Tee3⁄4 x 3⁄4 x 1⁄2 | B54: 1 | C54: 3⁄4 x 3⁄4 x 1⁄2 | D54: 20x20x15 | E54: C221 | F54: 46 | G54: =IFERROR(__xludf.DUMMYFUNCTION("ArrayFormula(IFERROR(VLOOKUP(E54,IMPORTRANGE(""https://docs.google.com/spreadsheets/d/1xZyKy-UzMmtPDLpV5jQdYum1LtbR8XKDuasLSjmBRMI/edit#gid=1241094406"",""COMBINED DATA!E3:L""),{7,8},0)))"),0.02) -> 0.02 | H54: =IFERROR(__xludf.DUMMYFUNCTION("""COMPUTED_VALUE"""),0.0) -> 0 | I54: =G54+H54 -> 0.02 | J54: =IFERROR(F54/I54,"") -> 2300
A55: =$B$53&C55 -> Reducer Tee1 x 1 x 3⁄4 | B55: 2 | C55: 1 x 1 x 3⁄4 | D55: 25x25x20 | E55: C232 | F55: 88 | G55: =IFERROR(__xludf.DUMMYFUNCTION("ArrayFormula(IFERROR(VLOOKUP(E55,IMPORTRANGE(""https://docs.google.com/spreadsheets/d/1xZyKy-UzMmtPDLpV5jQdYum1LtbR8XKDuasLSjmBRMI/edit#gid=1241094406"",""COMBINED DATA!E3:L""),{7,8},0)))"),0.039) -> 0.039 | H55: =IFERROR(__xludf.DUMMYFUNCTION("""COMPUTED_VALUE"""),0.0) -> 0 | I55: =G55+H55 -> 0.039 | J55: =IFERROR(F55/I55,"") -> 2256.4103
A56: =$B$53&C56 -> Reducer Tee1 1⁄4 x 1 1⁄4 x 3⁄4 | B56: 3 | C56: 1 1⁄4 x 1 1⁄4 x 3⁄4 | D56: 32x32x20 | E56: C242 | F56: 168 | G56: =IFERROR(__xludf.DUMMYFUNCTION("ArrayFormula(IFERROR(VLOOKUP(E56,IMPORTRANGE(""https://docs.google.com/spreadsheets/d/1xZyKy-UzMmtPDLpV5jQdYum1LtbR8XKDuasLSjmBRMI/edit#gid=1241094406"",""COMBINED DATA!E3:L""),{7,8},0)))"),0.05995) -> 0.05995 | H56: =IFERROR(__xludf.DUMMYFUNCTION("""COMPUTED_VALUE"""),0.0) -> 0 | I56: =G56+H56 -> 0.05995 | J56: =IFERROR(F56/I56,"") -> 2802.3353
A57: =$B$53&C57 -> Reducer Tee1 1⁄4 x 1 1⁄4 x 1 | B57: 4 | C57: 1 1⁄4 x 1 1⁄4 x 1 | D57: 32x32x25 | E57: C243 | F57: 136 | G57: =IFERROR(__xludf.DUMMYFUNCTION("ArrayFormula(IFERROR(VLOOKUP(E57,IMPORTRANGE(""https://docs.google.com/spreadsheets/d/1xZyKy-UzMmtPDLpV5jQdYum1LtbR8XKDuasLSjmBRMI/edit#gid=1241094406"",""COMBINED DATA!E3:L""),{7,8},0)))"),0.0658) -> 0.0658 | H57: =IFERROR(__xludf.DUMMYFUNCTION("""COMPUTED_VALUE"""),0.0) -> 0 | I57: =G57+H57 -> 0.0658 | J57: =IFERROR(F57/I57,"") -> 2066.8693
A58: =$B$53&C58 -> Reducer Tee1 1⁄2 x 1 1⁄2 x 3⁄4 | B58: 5 | C58: 1 1⁄2 x 1 1⁄2 x 3⁄4 | D58: 40x40x20 | E58: C252 | F58: 228 | G58: =IFERROR(__xludf.DUMMYFUNCTION("ArrayFormula(IFERROR(VLOOKUP(E58,IMPORTRANGE(""https://docs.google.com/spreadsheets/d/1xZyKy-UzMmtPDLpV5jQdYum1LtbR8XKDuasLSjmBRMI/edit#gid=1241094406"",""COMBINED DATA!E3:L""),{7,8},0)))"),0.18225) -> 0.18225 | H58: =IFERROR(__xludf.DUMMYFUNCTION("""COMPUTED_VALUE"""),0.0) -> 0 | I58: =G58+H58 -> 0.18225 | J58: =IFERROR(F58/I58,"") -> 1251.0288
A59: =$B$53&C59 -> Reducer Tee1 1⁄2 x 1 1⁄2 x 1 | B59: 6 | C59: 1 1⁄2 x 1 1⁄2 x 1 | D59: 40x40x25 | E59: C253 | F59: 218 | G59: =IFERROR(__xludf.DUMMYFUNCTION("ArrayFormula(IFERROR(VLOOKUP(E59,IMPORTRANGE(""https://docs.google.com/spreadsheets/d/1xZyKy-UzMmtPDLpV5jQdYum1LtbR8XKDuasLSjmBRMI/edit#gid=1241094406"",""COMBINED DATA!E3:L""),{7,8},0)))"),0.095) -> 0.095 | H59: =IFERROR(__xludf.DUMMYFUNCTION("""COMPUTED_VALUE"""),0.0) -> 0 | I59: =G59+H59 -> 0.095 | J59: =IFERROR(F59/I59,"") -> 2294.7368
A60: =$B$53&C60 -> Reducer Tee1 1⁄2 x 1 1⁄2 x 1 1⁄4 | B60: 7 | C60: 1 1⁄2 x 1 1⁄2 x 1 1⁄4 | D60: 40x40x32 | E60: C254 | F60: 228 | G60: =IFERROR(__xludf.DUMMYFUNCTION("ArrayFormula(IFERROR(VLOOKUP(E60,IMPORTRANGE(""https://docs.google.com/spreadsheets/d/1xZyKy-UzMmtPDLpV5jQdYum1LtbR8XKDuasLSjmBRMI/edit#gid=1241094406"",""COMBINED DATA!E3:L""),{7,8},0)))"),0.1705) -> 0.1705 | H60: =IFERROR(__xludf.DUMMYFUNCTION("""COMPUTED_VALUE"""),0.0) -> 0 | I60: =G60+H60 -> 0.1705 | J60: =IFERROR(F60/I60,"") -> 1337.2434
A61: =$B$53&C61 -> Reducer Tee2 x 2 x 3⁄4 | B61: 8 | C61: 2 x 2 x 3⁄4 | D61: 50x50x20 | E61: C262 | F61: 396 | G61: =IFERROR(__xludf.DUMMYFUNCTION("ArrayFormula(IFERROR(VLOOKUP(E61,IMPORTRANGE(""https://docs.google.com/spreadsheets/d/1xZyKy-UzMmtPDLpV5jQdYum1LtbR8XKDuasLSjmBRMI/edit#gid=1241094406"",""COMBINED DATA!E3:L""),{7,8},0)))"),0.375) -> 0.375 | H61: =IFERROR(__xludf.DUMMYFUNCTION("""COMPUTED_VALUE"""),0.0) -> 0 | I61: =G61+H61 -> 0.375 | J61: =IFERROR(F61/I61,"") -> 1056
A62: =$B$53&C62 -> Reducer Tee2 x 2 x 1 | B62: 9 | C62: 2 x 2 x 1 | D62: 50x50x25 | E62: C263 | F62: 396 | G62: =IFERROR(__xludf.DUMMYFUNCTION("ArrayFormula(IFERROR(VLOOKUP(E62,IMPORTRANGE(""https://docs.google.com/spreadsheets/d/1xZyKy-UzMmtPDLpV5jQdYum1LtbR8XKDuasLSjmBRMI/edit#gid=1241094406"",""COMBINED DATA!E3:L""),{7,8},0)))"),0.377) -> 0.377 | H62: =IFERROR(__xludf.DUMMYFUNCTION("""COMPUTED_VALUE"""),0.0) -> 0 | I62: =G62+H62 -> 0.377 | J62: =IFERROR(F62/I62,"") -> 1050.3979
A63: =$B$53&C63 -> Reducer Tee2 x 2 x 1 1⁄4 | B63: 10 | C63: 2 x 2 x 1 1⁄4 | D63: 50x50x32 | E63: C264 | F63: 396 | G63: =IFERROR(__xludf.DUMMYFUNCTION("ArrayFormula(IFERROR(VLOOKUP(E63,IMPORTRANGE(""https://docs.google.com/spreadsheets/d/1xZyKy-UzMmtPDLpV5jQdYum1LtbR8XKDuasLSjmBRMI/edit#gid=1241094406"",""COMBINED DATA!E3:L""),{7,8},0)))"),0.476) -> 0.476 | H63: =IFERROR(__xludf.DUMMYFUNCTION("""COMPUTED_VALUE"""),0.0) -> 0 | I63: =G63+H63 -> 0.476 | J63: =IFERROR(F63/I63,"") -> 831.93277
A64: =$B$53&C64 -> Reducer Tee2 x 2 x 1 1⁄2 | B64: 11 | C64: 2 x 2 x 1 1⁄2 | D64: 50x50x40 | E64: C265 | F64: 396 | G64: =IFERROR(__xludf.DUMMYFUNCTION("ArrayFormula(IFERROR(VLOOKUP(E64,IMPORTRANGE(""https://docs.google.com/spreadsheets/d/1xZyKy-UzMmtPDLpV5jQdYum1LtbR8XKDuasLSjmBRMI/edit#gid=1241094406"",""COMBINED DATA!E3:L""),{7,8},0)))"),0.3655) -> 0.3655 | H64: =IFERROR(__xludf.DUMMYFUNCTION("""COMPUTED_VALUE"""),0.0) -> 0 | I64: =G64+H64 -> 0.3655 | J64: =IFERROR(F64/I64,"") -> 1083.4473
B65: TOTAL | F65: =sum(F54:F64) -> 2696 | H65: =IFERROR(__xludf.DUMMYFUNCTION("IFERROR(VLOOKUP(E65,IMPORTRANGE(""https://docs.google.com/spreadsheets/d/1xZyKy-UzMmtPDLpV5jQdYum1LtbR8XKDuasLSjmBRMI/edit#gid=1241094406"",""COMBINED DATA!E3:L""),8,0))"),"")
B67: Union | H67: =IFERROR(__xludf.DUMMYFUNCTION("IFERROR(VLOOKUP(E67,IMPORTRANGE(""https://docs.google.com/spreadsheets/d/1xZyKy-UzMmtPDLpV5jQdYum1LtbR8XKDuasLSjmBRMI/edit#gid=1241094406"",""COMBINED DATA!E3:L""),8,0))"),"")
B68: 1 | C68: 3⁄4 | D68: 20 | E68: C32 | F68: 94 | G68: =IFERROR(__xludf.DUMMYFUNCTION("ArrayFormula(IFERROR(VLOOKUP(E68,IMPORTRANGE(""https://docs.google.com/spreadsheets/d/1xZyKy-UzMmtPDLpV5jQdYum1LtbR8XKDuasLSjmBRMI/edit#gid=1241094406"",""COMBINED DATA!E3:L""),{7,8},0)))"),0.06494) -> 0.06494 | H68: =IFERROR(__xludf.DUMMYFUNCTION("""COMPUTED_VALUE"""),0.001) -> 0.001 | I68: =G68+H68 -> 0.06594 | J68: =IFERROR(F68/I68,"") -> 1425.5384
B69: 2 | C69: 1 | D69: 25 | E69: C33 | F69: 116 | G69: =IFERROR(__xludf.DUMMYFUNCTION("ArrayFormula(IFERROR(VLOOKUP(E69,IMPORTRANGE(""https://docs.google.com/spreadsheets/d/1xZyKy-UzMmtPDLpV5jQdYum1LtbR8XKDuasLSjmBRMI/edit#gid=1241094406"",""COMBINED DATA!E3:L""),{7,8},0)))"),0.095) -> 0.095 | H69: =IFERROR(__xludf.DUMMYFUNCTION("""COMPUTED_VALUE"""),0.00145) -> 0.00145 | I69: =G69+H69 -> 0.09645 | J69: =IFERROR(F69/I69,"") -> 1202.6957
B70: 3 | C70: 1 1⁄4 | D70: 32 | E70: C34 | F70: 188 | G70: =IFERROR(__xludf.DUMMYFUNCTION("ArrayFormula(IFERROR(VLOOKUP(E70,IMPORTRANGE(""https://docs.google.com/spreadsheets/d/1xZyKy-UzMmtPDLpV5jQdYum1LtbR8XKDuasLSjmBRMI/edit#gid=1241094406"",""COMBINED DATA!E3:L""),{7,8},0)))"),0.14395) -> 0.14395 | H70: =IFERROR(__xludf.DUMMYFUNCTION("""COMPUTED_VALUE"""),9.5E-4) -> 0.00095 | I70: =G70+H70 -> 0.1449 | J70: =IFERROR(F70/I70,"") -> 1297.4465
B71: 4 | C71: 1 1⁄2 | D71: 40 | E71: C35 | F71: 308 | G71: =IFERROR(__xludf.DUMMYFUNCTION("ArrayFormula(IFERROR(VLOOKUP(E71,IMPORTRANGE(""https://docs.google.com/spreadsheets/d/1xZyKy-UzMmtPDLpV5jQdYum1LtbR8XKDuasLSjmBRMI/edit#gid=1241094406"",""COMBINED DATA!E3:L""),{7,8},0)))"),0.16025) -> 0.16025 | H71: =IFERROR(__xludf.DUMMYFUNCTION("""COMPUTED_VALUE"""),0.0011) -> 0.0011 | I71: =G71+H71 -> 0.16135 | J71: =IFERROR(F71/I71,"") -> 1908.8937
B72: 5 | C72: 2 | D72: 50 | E72: C36 | F72: 548 | G72: =IFERROR(__xludf.DUMMYFUNCTION("ArrayFormula(IFERROR(VLOOKUP(E72,IMPORTRANGE(""https://docs.google.com/spreadsheets/d/1xZyKy-UzMmtPDLpV5jQdYum1LtbR8XKDuasLSjmBRMI/edit#gid=1241094406"",""COMBINED DATA!E3:L""),{7,8},0)))"),0.28455) -> 0.28455 | H72: =IFERROR(__xludf.DUMMYFUNCTION("""COMPUTED_VALUE"""),0.0025) -> 0.0025 | I72: =G72+H72 -> 0.28705 | J72: =IFERROR(F72/I72,"") -> 1909.0751
B73: 6 | C73: 2 1⁄2 | D73: 65 | E73: C37 | F73: 1184 | G73: =IFERROR(__xludf.DUMMYFUNCTION("ArrayFormula(IFERROR(VLOOKUP(E73,IMPORTRANGE(""https://docs.google.com/spreadsheets/d/1xZyKy-UzMmtPDLpV5jQdYum1LtbR8XKDuasLSjmBRMI/edit#gid=1241094406"",""COMBINED DATA!E3:L""),{7,8},0)))"),0.919) -> 0.919 | H73: =IFERROR(__xludf.DUMMYFUNCTION("""COMPUTED_VALUE"""),0.0) -> 0 | I73: =G73+H73 -> 0.919 | J73: =IFERROR(F73/I73,"") -> 1288.3569
B74: 7 | C74: 3 | D74: 80 | E74: C38 | F74: 1780 | G74: =IFERROR(__xludf.DUMMYFUNCTION("ArrayFormula(IFERROR(VLOOKUP(E74,IMPORTRANGE(""https://docs.google.com/spreadsheets/d/1xZyKy-UzMmtPDLpV5jQdYum1LtbR8XKDuasLSjmBRMI/edit#gid=1241094406"",""COMBINED DATA!E3:L""),{7,8},0)))"),0.0) -> 0 | H74: =IFERROR(__xludf.DUMMYFUNCTION("""COMPUTED_VALUE"""),0.0) -> 0 | I74: =G74+H74 -> 0 | J74: =IFERROR(F74/I74,"")
B75: 8 | C75: 4 | D75: 100 | E75: C39 | F75: 2990 | G75: =IFERROR(__xludf.DUMMYFUNCTION("ArrayFormula(IFERROR(VLOOKUP(E75,IMPORTRANGE(""https://docs.google.com/spreadsheets/d/1xZyKy-UzMmtPDLpV5jQdYum1LtbR8XKDuasLSjmBRMI/edit#gid=1241094406"",""COMBINED DATA!E3:L""),{7,8},0)))"),2.389) -> 2.389 | H75: =IFERROR(__xludf.DUMMYFUNCTION("""COMPUTED_VALUE"""),0.009) -> 0.009 | I75: =G75+H75 -> 2.398 | J75: =IFERROR(F75/I75,"") -> 1246.8724
H76: =IFERROR(__xludf.DUMMYFUNCTION("IFERROR(VLOOKUP(E76,IMPORTRANGE(""https://docs.google.com/spreadsheets/d/1xZyKy-UzMmtPDLpV5jQdYum1LtbR8XKDuasLSjmBRMI/edit#gid=1241094406"",""COMBINED DATA!E3:L""),8,0))"),"")
B77: Coupling | H77: =IFERROR(__xludf.DUMMYFUNCTION("IFERROR(VLOOKUP(E77,IMPORTRANGE(""https://docs.google.com/spreadsheets/d/1xZyKy-UzMmtPDLpV5jQdYum1LtbR8XKDuasLSjmBRMI/edit#gid=1241094406"",""COMBINED DATA!E3:L""),8,0))"),"")
A78: =$B$77&C78 -> Coupling1⁄2 | B78: 1 | C78: 1⁄2 | D78: 15 | E78: C41 | F78: 14.8 | G78: =IFERROR(__xludf.DUMMYFUNCTION("ArrayFormula(IFERROR(VLOOKUP(E78,IMPORTRANGE(""https://docs.google.com/spreadsheets/d/1xZyKy-UzMmtPDLpV5jQdYum1LtbR8XKDuasLSjmBRMI/edit#gid=1241094406"",""COMBINED DATA!E3:L""),{7,8},0)))"),0.00725) -> 0.00725 | H78: =IFERROR(__xludf.DUMMYFUNCTION("""COMPUTED_VALUE"""),0.0) -> 0 | I78: =G78+H78 -> 0.00725 | J78: =IFERROR(F78/I78,"") -> 2041.3793
A79: =$B$77&C79 -> Coupling3⁄4 | B79: 2 | C79: 3⁄4 | D79: 20 | E79: C42 | F79: 17.4 | G79: =IFERROR(__xludf.DUMMYFUNCTION("ArrayFormula(IFERROR(VLOOKUP(E79,IMPORTRANGE(""https://docs.google.com/spreadsheets/d/1xZyKy-UzMmtPDLpV5jQdYum1LtbR8XKDuasLSjmBRMI/edit#gid=1241094406"",""COMBINED DATA!E3:L""),{7,8},0)))"),0.0135) -> 0.0135 | H79: =IFERROR(__xludf.DUMMYFUNCTION("""COMPUTED_VALUE"""),0.0) -> 0 | I79: =G79+H79 -> 0.0135 | J79: =IFERROR(F79/I79,"") -> 1288.8889
A80: =$B$77&C80 -> Coupling1 | B80: 3 | C80: 1 | D80: 25 | E80: C43 | F80: 28.4 | G80: =IFERROR(__xludf.DUMMYFUNCTION("ArrayFormula(IFERROR(VLOOKUP(E80,IMPORTRANGE(""https://docs.google.com/spreadsheets/d/1xZyKy-UzMmtPDLpV5jQdYum1LtbR8XKDuasLSjmBRMI/edit#gid=1241094406"",""COMBINED DATA!E3:L""),{7,8},0)))"),0.020399999999999998) -> 0.0204 | H80: =IFERROR(__xludf.DUMMYFUNCTION("""COMPUTED_VALUE"""),0.0) -> 0 | I80: =G80+H80 -> 0.0204 | J80: =IFERROR(F80/I80,"") -> 1392.1569
A81: =$B$77&C81 -> Coupling1 1⁄4 | B81: 4 | C81: 1 1⁄4 | D81: 32 | E81: C44 | F81: 56.6 | G81: =IFERROR(__xludf.DUMMYFUNCTION("ArrayFormula(IFERROR(VLOOKUP(E81,IMPORTRANGE(""https://docs.google.com/spreadsheets/d/1xZyKy-UzMmtPDLpV5jQdYum1LtbR8XKDuasLSjmBRMI/edit#gid=1241094406"",""COMBINED DATA!E3:L""),{7,8},0)))"),0.0364) -> 0.0364 | H81: =IFERROR(__xludf.DUMMYFUNCTION("""COMPUTED_VALUE"""),0.0) -> 0 | I81: =G81+H81 -> 0.0364 | J81: =IFERROR(F81/I81,"") -> 1554.9451
A82: =$B$77&C82 -> Coupling1 1⁄2 | B82: 5 | C82: 1 1⁄2 | D82: 40 | E82: C45 | F82: 99.8 | G82: =IFERROR(__xludf.DUMMYFUNCTION("ArrayFormula(IFERROR(VLOOKUP(E82,IMPORTRANGE(""https://docs.google.com/spreadsheets/d/1xZyKy-UzMmtPDLpV5jQdYum1LtbR8XKDuasLSjmBRMI/edit#gid=1241094406"",""COMBINED DATA!E3:L""),{7,8},0)))"),0.060899999999999996) -> 0.0609 | H82: =IFERROR(__xludf.DUMMYFUNCTION("""COMPUTED_VALUE"""),0.0) -> 0 | I82: =G82+H82 -> 0.0609 | J82: =IFERROR(F82/I82,"") -> 1638.7521
A83: =$B$77&C83 -> Coupling2 | B83: 6 | C83: 2 | D83: 50 | E83: C46 | F83: 218 | G83: =IFERROR(__xludf.DUMMYFUNCTION("ArrayFormula(IFERROR(VLOOKUP(E83,IMPORTRANGE(""https://docs.google.com/spreadsheets/d/1xZyKy-UzMmtPDLpV5jQdYum1LtbR8XKDuasLSjmBRMI/edit#gid=1241094406"",""COMBINED DATA!E3:L""),{7,8},0)))"),0.133) -> 0.133 | H83: =IFERROR(__xludf.DUMMYFUNCTION("""COMPUTED_VALUE"""),0.0) -> 0 | I83: =G83+H83 -> 0.133 | J83: =IFERROR(F83/I83,"") -> 1639.0977
B84: TOTAL | F84: =SUM(F78:F83) -> 435 | H84: =IFERROR(__xludf.DUMMYFUNCTION("IFERROR(VLOOKUP(E84,IMPORTRANGE(""https://docs.google.com/spreadsheets/d/1xZyKy-UzMmtPDLpV5jQdYum1LtbR8XKDuasLSjmBRMI/edit#gid=1241094406"",""COMBINED DATA!E3:L""),8,0))"),"")
H85: =IFERROR(__xludf.DUMMYFUNCTION("IFERROR(VLOOKUP(E85,IMPORTRANGE(""https://docs.google.com/spreadsheets/d/1xZyKy-UzMmtPDLpV5jQdYum1LtbR8XKDuasLSjmBRMI/edit#gid=1241094406"",""COMBINED DATA!E3:L""),8,0))"),"")
B86: Coupling (Sch-80) | H86: =IFERROR(__xludf.DUMMYFUNCTION("IFERROR(VLOOKUP(E86,IMPORTRANGE(""https://docs.google.com/spreadsheets/d/1xZyKy-UzMmtPDLpV5jQdYum1LtbR8XKDuasLSjmBRMI/edit#gid=1241094406"",""COMBINED DATA!E3:L""),8,0))"),"")
A87: =$B$86&C87 -> Coupling (Sch-80)2 1⁄2 | B87: 1 | C87: 2 1⁄2 | D87: 65 | E87: C47 | F87: 618 | G87: =IFERROR(__xludf.DUMMYFUNCTION("ArrayFormula(IFERROR(VLOOKUP(E87,IMPORTRANGE(""https://docs.google.com/spreadsheets/d/1xZyKy-UzMmtPDLpV5jQdYum1LtbR8XKDuasLSjmBRMI/edit#gid=1241094406"",""COMBINED DATA!E3:L""),{7,8},0)))"),0.30789999999999995) -> 0.3079 | H87: =IFERROR(__xludf.DUMMYFUNCTION("""COMPUTED_VALUE"""),0.0) -> 0 | I87: =G87+H87 -> 0.3079 | J87: =IFERROR(F87/I87,"") -> 2007.1452
A88: =$B$86&C88 -> Coupling (Sch-80)3 | B88: 2 | C88: 3 | D88: 80 | E88: C48 | F88: 892 | G88: =IFERROR(__xludf.DUMMYFUNCTION("ArrayFormula(IFERROR(VLOOKUP(E88,IMPORTRANGE(""https://docs.google.com/spreadsheets/d/1xZyKy-UzMmtPDLpV5jQdYum1LtbR8XKDuasLSjmBRMI/edit#gid=1241094406"",""COMBINED DATA!E3:L""),{7,8},0)))"),0.4385) -> 0.4385 | H88: =IFERROR(__xludf.DUMMYFUNCTION("""COMPUTED_VALUE"""),0.0) -> 0 | I88: =G88+H88 -> 0.4385 | J88: =IFERROR(F88/I88,"") -> 2034.2075
A89: =$B$86&C89 -> Coupling (Sch-80)4 | B89: 3 | C89: 4 | D89: 100 | E89: C49 | F89: 1348 | G89: =IFERROR(__xludf.DUMMYFUNCTION("ArrayFormula(IFERROR(VLOOKUP(E89,IMPORTRANGE(""https://docs.google.com/spreadsheets/d/1xZyKy-UzMmtPDLpV5jQdYum1LtbR8XKDuasLSjmBRMI/edit#gid=1241094406"",""COMBINED DATA!E3:L""),{7,8},0)))"),0.6595) -> 0.6595 | H89: =IFERROR(__xludf.DUMMYFUNCTION("""COMPUTED_VALUE"""),0.0) -> 0 | I89: =G89+H89 -> 0.6595 | J89: =IFERROR(F89/I89,"") -> 2043.9727
B90: TOTAL | F90: =SUM(F87:F89) -> 2858 | H90: =IFERROR(__xludf.DUMMYFUNCTION("IFERROR(VLOOKUP(E90,IMPORTRANGE(""https://docs.google.com/spreadsheets/d/1xZyKy-UzMmtPDLpV5jQdYum1LtbR8XKDuasLSjmBRMI/edit#gid=1241094406"",""COMBINED DATA!E3:L""),8,0))"),"")
H91: =IFERROR(__xludf.DUMMYFUNCTION("IFERROR(VLOOKUP(E91,IMPORTRANGE(""https://docs.google.com/spreadsheets/d/1xZyKy-UzMmtPDLpV5jQdYum1LtbR8XKDuasLSjmBRMI/edit#gid=1241094406"",""COMBINED DATA!E3:L""),8,0))"),"")
B92: Coupling (Sch-40) | H92: =IFERROR(__xludf.DUMMYFUNCTION("IFERROR(VLOOKUP(E92,IMPORTRANGE(""https://docs.google.com/spreadsheets/d/1xZyKy-UzMmtPDLpV5jQdYum1LtbR8XKDuasLSjmBRMI/edit#gid=1241094406"",""COMBINED DATA!E3:L""),8,0))"),"")
A93: =$B$92&C93 -> Coupling (Sch-40)6 | B93: 1 | C93: 6 | D93: 150 | E93: C49N | F93: 2170 | G93: =IFERROR(__xludf.DUMMYFUNCTION("ArrayFormula(IFERROR(VLOOKUP(E93,IMPORTRANGE(""https://docs.google.com/spreadsheets/d/1xZyKy-UzMmtPDLpV5jQdYum1LtbR8XKDuasLSjmBRMI/edit#gid=1241094406"",""COMBINED DATA!E3:L""),{7,8},0)))"),0.964) -> 0.964 | H93: =IFERROR(__xludf.DUMMYFUNCTION("""COMPUTED_VALUE"""),0.0) -> 0 | I93: =G93+H93 -> 0.964 | J93: =IFERROR(F93/I93,"") -> 2251.0373
H94: =IFERROR(__xludf.DUMMYFUNCTION("IFERROR(VLOOKUP(E94,IMPORTRANGE(""https://docs.google.com/spreadsheets/d/1xZyKy-UzMmtPDLpV5jQdYum1LtbR8XKDuasLSjmBRMI/edit#gid=1241094406"",""COMBINED DATA!E3:L""),8,0))"),"")
B95: Reducer Coupling | H95: =IFERROR(__xludf.DUMMYFUNCTION("IFERROR(VLOOKUP(E95,IMPORTRANGE(""https://docs.google.com/spreadsheets/d/1xZyKy-UzMmtPDLpV5jQdYum1LtbR8XKDuasLSjmBRMI/edit#gid=1241094406"",""COMBINED DATA!E3:L""),8,0))"),"")
A96: =$B$95&C96 -> Reducer Coupling3⁄4 x 1⁄2 | B96: 1 | C96: 3⁄4 x 1⁄2 | D96: 20x15 | E96: C921 | F96: 22 | G96: =IFERROR(__xludf.DUMMYFUNCTION("ArrayFormula(IFERROR(VLOOKUP(E96,IMPORTRANGE(""https://docs.google.com/spreadsheets/d/1xZyKy-UzMmtPDLpV5jQdYum1LtbR8XKDuasLSjmBRMI/edit#gid=1241094406"",""COMBINED DATA!E3:L""),{7,8},0)))"),0.01) -> 0.01 | H96: =IFERROR(__xludf.DUMMYFUNCTION("""COMPUTED_VALUE"""),0.0) -> 0 | I96: =G96+H96 -> 0.01 | J96: =IFERROR(F96/I96,"") -> 2200
A97: =$B$95&C97 -> Reducer Coupling1 x 3⁄4 | B97: 2 | C97: 1 x 3⁄4 | D97: 25x20 | E97: C932 | F97: 39 | G97: =IFERROR(__xludf.DUMMYFUNCTION("ArrayFormula(IFERROR(VLOOKUP(E97,IMPORTRANGE(""https://docs.google.com/spreadsheets/d/1xZyKy-UzMmtPDLpV5jQdYum1LtbR8XKDuasLSjmBRMI/edit#gid=1241094406"",""COMBINED DATA!E3:L""),{7,8},0)))"),0.0195) -> 0.0195 | H97: =IFERROR(__xludf.DUMMYFUNCTION("""COMPUTED_VALUE"""),0.0) -> 0 | I97: =G97+H97 -> 0.0195 | J97: =IFERROR(F97/I97,"") -> 2000
A98: =$B$95&C98 -> Reducer Coupling1 1⁄4 x 3⁄4 | B98: 3 | C98: 1 1⁄4 x 3⁄4 | D98: 32x20 | E98: C942 | F98: 79 | G98: =IFERROR(__xludf.DUMMYFUNCTION("ArrayFormula(IFERROR(VLOOKUP(E98,IMPORTRANGE(""https://docs.google.com/spreadsheets/d/1xZyKy-UzMmtPDLpV5jQdYum1LtbR8XKDuasLSjmBRMI/edit#gid=1241094406"",""COMBINED DATA!E3:L""),{7,8},0)))"),0.032299999999999995) -> 0.0323 | H98: =IFERROR(__xludf.DUMMYFUNCTION("""COMPUTED_VALUE"""),0.0) -> 0 | I98: =G98+H98 -> 0.0323 | J98: =IFERROR(F98/I98,"") -> 2445.8204
A99: =$B$95&C99 -> Reducer Coupling1 1⁄4 x 1 | B99: 4 | C99: 1 1⁄4 x 1 | D99: 32x25 | E99: C943 | F99: 81.8 | G99: =IFERROR(__xludf.DUMMYFUNCTION("ArrayFormula(IFERROR(VLOOKUP(E99,IMPORTRANGE(""https://docs.google.com/spreadsheets/d/1xZyKy-UzMmtPDLpV5jQdYum1LtbR8XKDuasLSjmBRMI/edit#gid=1241094406"",""COMBINED DATA!E3:L""),{7,8},0)))"),0.032) -> 0.032 | H99: =IFERROR(__xludf.DUMMYFUNCTION("""COMPUTED_VALUE"""),0.0) -> 0 | I99: =G99+H99 -> 0.032 | J99: =IFERROR(F99/I99,"") -> 2556.25
A100: =$B$95&C100 -> Reducer Coupling1 1⁄2 x 3⁄4 | B100: 5 | C100: 1 1⁄2 x 3⁄4 | D100: 40x20 | E100: C952 | F100: 116 | G100: =IFERROR(__xludf.DUMMYFUNCTION("ArrayFormula(IFERROR(VLOOKUP(E100,IMPORTRANGE(""https://docs.google.com/spreadsheets/d/1xZyKy-UzMmtPDLpV5jQdYum1LtbR8XKDuasLSjmBRMI/edit#gid=1241094406"",""COMBINED DATA!E3:L""),{7,8},0)))"),0.0) -> 0 | H100: =IFERROR(__xludf.DUMMYFUNCTION("""COMPUTED_VALUE"""),0.0) -> 0 | I100: =G100+H100 -> 0 | J100: =IFERROR(F100/I100,"")
A101: =$B$95&C101 -> Reducer Coupling1 1⁄2 x 1 | B101: 6 | C101: 1 1⁄2 x 1 | D101: 40x25 | E101: C953 | F101: 119 | G101: =IFERROR(__xludf.DUMMYFUNCTION("ArrayFormula(IFERROR(VLOOKUP(E101,IMPORTRANGE(""https://docs.google.com/spreadsheets/d/1xZyKy-UzMmtPDLpV5jQdYum1LtbR8XKDuasLSjmBRMI/edit#gid=1241094406"",""COMBINED DATA!E3:L""),{7,8},0)))"),0.0515) -> 0.0515 | H101: =IFERROR(__xludf.DUMMYFUNCTION("""COMPUTED_VALUE"""),0.0) -> 0 | I101: =G101+H101 -> 0.0515 | J101: =IFERROR(F101/I101,"") -> 2310.6796
A102: =$B$95&C102 -> Reducer Coupling1 1⁄2 x 1 1⁄4 | B102: 7 | C102: 1 1⁄2 x 1 1⁄4 | D102: 40x32 | E102: C954 | F102: 114 | G102: =IFERROR(__xludf.DUMMYFUNCTION("ArrayFormula(IFERROR(VLOOKUP(E102,IMPORTRANGE(""https://docs.google.com/spreadsheets/d/1xZyKy-UzMmtPDLpV5jQdYum1LtbR8XKDuasLSjmBRMI/edit#gid=1241094406"",""COMBINED DATA!E3:L""),{7,8},0)))"),0.058) -> 0.058 | H102: =IFERROR(__xludf.DUMMYFUNCTION("""COMPUTED_VALUE"""),0.0) -> 0 | I102: =G102+H102 -> 0.058 | J102: =IFERROR(F102/I102,"") -> 1965.5172
...

Sheet UPVC PIPE
B2: S.NO. | C2: ITEM CODE | D2: Size (mm) | E2: Size (in) | F2: =' CPVC PIPE'!F2 -> MRP as on 1st May, 2024 | G2: WEIGHT | H2: KG COST | I2: NEW MRP
B4: Pipe SCH 80 (3 MTR)
B5: 1 | C5: PU-1 | D5: 15 | E5: 1⁄2 | F5: 276 | G5: 0.997 | H5: =IFERROR(F5/G5,"") -> 276.83049 | I5: 276
B6: 2 | C6: PU-2 | D6: 20 | E6: 3⁄4 | F6: 363 | G6: 1.349 | H6: =IFERROR(F6/G6,"") -> 269.08821 | I6: 363
B7: 3 | C7: PU-3 | D7: 25 | E7: 1 | F7: 531 | G7: 1.981 | H7: =IFERROR(F7/G7,"") -> 268.04644 | I7: 531
B8: 4 | C8: PU-4 | D8: 32 | E8: 1 1⁄4 | F8: 732 | G8: 2.736 | H8: =IFERROR(F8/G8,"") -> 267.54386 | I8: 732
B9: 5 | C9: PU-5 | D9: 40 | E9: 1 1⁄2 | F9: 894 | G9: 3.32 | H9: =IFERROR(F9/G9,"") -> 269.27711 | I9: 894
B10: 6 | C10: PU-6 | D10: 50 | E10: 2 | F10: 1234 | G10: 4.592 | H10: =IFERROR(F10/G10,"") -> 268.72822 | I10: 1234
B11: 7 | C11: PU-7 | D11: 65 | E11: 2 1⁄2 | F11: 1965 | G11: 7.002 | H11: =IFERROR(F11/G11,"") -> 280.6341 | I11: 1965
B12: 8 | C12: PU-8 | D12: 80 | E12: 3 | F12: 2610 | G12: 9.3 | H12: =IFERROR(F12/G12,"") -> 280.64516 | I12: 2610
B13: 9 | C13: PU-9 | D13: 100 | E13: 4 | F13: 3810 | G13: 13.5 | H13: =IFERROR(F13/G13,"") -> 282.22222 | I13: 3810
B14: 10 | C14: PU-10 | D14: 150 | E14: 6 | F14: 7242 | G14: 25.5 | H14: =IFERROR(F14/G14,"") -> 284 | I14: 7242
B15: TOTAL | F15: =SUM(F5:F14) -> 19657 | I15: =SUM(I5:I14) -> 19657
B17: Pipe SCH 80 (6 MTR)
B18: 1 | C18: PU-1S | D18: 15 | E18: 1⁄2 | F18: 552 | G18: =(G5/3)*6 -> 1.994 | I18: 552
B19: 2 | C19: PU-2S | D19: 20 | E19: 3⁄4 | F19: 726 | G19: =(G6/3)*6 -> 2.698 | I19: 726
B20: 3 | C20: PU-3S | D20: 25 | E20: 1 | F20: 1062 | G20: =(G7/3)*6 -> 3.962 | I20: 1062
B21: 4 | C21: PU-4S | D21: 32 | E21: 1 1⁄4 | F21: 1464 | G21: =(G8/3)*6 -> 5.472 | I21: 1464
B22: 5 | C22: PU-5S | D22: 40 | E22: 1 1⁄2 | F22: 1788 | G22: =(G9/3)*6 -> 6.64 | I22: 1788
B23: 6 | C23: PU-6S | D23: 50 | E23: 2 | F23: 2468 | G23: =(G10/3)*6 -> 9.184 | I23: 2468
B24: 7 | C24: PU-7S | D24: 65 | E24: 2 1⁄2 | F24: 3930 | G24: =(G11/3)*6 -> 14.004 | I24: 3930
B25: 8 | C25: PU-8S | D25: 80 | E25: 3 | F25: 5220 | G25: =(G12/3)*6 -> 18.6 | I25: 5220
B26: 9 | C26: PU-9S | D26: 100 | E26: 4 | F26: 7620 | G26: =(G13/3)*6 -> 27 | I26: 7620
B27: 10 | C27: PU-10S | D27: 150 | E27: 6 | F27: 14484 | G27: =(G14/3)*6 -> 51 | I27: 14484
B28: TOTAL | F28: =SUM(F18:F27) -> 39314 | I28: =SUM(I18:I27) -> 39314
B30: Pipe SCH 80 (Threaded End) (3 MTR)
B31: 1 | C31: PU-1 T | D31: 15 | E31: 1⁄2 | F31: 282 | G31: 0.983 | H31: =IFERROR(F31/G31,"") -> 286.87691 | I31: 282
B32: 2 | C32: PU-2 T | D32: 20 | E32: 3⁄4 | F32: 372 | G32: 1.331 | H32: =IFERROR(F32/G32,"") -> 279.48911 | I32: 372
B33: 3 | C33: PU-3 T | D33: 25 | E33: 1 | F33: 543 | G33: 1.956 | H33: =IFERROR(F33/G33,"") -> 277.60736 | I33: 543
B34: 4 | C34: PU-4 T | D34: 32 | E34: 1 1⁄4 | F34: 744 | G34: 2.7 | H34: =IFERROR(F34/G34,"") -> 275.55556 | I34: 744
B35: 5 | C35: PU-5 T | D35: 40 | E35: 1 1⁄2 | F35: 906 | G35: 3.275 | H35: =IFERROR(F35/G35,"") -> 276.64122 | I35: 906
B36: 6 | C36: PU-6 T | D36: 50 | E36: 2 | F36: 1250 | G36: 4.531 | H36: =IFERROR(F36/G36,"") -> 275.87729 | I36: 1250
B37: TOTAL | F37: =SUM(F31:F36) -> 4097 | I37: =SUM(I31:I36) -> 4097
B39: Pipe SCH 40 (3 MTR)
B40: 11 | C40: PU-11 | D40: 15 | E40: 1⁄2 | F40: 207 | G40: 0.776 | H40: =IFERROR(F40/G40,"") -> 266.75258 | I40: 207
B41: 12 | C41: PU-12 | D41: 20 | E41: 3⁄4 | F41: 279 | G41: 1.029 | H41: =IFERROR(F41/G41,"") -> 271.13703 | I41: 279
B42: 13 | C42: PU-13 | D42: 25 | E42: 1 | F42: 397 | G42: 1.519 | H42: =IFERROR(F42/G42,"") -> 261.35616 | I42: 397
B43: 14 | C43: PU-14 | D43: 32 | E43: 1 1⁄4 | F43: 549 | G43: 2.053 | H43: =IFERROR(F43/G43,"") -> 267.41354 | I43: 549
B44: 15 | C44: PU-15 | D44: 40 | E44: 1 1⁄2 | F44: 661 | G44: 2.449 | H44: =IFERROR(F44/G44,"") -> 269.90608 | I44: 661
B45: 16 | C45: PU-16 | D45: 50 | E45: 2 | F45: 877 | G45: 3.285 | H45: =IFERROR(F45/G45,"") -> 266.97108 | I45: 877
B46: 17 | C46: PU-17 | D46: 65 | E46: 2 1⁄2 | F46: 1461 | G46: 5.2 | H46: =IFERROR(F46/G46,"") -> 280.96154 | I46: 1461
B47: 18 | C47: PU-18 | D47: 80 | E47: 3 | F47: 1917 | G47: 6.8 | H47: =IFERROR(F47/G47,"") -> 281.91176 | I47: 1917
B48: 19 | C48: PU-19 | D48: 100 | E48: 4 | F48: 2727 | G48: 9.7 | H48: =IFERROR(F48/G48,"") -> 281.13402 | I48: 2727
B49: 20 | C49: PU-20 | D49: 150 | E49: 6 | F49: 4791 | G49: 17.1 | H49: =IFERROR(F49/G49,"") -> 280.17544 | I49: 4791
B50: TOTAL | F50: =SUM(F40:F49) -> 13866 | I50: =SUM(I40:I49) -> 13866
B52: Pipe SCH 40 (6 MTR)
B53: 11 | C53: PU-11S | D53: 15 | E53: 1⁄2 | F53: 414 | G53: =(G40/3)*6 -> 1.552 | I53: 414
B54: 12 | C54: PU-12S | D54: 20 | E54: 3⁄4 | F54: 558 | G54: =(G41/3)*6 -> 2.058 | I54: 558
B55: 13 | C55: PU-13S | D55: 25 | E55: 1 | F55: 794 | G55: =(G42/3)*6 -> 3.038 | I55: 794
B56: 14 | C56: PU-14S | D56: 32 | E56: 1 1⁄4 | F56: 1098 | G56: =(G43/3)*6 -> 4.106 | I56: 1098
B57: 15 | C57: PU-15S | D57: 40 | E57: 1 1⁄2 | F57: 1322 | G57: =(G44/3)*6 -> 4.898 | I57: 1322
B58: 16 | C58: PU-16S | D58: 50 | E58: 2 | F58: 1754 | G58: =(G45/3)*6 -> 6.57 | I58: 1754
B59: 17 | C59: PU-17S | D59: 65 | E59: 2 1⁄2 | F59: 2922 | G59: =(G46/3)*6 -> 10.4 | I59: 2922
B60: 18 | C60: PU-18S | D60: 80 | E60: 3 | F60: 3834 | G60: =(G47/3)*6 -> 13.6 | I60: 3834
B61: 19 | C61: PU-19S | D61: 100 | E61: 4 | F61: 5454 | G61: =(G48/3)*6 -> 19.4 | I61: 5454
B62: 20 | C62: PU-20S | D62: 150 | E62: 6 | F62: 9582 | G62: =(G49/3)*6 -> 34.2 | I62: 9582
B63: TOTAL | F63: =SUM(F53:F62) -> 27732 | I63: =SUM(I53:I62) -> 27732
B65: Pipe SCH 80 (Threaded End) (6 MTR)
B66: 1 | C66: PU-1 TS | D66: 15 | E66: 1⁄2 | F66: 564 | I66: 564
B67: 2 | C67: PU-2 TS | D67: 20 | E67: 3⁄4 | F67: 744 | I67: 744
B68: 3 | C68: PU-3 TS | D68: 25 | E68: 1 | F68: 1086 | I68: 1086
B69: 4 | C69: PU-4 TS | D69: 32 | E69: 1 1⁄4 | F69: 1488 | I69: 1488
B70: 5 | C70: PU-5 TS | D70: 40 | E70: 1 1⁄2 | F70: 1812 | I70: 1812
B71: 6 | C71: PU-6 TS | D71: 50 | E71: 2 | F71: 2500 | I71: 2500
B72: TOTAL | F72: =SUM(F66:F71) -> 8194 | I72: =SUM(I66:I71) -> 8194

Sheet U Fittings
G1: 0.05
B2: S.NO. | C2: Size (in) | D2: Size (mm) | E2: ITEM CODE | F2: =' CPVC PIPE'!F2 -> MRP as on 1st May, 2024 | G2: WEIGHT | H2: BRASS | I2: WEIGHT WITH BRASS | J2: KG COST | K2: G*100 | L2: H*725 | M2: K+L | N2: O/M | O2: NEW MRP | P2: CONCEALED COST
B4: Elbow 90⁰ (SCH-80)
A5: =$B$4&C5 -> Elbow 90⁰ (SCH-80)3⁄4 x 1⁄2 | B5: 1 | C5: 3⁄4 x 1⁄2 | D5: 20x15 | E5: U50 | F5: 19.9 | G5: =IFERROR(__xludf.DUMMYFUNCTION("ArrayFormula(IFERROR(VLOOKUP(E5,IMPORTRANGE(""https://docs.google.com/spreadsheets/d/1xZyKy-UzMmtPDLpV5jQdYum1LtbR8XKDuasLSjmBRMI/edit#gid=1241094406"",""COMBINED DATA!E3:L""),{7,8},0)))"),0.040299999999999996) -> 0.0403 | H5: =IFERROR(__xludf.DUMMYFUNCTION("""COMPUTED_VALUE"""),0.0) -> 0 | I5: =G5+H5 -> 0.0403 | J5: =IFERROR(F5/I5,"") -> 493.79653 | K5: =IFERROR(G5*100,) -> 4.03 | L5: =IFERROR(H5*725,) -> 0 | M5: =IFERROR(K5+L5,"") -> 4.03 | N5: =IFERROR(F5/M5,"") -> 4.9379653 | O5: 19.9
A6: =$B$4&C6 -> Elbow 90⁰ (SCH-80)1⁄2 | B6: 2 | C6: 1⁄2 | D6: 15 | E6: U51 | F6: 13.9 | G6: =IFERROR(__xludf.DUMMYFUNCTION("ArrayFormula(IFERROR(VLOOKUP(E6,IMPORTRANGE(""https://docs.google.com/spreadsheets/d/1xZyKy-UzMmtPDLpV5jQdYum1LtbR8XKDuasLSjmBRMI/edit#gid=1241094406"",""COMBINED DATA!E3:L""),{7,8},0)))"),0.0295) -> 0.0295 | H6: =IFERROR(__xludf.DUMMYFUNCTION("""COMPUTED_VALUE"""),0.0) -> 0 | I6: =G6+H6 -> 0.0295 | J6: =IFERROR(F6/I6,"") -> 471.18644 | K6: =IFERROR(G6*100,) -> 2.95 | L6: =IFERROR(H6*725,) -> 0 | M6: =IFERROR(K6+L6,"") -> 2.95 | N6: =IFERROR(F6/M6,"") -> 4.7118644 | O6: 13.9
A7: =$B$4&C7 -> Elbow 90⁰ (SCH-80)3⁄4 | B7: 3 | C7: 3⁄4 | D7: 20 | E7: U52 | F7: 19.6 | G7: =IFERROR(__xludf.DUMMYFUNCTION("ArrayFormula(IFERROR(VLOOKUP(E7,IMPORTRANGE(""https://docs.google.com/spreadsheets/d/1xZyKy-UzMmtPDLpV5jQdYum1LtbR8XKDuasLSjmBRMI/edit#gid=1241094406"",""COMBINED DATA!E3:L""),{7,8},0)))"),0.043) -> 0.043 | H7: =IFERROR(__xludf.DUMMYFUNCTION("""COMPUTED_VALUE"""),0.0) -> 0 | I7: =G7+H7 -> 0.043 | J7: =IFERROR(F7/I7,"") -> 455.81395 | K7: =IFERROR(G7*100,) -> 4.3 | L7: =IFERROR(H7*725,) -> 0 | M7: =IFERROR(K7+L7,"") -> 4.3 | N7: =IFERROR(F7/M7,"") -> 4.5581395 | O7: 19.6
