Workbook

Sheet Main
A1: Code | B1: Old Name | C1: CATALOGUE Name | D1: ERP NAME | E1: NO.
A2: 2 | B2: Pillar Cock | C2: Pillar Cock | D2: Pillar Cock | E2: =LEN(D2) -> 11
A3: 3 | B3: Pillar Cock Tall Hight with Flange | C3: Pillar Cock Tall Body | D3: Pillar Cock Tall Hight | E3: =LEN(D3) -> 22
A4: 3-S | C4: Pillar Cock Tall Body (Small) | D4: Pillar Cock Tall Body (Small) | E4: =LEN(D4) -> 29
A5: 4 | B5: Pillar Cock Extended Body with Flange | C5: Pillar Cock Extended Body | D5: Pillar Cock Extended Body | E5: =LEN(D5) -> 25
A6: 5 | B6: Bib Cock Nozzle | C6: Bib Cock Nozzle with Wall Flange | D6: Bib Cock Nozzle with Flange | E6: =LEN(D6) -> 27
A7: 6 | B7: Bib Cock with Flange | C7: Bib Cock with Wall Flange | D7: Bib Cock with Flange | E7: =LEN(D7) -> 20
A8: 7 | B8: Concealed Wall Mount Pillar Cock | C8: Concealed Wall Mount Pillar Cock
A9: CP-07 | B9: Concealed Pillar Cock Body 15mm | C9: Concealed Pillar Cock Body 15mm
A10: CP | B10: Exposed Parts (Wall Flange, Handle & Spout) | C10: Exposed Parts (Wall Flange, Handle & Spout)
A11: 8 | B11: Bib Cock Long Body with Flange | C11: Bib Cock Long Body with Wall Flange | D11: Bib Cock Long Body with Flange | E11: =LEN(D11) -> 30
A12: 9 | B12: Bib Cock Long Nose with Flange | C12: Bib Cock Long Nose with Wall Flange | D12: Bib Cock Long Nose with Flange | E12: =LEN(D12) -> 30
A13: 10 | B13: Angle Cock with Flange | C13: Angular Stop Cock with Wall Flange | D13: Angle Cock with Flange | E13: =LEN(D13) -> 22
A14: 11 | B14: 2-Way Angle Cock with Flange | C14: 2-Way Angular Stop Cock with Wall Flange | D14: 2-Way Angle Cock with Flange | E14: =LEN(D14) -> 28
A15: 12 | B15: 2-Way Bib Cock with Flange | C15: 2-Way Bib Cock Double Handle with Wall Flange | D15: 2-Way Bib Cock Double Handle with Flange | E15: =LEN(D15) -> 40
A16: 13 | B16: 2-Way Bib Cock with Flange | C16: 2-Way Bib Cock Single Handle with Wall Flange | D16: 2-Way Bib Cock Single Handle with Flange | E16: =LEN(D16) -> 40
A17: 14 | B17: Pillar Cock Swan Neck (T/M) | C17: Swan Neck Table Mounted | D17: Pillar Cock Swan Neck T/M | E17: =LEN(D17) -> 25
A18: 16 | B18: Bib Tap Sink Cock Regular Spout with Flange (W/M) | C18: Sink Cock Wall Mounted with Flange | D18: Bib Tap Sink Cock Regular Spout W/M | E18: =LEN(D18) -> 35
A19: 17 | C19: Sink Cock Wall Mounted with Flange | D19: Bib Tap Sink Cock Regular Spout W/M | E19: =LEN(D19) -> 35 | F19: Sink Cock Wall Mounted with Flange (9" Spout)
A20: 18 | B20: Concealed Stop Cock 15mm with Flange | C20: Concealed Stop Cock 15mm with Wall Flange | D20: Concealed Stop Cock 15mm with Flange | E20: =LEN(D20) -> 36
A21: 20 | B21: Concealed Stop Cock 20mm with Flange | C21: Concealed Stop Cock 20mm with Wall Flange | D21: Concealed Stop Cock 20mm with Flange | E21: =LEN(D21) -> 36
A22: 26 | B22: Stop Cock 15 mm ( M/T ) | C22: Stop Cock 15mm (Male Thread) | D22: Stop Cock 15 mm M/T | E22: =LEN(D22) -> 19
A23: 28 | B23: Stop Cock 15 mm ( F/T ) | C23: Stop Cock 15mm (Female Thread) | D23: Stop Cock 15 mm F/T | E23: =LEN(D23) -> 19
A24: 50 | B24: Center Hole Basin Mixer W/O Pop Up | C24: Center Hole Basin Mixer without Popup | D24: Center Hole Basin Mixer W/O Pop Up | E24: =LEN(D24) -> 34
A25: 51 | B25: Single Lever Basin Mixer W/O Pop Up Waste System | C25: Single Lever Basin Mixer without Popup Waste System | D25: Single Lever Basin Mixer | E25: =LEN(D25) -> 24
A26: 52 | B26: Single Lever Basin Mixer Tall Height W/O Pop Up Waste System | C26: Single Lever Basin Mixer Tall Body without Popup Waste System | D26: Single Lever Basin Mixer Tall Height | E26: =LEN(D26) -> 36
A27: 54 | B27: Single Lever Basin Mixer Wall Mount (Conc) | C27: Single Lever Basin Mixer Wall Mount (Concealed) | D27: Single Lever Basin Mixer W/M Concealed | E27: =LEN(D27) -> 38
A28: BD-40 | B28: Body | C28: Single Lever Basin Mixer Wall Mount (Body, Cartridge, Sleeve & Nipple) | D28: Single Lever Basin Mixer W/M Conc. Body | E28: =LEN(D28) -> 39
A29: BB | B29: Upper (Plate & Handle) | C29: Exposed Parts (Wall Flange, Handle & Spout) | D29: Single Lever Basin Mixer W/M Upper Part | E29: =LEN(D29) -> 39
A30: 55 | B30: Sink Mixer with Regular Spout (W/M) with Flange | C30: Sink Mixer with Regular Spout Wall Mounted with Flange | D30: Sink Mixer with Regular Spout W/M | E30: =LEN(D30) -> 33
A31: 56 | B31: Single Lever Sink Mixer (W/M) with Flange | C31: Single Lever Sink Mixer Wall Mounted with Flange | D31: Single Lever Sink Mixer W/M | E31: =LEN(D31) -> 27
... A58: 98 | B58: Flush Cock 25mm Half Turn with Adjustable Flange | C58: Flush Cock 25mm Half Turn with Adjustable Flange | D58: Flush Cock 25mm Half Turn | E58: =LEN(D58) -> 25

Sheet Index
A1: Close | C1: Govt. | E1: New | X1: https://docs.google.com/spreadsheets/d/1_ynjsozdftZ4Yd8GDs4xtHjt1TsCfRpRp0NPM0CZm7g/edit#gid=2060610875
A2: Emerald (61) | C2: Matrix (65) | E2: Aspire (52) | X2: https://docs.google.com/spreadsheets/d/1MV6sU7gzgZPpIMlUS0UG11FSX0BsQ4n6XulPCn1NXVA/edit#gid=99474532
A3: Mist (85) | C3: Marco (P68) | E3: Orbit (53)
A4: Opus (89) | C4: Salsa (78N) | E4: Aqua (54)
A5: Balagra (64) | C5: Aster (93N) | E5: Ocean (55)
A6: Quincy (67) | C6: Neptune (PIS) | E6: Polo (60)
A7: Inox (79) | C7: Nuster (PIS-H) | E7: Blaze (62)
A8: Casa (92) | C8: Garnet (75)
A9: Astro (63-N)
A10: Opal (82)
A11: Lotus (87-N)
A12: Calder (91)
A13: Octavia (99)
A14: Dawn (98)

Sheet MASTER
A1: RANGE | B1: ERP CODE | C1: ITEM CODE | D1: NAME | E1: MRP as on 01st May, 2026 | F1: New MRP as on 01st Aug, 2026 | G1: Diff. in %age | H1: 500 | K1: OLD COST | M1: NEW COST | X1: 240 | Y1: 500
A2: ALLIED | B2: CNS-15 | C2: CNS-15 | D2: Concealed Stop Cock Suitable For 15mm Pipe Line with 1/2" Spindle | E2: 940 | F2: 1020 | G2: =IFERROR((F2-E2)/E2,"") -> 0.085106383 | I2: =L2*M2 -> 1075.7513 | K2: =IFERROR(__xludf.DUMMYFUNCTION("IFERROR(VLOOKUP(C2,IMPORTRANGE(""https://docs.google.com/spreadsheets/d/1HZUHB8NvANAZR0sHDmHYVAm2WE9kNv0pGIQA48Ryim8/edit?gid=1285727875#gid=1285727875"",""Sheet1!A2:G""),7,0))"),263.89) -> 263.89 | L2: =IFERROR(E2/$K2,"") -> 3.5620903 | M2: =IFERROR(__xludf.DUMMYFUNCTION("IFERROR(VLOOKUP(C2,IMPORTRANGE(""https://docs.google.com/spreadsheets/d/1HZUHB8NvANAZR0sHDmHYVAm2WE9kNv0pGIQA48Ryim8/edit?gid=1285727875#gid=1285727875"",""Cost!A2:G""),7,0))"),302.0) -> 302 | N2: =IFERROR(F2/$M2,"") -> 3.3774834
A3: ALLIED | B3: CNS-20 | C3: CNS-20 | D3: Concealed Stop Cock Suitable For 20mm Pipe Line with 1/2" Spindle | E3: 980 | F3: 1060 | G3: =IFERROR((F3-E3)/E3,"") -> 0.081632653 | I3: =L3*M3 -> 1123.1887 | K3: =IFERROR(__xludf.DUMMYFUNCTION("IFERROR(VLOOKUP(C3,IMPORTRANGE(""https://docs.google.com/spreadsheets/d/1HZUHB8NvANAZR0sHDmHYVAm2WE9kNv0pGIQA48Ryim8/edit?gid=1285727875#gid=1285727875"",""Sheet1!A2:G""),7,0))"),273.97) -> 273.97 | L3: =IFERROR(E3/$K3,"") -> 3.577034 | M3: =IFERROR(__xludf.DUMMYFUNCTION("IFERROR(VLOOKUP(C3,IMPORTRANGE(""https://docs.google.com/spreadsheets/d/1HZUHB8NvANAZR0sHDmHYVAm2WE9kNv0pGIQA48Ryim8/edit?gid=1285727875#gid=1285727875"",""Cost!A2:G""),7,0))"),314.0) -> 314 | N3: =IFERROR(F3/$M3,"") -> 3.3757962
A4: ALLIED | B4: CSS-15 | C4: CSS-15 | D4: Concealed Stop Cock Suitable For 15mm Pipe Line with 3/4" Spindle | E4: 1140 | F4: 1280 | G4: =IFERROR((F4-E4)/E4,"") -> 0.12280702 | I4: =L4*M4 -> 1405.7881 | K4: =IFERROR(__xludf.DUMMYFUNCTION("IFERROR(VLOOKUP(C4,IMPORTRANGE(""https://docs.google.com/spreadsheets/d/1HZUHB8NvANAZR0sHDmHYVAm2WE9kNv0pGIQA48Ryim8/edit?gid=1285727875#gid=1285727875"",""Sheet1!A2:G""),7,0))"),338.97) -> 338.97 | L4: =IFERROR(E4/$K4,"") -> 3.3631295 | M4: =IFERROR(__xludf.DUMMYFUNCTION("IFERROR(VLOOKUP(C4,IMPORTRANGE(""https://docs.google.com/spreadsheets/d/1HZUHB8NvANAZR0sHDmHYVAm2WE9kNv0pGIQA48Ryim8/edit?gid=1285727875#gid=1285727875"",""Cost!A2:G""),7,0))"),418.0) -> 418 | N4: =IFERROR(F4/$M4,"") -> 3.062201
A5: ALLIED | B5: CSS-20 | C5: CSS-20 | D5: Concealed Stop Cock Suitable For 20mm Pipe Line with 3/4" Spindle | E5: 1190 | F5: 1330 | G5: =IFERROR((F5-E5)/E5,"") -> 0.11764706 | I5: =L5*M5 -> 1462.4121 | K5: =IFERROR(__xludf.DUMMYFUNCTION("IFERROR(VLOOKUP(C5,IMPORTRANGE(""https://docs.google.com/spreadsheets/d/1HZUHB8NvANAZR0sHDmHYVAm2WE9kNv0pGIQA48Ryim8/edit?gid=1285727875#gid=1285727875"",""Sheet1!A2:G""),7,0))"),353.97) -> 353.97 | L5: =IFERROR(E5/$K5,"") -> 3.3618668 | M5: =IFERROR(__xludf.DUMMYFUNCTION("IFERROR(VLOOKUP(C5,IMPORTRANGE(""https://docs.google.com/spreadsheets/d/1HZUHB8NvANAZR0sHDmHYVAm2WE9kNv0pGIQA48Ryim8/edit?gid=1285727875#gid=1285727875"",""Cost!A2:G""),7,0))"),435.0) -> 435 | N5: =IFERROR(F5/$M5,"") -> 3.0574713
A6: ALLIED | B6: CPS-15 | C6: CPS-15 | D6: Concealed Stop Cock Suitable For 15mm Pipe Line with 3/4" Spindle | E6: 1320 | F6: 1460 | G6: =IFERROR((F6-E6)/E6,"") -> 0.10606061 | I6: =L6*M6 -> 1522.1077 | K6: =IFERROR(__xludf.DUMMYFUNCTION("IFERROR(VLOOKUP(C6,IMPORTRANGE(""https://docs.google.com/spreadsheets/d/1HZUHB8NvANAZR0sHDmHYVAm2WE9kNv0pGIQA48Ryim8/edit?gid=1285727875#gid=1285727875"",""Sheet1!A2:G""),7,0))"),392.85) -> 392.85 | L6: =IFERROR(E6/$K6,"") -> 3.3600611 | M6: =IFERROR(__xludf.DUMMYFUNCTION("IFERROR(VLOOKUP(C6,IMPORTRANGE(""https://docs.google.com/spreadsheets/d/1HZUHB8NvANAZR0sHDmHYVAm2WE9kNv0pGIQA48Ryim8/edit?gid=1285727875#gid=1285727875"",""Cost!A2:G""),7,0))"),453.0) -> 453 | N6: =IFERROR(F6/$M6,"") -> 3.2229581
A7: ALLIED | B7: CPS-20 | C7: CPS-20 | D7: Concealed Stop Cock Suitable For 20mm Pipe Line with 3/4" Spindle | E7: 1380 | F7: 1520 | G7: =IFERROR((F7-E7)/E7,"") -> 0.10144928 | I7: =L7*M7 -> 1590.4602 | K7: =IFERROR(__xludf.DUMMYFUNCTION("IFERROR(VLOOKUP(C7,IMPORTRANGE(""https://docs.google.com/spreadsheets/d/1HZUHB8NvANAZR0sHDmHYVAm2WE9kNv0pGIQA48Ryim8/edit?gid=1285727875#gid=1285727875"",""Sheet1!A2:G""),7,0))"),387.85) -> 387.85 | L7: =IFERROR(E7/$K7,"") -> 3.5580766 | M7: =IFERROR(__xludf.DUMMYFUNCTION("IFERROR(VLOOKUP(C7,IMPORTRANGE(""https://docs.google.com/spreadsheets/d/1HZUHB8NvANAZR0sHDmHYVAm2WE9kNv0pGIQA48Ryim8/edit?gid=1285727875#gid=1285727875"",""Cost!A2:G""),7,0))"),447.0) -> 447 | N7: =IFERROR(F7/$M7,"") -> 3.4004474
A8: ALLIED | B8: CNS-52 | C8: CNS-52 | D8: Concealed Flange, Handle & Sleeve | E8: 340 | F8: 370 | G8: =IFERROR((F8-E8)/E8,"") -> 0.088235294 | I8: =L8*M8 -> 344.93291 | K8: =IFERROR(__xludf.DUMMYFUNCTION("IFERROR(VLOOKUP(C8,IMPORTRANGE(""https://docs.google.com/spreadsheets/d/1HZUHB8NvANAZR0sHDmHYVAm2WE9kNv0pGIQA48Ryim8/edit?gid=1285727875#gid=1285727875"",""Sheet1!A2:G""),7,0))"),91.67) -> 91.67 | L8: =IFERROR(E8/$K8,"") -> 3.708956 | M8: =IFERROR(__xludf.DUMMYFUNCTION("IFERROR(VLOOKUP(C8,IMPORTRANGE(""https://docs.google.com/spreadsheets/d/1HZUHB8NvANAZR0sHDmHYVAm2WE9kNv0pGIQA48Ryim8/edit?gid=1285727875#gid=1285727875"",""Cost!A2:G""),7,0))"),93.0) -> 93 | N8: =IFERROR(F8/$M8,"") -> 3.9784946
A9: ALLIED | B9: CNS-53 | C9: CNS-53 | D9: Concealed Flange, Handle & Sleeve | E9: 350 | F9: 390 | G9: =IFERROR((F9-E9)/E9,"") -> 0.11428571 | I9: =L9*M9 -> 356.20354 | K9: =IFERROR(__xludf.DUMMYFUNCTION("IFERROR(VLOOKUP(C9,IMPORTRANGE(""https://docs.google.com/spreadsheets/d/1HZUHB8NvANAZR0sHDmHYVAm2WE9kNv0pGIQA48Ryim8/edit?gid=1285727875#gid=1285727875"",""Sheet1!A2:G""),7,0))"),87.45) -> 87.45 | L9: =IFERROR(E9/$K9,"") -> 4.002287 | M9: =IFERROR(__xludf.DUMMYFUNCTION("IFERROR(VLOOKUP(C9,IMPORTRANGE(""https://docs.google.com/spreadsheets/d/1HZUHB8NvANAZR0sHDmHYVAm2WE9kNv0pGIQA48Ryim8/edit?gid=1285727875#gid=1285727875"",""Cost!A2:G""),7,0))"),89.0) -> 89 | N9: =IFERROR(F9/$M9,"") -> 4.3820225
A10: ALLIED | B10: CNS-54 | C10: CNS-54 | D10: Concealed Flange, Handle & Sleeve | E10: 390 | F10: 410 | G10: =IFERROR((F10-E10)/E10,"") -> 0.051282051 | I10: =L10*M10 -> 414.98018 | K10: =IFERROR(__xludf.DUMMYFUNCTION("IFERROR(VLOOKUP(C10,IMPORTRANGE(""https://docs.google.com/spreadsheets/d/1HZUHB8NvANAZR0sHDmHYVAm2WE9kNv0pGIQA48Ryim8/edit?gid=1285727875#gid=1285727875"",""Sheet1!A2:G""),7,0))"),95.86) -> 95.86 | L10: =IFERROR(E10/$K10,"") -> 4.0684331 | M10: =IFERROR(__xludf.DUMMYFUNCTION("IFERROR(VLOOKUP(C10,IMPORTRANGE(""https://docs.google.com/spreadsheets/d/1HZUHB8NvANAZR0sHDmHYVAm2WE9kNv0pGIQA48Ryim8/edit?gid=1285727875#gid=1285727875"",""Cost!A2:G""),7,0))"),102.0) -> 102 | N10: =IFERROR(F10/$M10,"") -> 4.0196078
A11: ALLIED | B11: CNS-55 | C11: CNS-55 | D11: Concealed Flange, Handle & Sleeve | E11: 410 | F11: 470 | G11: =IFERROR((F11-E11)/E11,"") -> 0.14634146 | I11: =L11*M11 -> 390.36001 | K11: =IFERROR(__xludf.DUMMYFUNCTION("IFERROR(VLOOKUP(C11,IMPORTRANGE(""https://docs.google.com/spreadsheets/d/1HZUHB8NvANAZR0sHDmHYVAm2WE9kNv0pGIQA48Ryim8/edit?gid=1285727875#gid=1285727875"",""Sheet1!A2:G""),7,0))"),100.83) -> 100.83 | L11: =IFERROR(E11/$K11,"") -> 4.0662501 | M11: =IFERROR(__xludf.DUMMYFUNCTION("IFERROR(VLOOKUP(C11,IMPORTRANGE(""https://docs.google.com/spreadsheets/d/1HZUHB8NvANAZR0sHDmHYVAm2WE9kNv0pGIQA48Ryim8/edit?gid=1285727875#gid=1285727875"",""Cost!A2:G""),7,0))"),96.0) -> 96 | N11: =IFERROR(F11/$M11,"") -> 4.8958333
A12: ALLIED | B12: CNS-60 | C12: CNS-60 | D12: Concealed Flange, Handle & Sleeve | E12: 370 | F12: 410 | G12: =IFERROR((F12-E12)/E12,"") -> 0.10810811 | I12: =L12*M12 -> 408.65672 | K12: =IFERROR(__xludf.DUMMYFUNCTION("IFERROR(VLOOKUP(C12,IMPORTRANGE(""https://docs.google.com/spreadsheets/d/1HZUHB8NvANAZR0sHDmHYVAm2WE9kNv0pGIQA48Ryim8/edit?gid=1285727875#gid=1285727875"",""Sheet1!A2:G""),7,0))"),100.5) -> 100.5 | L12: =IFERROR(E12/$K12,"") -> 3.681592 | M12: =IFERROR(__xludf.DUMMYFUNCTION("IFERROR(VLOOKUP(C12,IMPORTRANGE(""https://docs.google.com/spreadsheets/d/1HZUHB8NvANAZR0sHDmHYVAm2WE9kNv0pGIQA48Ryim8/edit?gid=1285727875#gid=1285727875"",""Cost!A2:G""),7,0))"),111.0) -> 111 | N12: =IFERROR(F12/$M12,"") -> 3.6936937
A13: ALLIED | B13: CNS-61 | C13: CNS-61 | D13: Concealed Flange, Handle & Sleeve | E13: 450 | F13: REMOVED | G13: =IFERROR((F13-E13)/E13,"") | I13: =L13*M13 -> 456.1974 | K13: =IFERROR(__xludf.DUMMYFUNCTION("IFERROR(VLOOKUP(C13,IMPORTRANGE(""https://docs.google.com/spreadsheets/d/1HZUHB8NvANAZR0sHDmHYVAm2WE9kNv0pGIQA48Ryim8/edit?gid=1285727875#gid=1285727875"",""Sheet1!A2:G""),7,0))"),104.56) -> 104.56 | L13: =IFERROR(E13/$K13,"") -> 4.303749 | M13: =IFERROR(__xludf.DUMMYFUNCTION("IFERROR(VLOOKUP(C13,IMPORTRANGE(""https://docs.google.com/spreadsheets/d/1HZUHB8NvANAZR0sHDmHYVAm2WE9kNv0pGIQA48Ryim8/edit?gid=1285727875#gid=1285727875"",""Cost!A2:G""),7,0))"),106.0) -> 106 | N13: =IFERROR(F13/$M13,"")
A14: ALLIED | B14: CNS-62 | C14: CNS-62 | D14: Concealed Flange, Handle & Sleeve | E14: 390 | F14: 430 | G14: =IFERROR((F14-E14)/E14,"") -> 0.1025641 | I14: =L14*M14 -> 355.98377 | K14: =IFERROR(__xludf.DUMMYFUNCTION("IFERROR(VLOOKUP(C14,IMPORTRANGE(""https://docs.google.com/spreadsheets/d/1HZUHB8NvANAZR0sHDmHYVAm2WE9kNv0pGIQA48Ryim8/edit?gid=1285727875#gid=1285727875"",""Sheet1!A2:G""),7,0))"),108.46) -> 108.46 | L14: =IFERROR(E14/$K14,"") -> 3.5957957 | M14: =IFERROR(__xludf.DUMMYFUNCTION("IFERROR(VLOOKUP(C14,IMPORTRANGE(""https://docs.google.com/spreadsheets/d/1HZUHB8NvANAZR0sHDmHYVAm2WE9kNv0pGIQA48Ryim8/edit?gid=1285727875#gid=1285727875"",""Cost!A2:G""),7,0))"),99.0) -> 99 | N14: =IFERROR(F14/$M14,"") -> 4.3434343
A15: ALLIED | B15: CNS-66 | C15: CNS-66 | D15: Concealed Flange, Handle & Sleeve | E15: 450 | F15: 480 | G15: =IFERROR((F15-E15)/E15,"") -> 0.066666667 | I15: =L15*M15 -> 469.20678 | K15: =IFERROR(__xludf.DUMMYFUNCTION("IFERROR(VLOOKUP(C15,IMPORTRANGE(""https://docs.google.com/spreadsheets/d/1HZUHB8NvANAZR0sHDmHYVAm2WE9kNv0pGIQA48Ryim8/edit?gid=1285727875#gid=1285727875"",""Sheet1!A2:G""),7,0))"),102.62) -> 102.62 | L15: =IFERROR(E15/$K15,"") -> 4.3851101 | M15: =IFERROR(__xludf.DUMMYFUNCTION("IFERROR(VLOOKUP(C15,IMPORTRANGE(""https://docs.google.com/spreadsheets/d/1HZUHB8NvANAZR0sHDmHYVAm2WE9kNv0pGIQA48Ryim8/edit?gid=1285727875#gid=1285727875"",""Cost!A2:G""),7,0))"),107.0) -> 107 | N15: =IFERROR(F15/$M15,"") -> 4.4859813
A16: ALLIED | B16: CNS-P66 | C16: CNS-P66 | D16: Concealed Flange, Handle & Sleeve | E16: 390 | F16: 410 | G16: =IFERROR((F16-E16)/E16,"") -> 0.051282051 | I16: =L16*M16 -> 406.64588 | K16: =IFERROR(__xludf.DUMMYFUNCTION("IFERROR(VLOOKUP(C16,IMPORTRANGE(""https://docs.google.com/spreadsheets/d/1HZUHB8NvANAZR0sHDmHYVAm2WE9kNv0pGIQA48Ryim8/edit?gid=1285727875#gid=1285727875"",""Sheet1!A2:G""),7,0))"),102.62) -> 102.62 | L16: =IFERROR(E16/$K16,"") -> 3.8004288 | M16: =IFERROR(__xludf.DUMMYFUNCTION("IFERROR(VLOOKUP(C16,IMPORTRANGE(""https://docs.google.com/spreadsheets/d/1HZUHB8NvANAZR0sHDmHYVAm2WE9kNv0pGIQA48Ryim8/edit?gid=1285727875#gid=1285727875"",""Cost!A2:G""),7,0))"),107.0) -> 107 | N16: =IFERROR(F16/$M16,"") -> 3.8317757
A17: ALLIED | B17: CNS-68 | C17: CNS-68 | D17: Concealed Flange, Handle & Sleeve | E17: 500 | F17: 480 | G17: =IFERROR((F17-E17)/E17,"") -> -0.04 | I17: =L17*M17 -> 509.95629 | K17: =IFERROR(__xludf.DUMMYFUNCTION("IFERROR(VLOOKUP(C17,IMPORTRANGE(""https://docs.google.com/spreadsheets/d/1HZUHB8NvANAZR0sHDmHYVAm2WE9kNv0pGIQA48Ryim8/edit?gid=1285727875#gid=1285727875"",""Sheet1!A2:G""),7,0))"),102.95) -> 102.95 | L17: =IFERROR(E17/$K17,"") -> 4.8567266 | M17: =IFERROR(__xludf.DUMMYFUNCTION("IFERROR(VLOOKUP(C17,IMPORTRANGE(""https://docs.google.com/spreadsheets/d/1HZUHB8NvANAZR0sHDmHYVAm2WE9kNv0pGIQA48Ryim8/edit?gid=1285727875#gid=1285727875"",""Cost!A2:G""),7,0))"),105.0) -> 105 | N17: =IFERROR(F17/$M17,"") -> 4.5714286
A18: ALLIED | B18: CSS-71 | C18: CSS-71 | D18: Concealed Flange, Handle & Sleeve | E18: 890 | F18: 940 | G18: =IFERROR((F18-E18)/E18,"") -> 0.056179775 | I18: =L18*M18 -> 933.22078 | K18: =IFERROR(__xludf.DUMMYFUNCTION("IFERROR(VLOOKUP(C18,IMPORTRANGE(""https://docs.google.com/spreadsheets/d/1HZUHB8NvANAZR0sHDmHYVAm2WE9kNv0pGIQA48Ryim8/edit?gid=1285727875#gid=1285727875"",""Sheet1!A2:G""),7,0))"),225.07) -> 225.07 | L18: =IFERROR(E18/$K18,"") -> 3.9543253 | M18: =IFERROR(__xludf.DUMMYFUNCTION("IFERROR(VLOOKUP(C18,IMPORTRANGE(""https://docs.google.com/spreadsheets/d/1HZUHB8NvANAZR0sHDmHYVAm2WE9kNv0pGIQA48Ryim8/edit?gid=1285727875#gid=1285727875"",""Cost!A2:G""),7,0))"),236.0) -> 236 | N18: =IFERROR(F18/$M18,"") -> 3.9830508
A19: ALLIED | B19: CSS-72 | C19: CSS-72 | D19: Concealed Flange, Handle & Sleeve | E19: 540 | F19: 570 | G19: =IFERROR((F19-E19)/E19,"") -> 0.055555556 | I19: =L19*M19 -> 538.15798 | K19: =IFERROR(__xludf.DUMMYFUNCTION("IFERROR(VLOOKUP(C19,IMPORTRANGE(""https://docs.google.com/spreadsheets/d/1HZUHB8NvANAZR0sHDmHYVAm2WE9kNv0pGIQA48Ryim8/edit?gid=1285727875#gid=1285727875"",""Sheet1!A2:G""),7,0))"),149.51) -> 149.51 | L19: =IFERROR(E19/$K19,"") -> 3.6117985 | M19: =IFERROR(__xludf.DUMMYFUNCTION("IFERROR(VLOOKUP(C19,IMPORTRANGE(""https://docs.google.com/spreadsheets/d/1HZUHB8NvANAZR0sHDmHYVAm2WE9kNv0pGIQA48Ryim8/edit?gid=1285727875#gid=1285727875"",""Cost!A2:G""),7,0))"),149.0) -> 149 | N19: =IFERROR(F19/$M19,"") -> 3.8255034
A20: ALLIED | B20: CSS-73 | C20: CSS-73 | D20: Concealed Flange, Handle & Sleeve | E20: 520 | F20: 580 | G20: =IFERROR((F20-E20)/E20,"") -> 0.11538462 | I20: =L20*M20 -> 551.82626 | K20: =IFERROR(__xludf.DUMMYFUNCTION("IFERROR(VLOOKUP(C20,IMPORTRANGE(""https://docs.google.com/spreadsheets/d/1HZUHB8NvANAZR0sHDmHYVAm2WE9kNv0pGIQA48Ryim8/edit?gid=1285727875#gid=1285727875"",""Sheet1!A2:G""),7,0))"),121.56) -> 121.56 | L20: =IFERROR(E20/$K20,"") -> 4.2777229 | M20: =IFERROR(__xludf.DUMMYFUNCTION("IFERROR(VLOOKUP(C20,IMPORTRANGE(""https://docs.google.com/spreadsheets/d/1HZUHB8NvANAZR0sHDmHYVAm2WE9kNv0pGIQA48Ryim8/edit?gid=1285727875#gid=1285727875"",""Cost!A2:G""),7,0))"),129.0) -> 129 | N20: =IFERROR(F20/$M20,"") -> 4.496124
A21: ALLIED | B21: CSS-74 | C21: CSS-74 | D21: Concealed Flange, Handle & Sleeve | E21: 550 | F21: 550 | G21: =IFERROR((F21-E21)/E21,"") -> 0 | I21: =L21*M21 -> 571.92374 | K21: =IFERROR(__xludf.DUMMYFUNCTION("IFERROR(VLOOKUP(C21,IMPORTRANGE(""https://docs.google.com/spreadsheets/d/1HZUHB8NvANAZR0sHDmHYVAm2WE9kNv0pGIQA48Ryim8/edit?gid=1285727875#gid=1285727875"",""Sheet1!A2:G""),7,0))"),109.63) -> 109.63 | L21: =IFERROR(E21/$K21,"") -> 5.0168749 | M21: =IFERROR(__xludf.DUMMYFUNCTION("IFERROR(VLOOKUP(C21,IMPORTRANGE(""https://docs.google.com/spreadsheets/d/1HZUHB8NvANAZR0sHDmHYVAm2WE9kNv0pGIQA48Ryim8/edit?gid=1285727875#gid=1285727875"",""Cost!A2:G""),7,0))"),114.0) -> 114 | N21: =IFERROR(F21/$M21,"") -> 4.8245614
A22: ALLIED | B22: CSS-76 | C22: CSS-76 | D22: Concealed Flange, Handle & Sleeve | E22: 450 | F22: 510 | G22: =IFERROR((F22-E22)/E22,"") -> 0.13333333 | I22: =L22*M22 -> 462.02252 | K22: =IFERROR(__xludf.DUMMYFUNCTION("IFERROR(VLOOKUP(C22,IMPORTRANGE(""https://docs.google.com/spreadsheets/d/1HZUHB8NvANAZR0sHDmHYVAm2WE9kNv0pGIQA48Ryim8/edit?gid=1285727875#gid=1285727875"",""Sheet1!A2:G""),7,0))"),90.58) -> 90.58 | L22: =IFERROR(E22/$K22,"") -> 4.9679841 | M22: =IFERROR(__xludf.DUMMYFUNCTION("IFERROR(VLOOKUP(C22,IMPORTRANGE(""https://docs.google.com/spreadsheets/d/1HZUHB8NvANAZR0sHDmHYVAm2WE9kNv0pGIQA48Ryim8/edit?gid=1285727875#gid=1285727875"",""Cost!A2:G""),7,0))"),93.0) -> 93 | N22: =IFERROR(F22/$M22,"") -> 5.483871
A23: ALLIED | B23: CSS-77 | C23: CSS-77 | D23: Concealed Flange, Handle & Sleeve | E23: 580 | F23: 580 | G23: =IFERROR((F23-E23)/E23,"") -> 0 | I23: =L23*M23 -> 617.67838 | K23: =IFERROR(__xludf.DUMMYFUNCTION("IFERROR(VLOOKUP(C23,IMPORTRANGE(""https://docs.google.com/spreadsheets/d/1HZUHB8NvANAZR0sHDmHYVAm2WE9kNv0pGIQA48Ryim8/edit?gid=1285727875#gid=1285727875"",""Sheet1!A2:G""),7,0))"),103.29) -> 103.29 | L23: =IFERROR(E23/$K23,"") -> 5.615258 | M23: =IFERROR(__xludf.DUMMYFUNCTION("IFERROR(VLOOKUP(C23,IMPORTRANGE(""https://docs.google.com/spreadsheets/d/1HZUHB8NvANAZR0sHDmHYVAm2WE9kNv0pGIQA48Ryim8/edit?gid=1285727875#gid=1285727875"",""Cost!A2:G""),7,0))"),110.0) -> 110 | N23: =IFERROR(F23/$M23,"") -> 5.2727273
A24: ALLIED | B24: CSS-78 | C24: CSS-78 | D24: Concealed Flange, Handle & Sleeve | E24: 550 | F24: 550 | G24: =IFERROR((F24-E24)/E24,"") -> 0 | I24: =L24*M24 -> 557.5746 | K24: =IFERROR(__xludf.DUMMYFUNCTION("IFERROR(VLOOKUP(C24,IMPORTRANGE(""https://docs.google.com/spreadsheets/d/1HZUHB8NvANAZR0sHDmHYVAm2WE9kNv0pGIQA48Ryim8/edit?gid=1285727875#gid=1285727875"",""Sheet1!A2:G""),7,0))"),104.56) -> 104.56 | L24: =IFERROR(E24/$K24,"") -> 5.2601377 | M24: =IFERROR(__xludf.DUMMYFUNCTION("IFERROR(VLOOKUP(C24,IMPORTRANGE(""https://docs.google.com/spreadsheets/d/1HZUHB8NvANAZR0sHDmHYVAm2WE9kNv0pGIQA48Ryim8/edit?gid=1285727875#gid=1285727875"",""Cost!A2:G""),7,0))"),106.0) -> 106 | N24: =IFERROR(F24/$M24,"") -> 5.1886792
A25: ALLIED | B25: CSS-79F | C25: CSS-79F | D25: Concealed Flange, Handle & Sleeve | E25: 640 | F25: 670 | G25: =IFERROR((F25-E25)/E25,"") -> 0.046875 | I25: =L25*M25 -> 676.47556 | K25: =IFERROR(__xludf.DUMMYFUNCTION("IFERROR(VLOOKUP(C25,IMPORTRANGE(""https://docs.google.com/spreadsheets/d/1HZUHB8NvANAZR0sHDmHYVAm2WE9kNv0pGIQA48Ryim8/edit?gid=1285727875#gid=1285727875"",""Sheet1!A2:G""),7,0))"),118.26) -> 118.26 | L25: =IFERROR(E25/$K25,"") -> 5.4118045 | M25: =IFERROR(__xludf.DUMMYFUNCTION("IFERROR(VLOOKUP(C25,IMPORTRANGE(""https://docs.google.com/spreadsheets/d/1HZUHB8NvANAZR0sHDmHYVAm2WE9kNv0pGIQA48Ryim8/edit?gid=1285727875#gid=1285727875"",""Cost!A2:G""),7,0))"),125.0) -> 125 | N25: =IFERROR(F25/$M25,"") -> 5.36
A26: ALLIED | B26: CPS-81 | C26: CPS-81 | D26: Concealed Flange, Handle & Sleeve | E26: 790 | F26: 860 | G26: =IFERROR((F26-E26)/E26,"") -> 0.088607595 | I26: =L26*M26 -> 863.34866 | K26: =IFERROR(__xludf.DUMMYFUNCTION("IFERROR(VLOOKUP(C26,IMPORTRANGE(""https://docs.google.com/spreadsheets/d/1HZUHB8NvANAZR0sHDmHYVAm2WE9kNv0pGIQA48Ryim8/edit?gid=1285727875#gid=1285727875"",""Sheet1!A2:G""),7,0))"),219.61) -> 219.61 | L26: =IFERROR(E26/$K26,"") -> 3.5972861 | M26: =IFERROR(__xludf.DUMMYFUNCTION("IFERROR(VLOOKUP(C26,IMPORTRANGE(""https://docs.google.com/spreadsheets/d/1HZUHB8NvANAZR0sHDmHYVAm2WE9kNv0pGIQA48Ryim8/edit?gid=1285727875#gid=1285727875"",""Cost!A2:G""),7,0))"),240.0) -> 240 | N26: =IFERROR(F26/$M26,"") -> 3.5833333
A27: ALLIED | B27: CPS-83 | C27: CPS-83 | D27: Concealed Flange, Handle & Sleeve | E27: 750 | F27: 750 | G27: =IFERROR((F27-E27)/E27,"") -> 0 | I27: =L27*M27 -> 781.32365 | K27: =IFERROR(__xludf.DUMMYFUNCTION("IFERROR(VLOOKUP(C27,IMPORTRANGE(""https://docs.google.com/spreadsheets/d/1HZUHB8NvANAZR0sHDmHYVAm2WE9kNv0pGIQA48Ryim8/edit?gid=1285727875#gid=1285727875"",""Sheet1!A2:G""),7,0))"),212.14) -> 212.14 | L27: =IFERROR(E27/$K27,"") -> 3.5354012 | M27: =IFERROR(__xludf.DUMMYFUNCTION("IFERROR(VLOOKUP(C27,IMPORTRANGE(""https://docs.google.com/spreadsheets/d/1HZUHB8NvANAZR0sHDmHYVAm2WE9kNv0pGIQA48Ryim8/edit?gid=1285727875#gid=1285727875"",""Cost!A2:G""),7,0))"),221.0) -> 221 | N27: =IFERROR(F27/$M27,"") -> 3.3936652
A28: ALLIED | B28: CPS-85 | C28: CPS-85 | D28: Concealed Flange, Handle & Sleeve | E28: 790 | F28: REMOVED | G28: =IFERROR((F28-E28)/E28,"") | I28: =L28*M28 -> 849.61787 | K28: =IFERROR(__xludf.DUMMYFUNCTION("IFERROR(VLOOKUP(C28,IMPORTRANGE(""https://docs.google.com/spreadsheets/d/1HZUHB8NvANAZR0sHDmHYVAm2WE9kNv0pGIQA48Ryim8/edit?gid=1285727875#gid=1285727875"",""Sheet1!A2:G""),7,0))"),218.51) -> 218.51 | L28: =IFERROR(E28/$K28,"") -> 3.6153952 | M28: =IFERROR(__xludf.DUMMYFUNCTION("IFERROR(VLOOKUP(C28,IMPORTRANGE(""https://docs.google.com/spreadsheets/d/1HZUHB8NvANAZR0sHDmHYVAm2WE9kNv0pGIQA48Ryim8/edit?gid=1285727875#gid=1285727875"",""Cost!A2:G""),7,0))"),235.0) -> 235 | N28: =IFERROR(F28/$M28,"")
A29: ALLIED | B29: CPS-87 | C29: CPS-87 | D29: Concealed Flange, Handle & Sleeve | E29: 680 | F29: 720 | G29: =IFERROR((F29-E29)/E29,"") -> 0.058823529 | I29: =L29*M29 -> 691.8039 | K29: =IFERROR(__xludf.DUMMYFUNCTION("IFERROR(VLOOKUP(C29,IMPORTRANGE(""https://docs.google.com/spreadsheets/d/1HZUHB8NvANAZR0sHDmHYVAm2WE9kNv0pGIQA48Ryim8/edit?gid=1285727875#gid=1285727875"",""Sheet1!A2:G""),7,0))"),157.27) -> 157.27 | L29: =IFERROR(E29/$K29,"") -> 4.3237744 | M29: =IFERROR(__xludf.DUMMYFUNCTION("IFERROR(VLOOKUP(C29,IMPORTRANGE(""https://docs.google.com/spreadsheets/d/1HZUHB8NvANAZR0sHDmHYVAm2WE9kNv0pGIQA48Ryim8/edit?gid=1285727875#gid=1285727875"",""Cost!A2:G""),7,0))"),160.0) -> 160 | N29: =IFERROR(F29/$M29,"") -> 4.5
A30: ALLIED | B30: CPS-89 | C30: CPS-89 | D30: Concealed Flange, Handle & Sleeve | E30: 750 | F30: REMOVED | G30: =IFERROR((F30-E30)/E30,"") | I30: =L30*M30 -> 757.70332 | K30: =IFERROR(__xludf.DUMMYFUNCTION("IFERROR(VLOOKUP(C30,IMPORTRANGE(""https://docs.google.com/spreadsheets/d/1HZUHB8NvANAZR0sHDmHYVAm2WE9kNv0pGIQA48Ryim8/edit?gid=1285727875#gid=1285727875"",""Sheet1!A2:G""),7,0))"),178.17) -> 178.17 | L30: =IFERROR(E30/$K30,"") -> 4.2094629 | M30: =IFERROR(__xludf.DUMMYFUNCTION("IFERROR(VLOOKUP(C30,IMPORTRANGE(""https://docs.google.com/spreadsheets/d/1HZUHB8NvANAZR0sHDmHYVAm2WE9kNv0pGIQA48Ryim8/edit?gid=1285727875#gid=1285727875"",""Cost!A2:G""),7,0))"),180.0) -> 180 | N30: =IFERROR(F30/$M30,"")
A31: ALLIED | B31: CPS-90 | C31: CPS-90 | D31: Concealed Flange, Handle & Sleeve | E31: 750 | F31: 790 | G31: =IFERROR((F31-E31)/E31,"") -> 0.053333333 | I31: =L31*M31 -> 772.99362 | K31: =IFERROR(__xludf.DUMMYFUNCTION("IFERROR(VLOOKUP(C31,IMPORTRANGE(""https://docs.google.com/spreadsheets/d/1HZUHB8NvANAZR0sHDmHYVAm2WE9kNv0pGIQA48Ryim8/edit?gid=1285727875#gid=1285727875"",""Sheet1!A2:G""),7,0))"),191.14) -> 191.14 | L31: =IFERROR(E31/$K31,"") -> 3.9238255 | M31: =IFERROR(__xludf.DUMMYFUNCTION("IFERROR(VLOOKUP(C31,IMPORTRANGE(""https://docs.google.com/spreadsheets/d/1HZUHB8NvANAZR0sHDmHYVAm2WE9kNv0pGIQA48Ryim8/edit?gid=1285727875#gid=1285727875"",""Cost!A2:G""),7,0))"),197.0) -> 197 | N31: =IFERROR(F31/$M31,"") -> 4.0101523
A32: ALLIED | B32: CPS-93 | C32: CPS-93 | D32: Concealed Flange, Handle & Sleeve | E32: 790 | F32: 790 | G32: =IFERROR((F32-E32)/E32,"") -> 0 | I32: =L32*M32 -> 811.97944 | K32: =IFERROR(__xludf.DUMMYFUNCTION("IFERROR(VLOOKUP(C32,IMPORTRANGE(""https://docs.google.com/spreadsheets/d/1HZUHB8NvANAZR0sHDmHYVAm2WE9kNv0pGIQA48Ryim8/edit?gid=1285727875#gid=1285727875"",""Sheet1!A2:G""),7,0))"),169.29) -> 169.29 | L32: =IFERROR(E32/$K32,"") -> 4.6665485 | M32: =IFERROR(__xludf.DUMMYFUNCTION("IFERROR(VLOOKUP(C32,IMPORTRANGE(""https://docs.google.com/spreadsheets/d/1HZUHB8NvANAZR0sHDmHYVAm2WE9kNv0pGIQA48Ryim8/edit?gid=1285727875#gid=1285727875"",""Cost!A2:G""),7,0))"),174.0) -> 174 | N32: =IFERROR(F32/$M32,"") -> 4.5402299
A33: ASPIRE 52 | B33: =C33 -> 5202 | C33: 5202 | D33: Pillar Cock | E33: 1290 | F33: 1390 | G33: =IFERROR((F33-E33)/E33,"") -> 0.07751938 | I33: =L33*M33 -> 1413.6811 | K33: =IFERROR(__xludf.DUMMYFUNCTION("IFERROR(VLOOKUP(C33,IMPORTRANGE(""https://docs.google.com/spreadsheets/d/1HZUHB8NvANAZR0sHDmHYVAm2WE9kNv0pGIQA48Ryim8/edit?gid=1285727875#gid=1285727875"",""Sheet1!A2:G""),7,0))"),403.33) -> 403.33 | L33: =IFERROR(E33/$K33,"") -> 3.1983735 | M33: =IFERROR(__xludf.DUMMYFUNCTION("IFERROR(VLOOKUP(C33,IMPORTRANGE(""https://docs.google.com/spreadsheets/d/1HZUHB8NvANAZR0sHDmHYVAm2WE9kNv0pGIQA48Ryim8/edit?gid=1285727875#gid=1285727875"",""Cost!A2:G""),7,0))"),442.0) -> 442 | N33: =IFERROR(F33/$M33,"") -> 3.1447964 | X33: 02 | Y33: =A33&X33 -> ASPIRE 5202
A34: ASPIRE 52 | B34: =C34 -> 5203 | C34: 5203 | D34: Pillar Cock Tall Body | E34: 2890 | F34: 3240 | G34: =IFERROR((F34-E34)/E34,"") -> 0.12110727 | I34: =L34*M34 -> 3233.8426 | K34: =IFERROR(__xludf.DUMMYFUNCTION("IFERROR(VLOOKUP(C34,IMPORTRANGE(""https://docs.google.com/spreadsheets/d/1HZUHB8NvANAZR0sHDmHYVAm2WE9kNv0pGIQA48Ryim8/edit?gid=1285727875#gid=1285727875"",""Sheet1!A2:G""),7,0))"),936.57) -> 936.57 | L34: =IFERROR(E34/$K34,"") -> 3.0857277 | M34: =IFERROR(__xludf.DUMMYFUNCTION("IFERROR(VLOOKUP(C34,IMPORTRANGE(""https://docs.google.com/spreadsheets/d/1HZUHB8NvANAZR0sHDmHYVAm2WE9kNv0pGIQA48Ryim8/edit?gid=1285727875#gid=1285727875"",""Cost!A2:G""),7,0))"),1048.0) -> 1048 | N34: =IFERROR(F34/$M34,"") -> 3.0916031 | X34: 03 | Y34: =A34&X34 -> ASPIRE 5203
A35: ASPIRE 52 | B35: =C35 -> 5204 | C35: 5204 | D35: Pillar Cock Extended Body | E35: 1890 | F35: 2090 | G35: =IFERROR((F35-E35)/E35,"") -> 0.10582011 | I35: =L35*M35 -> 2101.8103 | K35: =IFERROR(__xludf.DUMMYFUNCTION("IFERROR(VLOOKUP(C35,IMPORTRANGE(""https://docs.google.com/spreadsheets/d/1HZUHB8NvANAZR0sHDmHYVAm2WE9kNv0pGIQA48Ryim8/edit?gid=1285727875#gid=1285727875"",""Sheet1!A2:G""),7,0))"),580.0) -> 580 | L35: =IFERROR(E35/$K35,"") -> 3.2586207 | M35: =IFERROR(__xludf.DUMMYFUNCTION("IFERROR(VLOOKUP(C35,IMPORTRANGE(""https://docs.google.com/spreadsheets/d/1HZUHB8NvANAZR0sHDmHYVAm2WE9kNv0pGIQA48Ryim8/edit?gid=1285727875#gid=1285727875"",""Cost!A2:G""),7,0))"),645.0) -> 645 | N35: =IFERROR(F35/$M35,"") -> 3.2403101 | X35: 04 | Y35: =A35&X35 -> ASPIRE 5204
A36: ASPIRE 52 | B36: =C36 -> 5206 | C36: 5206 | D36: Bib Cock with Wall Flange | E36: 1070 | F36: 1180 | G36: =IFERROR((F36-E36)/E36,"") -> 0.10280374 | I36: =L36*M36 -> 1167.0029 | K36: =IFERROR(__xludf.DUMMYFUNCTION("IFERROR(VLOOKUP(C36,IMPORTRANGE(""https://docs.google.com/spreadsheets/d/1HZUHB8NvANAZR0sHDmHYVAm2WE9kNv0pGIQA48Ryim8/edit?gid=1285727875#gid=1285727875"",""Sheet1!A2:G""),7,0))"),317.24) -> 317.24 | L36: =IFERROR(E36/$K36,"") -> 3.3728408 | M36: =IFERROR(__xludf.DUMMYFUNCTION("IFERROR(VLOOKUP(C36,IMPORTRANGE(""https://docs.google.com/spreadsheets/d/1HZUHB8NvANAZR0sHDmHYVAm2WE9kNv0pGIQA48Ryim8/edit?gid=1285727875#gid=1285727875"",""Cost!A2:G""),7,0))"),346.0) -> 346 | N36: =IFERROR(F36/$M36,"") -> 3.4104046 | X36: 06 | Y36: =A36&X36 -> ASPIRE 5206
A37: ASPIRE 52 | B37: =C37 -> 5207 | C37: 5207 | D37: Concealed Wall Mount Pillar Cock | E37: =SUM(E38:E39) -> 2680 | F37: =SUM(F38:F39) -> 2850 | G37: =IFERROR((F37-E37)/E37,"") -> 0.063432836 | I37: =L37*M37 -> 2888.9071 | K37: =IFERROR(__xludf.DUMMYFUNCTION("IFERROR(VLOOKUP(C37,IMPORTRANGE(""https://docs.google.com/spreadsheets/d/1HZUHB8NvANAZR0sHDmHYVAm2WE9kNv0pGIQA48Ryim8/edit?gid=1285727875#gid=1285727875"",""Sheet1!A2:G""),7,0))"),733.8) -> 733.8 | L37: =IFERROR(E37/$K37,"") -> 3.6522213 | M37: =IFERROR(__xludf.DUMMYFUNCTION("IFERROR(VLOOKUP(C37,IMPORTRANGE(""https://docs.google.com/spreadsheets/d/1HZUHB8NvANAZR0sHDmHYVAm2WE9kNv0pGIQA48Ryim8/edit?gid=1285727875#gid=1285727875"",""Cost!A2:G""),7,0))"),791.0) -> 791 | N37: =IFERROR(F37/$M37,"") -> 3.6030341 | X37: 07 | Y37: =A37&X37 -> ASPIRE 5207
A38: ASPIRE 52 | B38: =C38 -> CP-07 | C38: CP-07 | D38: Concealed Pillar Cock Body 15mm | E38: 1390 | F38: 1490 | G38: =IFERROR((F38-E38)/E38,"") -> 0.071942446 | I38: =L38*M38 -> 1515.4596 | K38: =IFERROR(__xludf.DUMMYFUNCTION("IFERROR(VLOOKUP(C38,IMPORTRANGE(""https://docs.google.com/spreadsheets/d/1HZUHB8NvANAZR0sHDmHYVAm2WE9kNv0pGIQA48Ryim8/edit?gid=1285727875#gid=1285727875"",""Sheet1!A2:G""),7,0))"),408.16) -> 408.16 | L38: =IFERROR(E38/$K38,"") -> 3.4055272 | M38: =IFERROR(__xludf.DUMMYFUNCTION("IFERROR(VLOOKUP(C38,IMPORTRANGE(""https://docs.google.com/spreadsheets/d/1HZUHB8NvANAZR0sHDmHYVAm2WE9kNv0pGIQA48Ryim8/edit?gid=1285727875#gid=1285727875"",""Cost!A2:G""),7,0))"),445.0) -> 445 | N38: =IFERROR(F38/$M38,"") -> 3.3483146 | X38: CP-07 | Y38: =A38&X38 -> ASPIRE 52CP-07
A39: ASPIRE 52 | B39: =C39 -> CP-52 | C39: CP-52 | D39: Exposed Parts (Wall Flange, Handle & Spout) | E39: 1290 | F39: 1360 | G39: =IFERROR((F39-E39)/E39,"") -> 0.054263566 | I39: =L39*M39 -> 1292.1714 | K39: =IFERROR(__xludf.DUMMYFUNCTION("IFERROR(VLOOKUP(C39,IMPORTRANGE(""https://docs.google.com/spreadsheets/d/1HZUHB8NvANAZR0sHDmHYVAm2WE9kNv0pGIQA48Ryim8/edit?gid=1285727875#gid=1285727875"",""Sheet1!A2:G""),7,0))"),362.39) -> 362.39 | L39: =IFERROR(E39/$K39,"") -> 3.5597009 | M39: =IFERROR(__xludf.DUMMYFUNCTION("IFERROR(VLOOKUP(C39,IMPORTRANGE(""https://docs.google.com/spreadsheets/d/1HZUHB8NvANAZR0sHDmHYVAm2WE9kNv0pGIQA48Ryim8/edit?gid=1285727875#gid=1285727875"",""Cost!A2:G""),7,0))"),363.0) -> 363 | N39: =IFERROR(F39/$M39,"") -> 3.7465565 | X39: CP | Y39: =A39&X39 -> ASPIRE 52CP
A40: ASPIRE 52 | B40: =C40 -> 5208 | C40: 5208 | D40: Bib Cock Long Body with Wall Flange | E40: 1290 | F40: 1390 | G40: =IFERROR((F40-E40)/E40,"") -> 0.07751938 | I40: =L40*M40 -> 1408.6756 | K40: =IFERROR(__xludf.DUMMYFUNCTION("IFERROR(VLOOKUP(C40,IMPORTRANGE(""https://docs.google.com/spreadsheets/d/1HZUHB8NvANAZR0sHDmHYVAm2WE9kNv0pGIQA48Ryim8/edit?gid=1285727875#gid=1285727875"",""Sheet1!A2:G""),7,0))"),364.47) -> 364.47 | L40: =IFERROR(E40/$K40,"") -> 3.539386 | M40: =IFERROR(__xludf.DUMMYFUNCTION("IFERROR(VLOOKUP(C40,IMPORTRANGE(""https://docs.google.com/spreadsheets/d/1HZUHB8NvANAZR0sHDmHYVAm2WE9kNv0pGIQA48Ryim8/edit?gid=1285727875#gid=1285727875"",""Cost!A2:G""),7,0))"),398.0) -> 398 | N40: =IFERROR(F40/$M40,"") -> 3.4924623 | X40: 08 | Y40: =A40&X40 -> ASPIRE 5208
A41: ASPIRE 52 | B41: =C41 -> 5210 | C41: 5210 | D41: Angular Stop Cock with Wall Flange | E41: 820 | F41: 890 | G41: =IFERROR((F41-E41)/E41,"") -> 0.085365854 | I41: =L41*M41 -> 890.61986 | K41: =IFERROR(__xludf.DUMMYFUNCTION("IFERROR(VLOOKUP(C41,IMPORTRANGE(""https://docs.google.com/spreadsheets/d/1HZUHB8NvANAZR0sHDmHYVAm2WE9kNv0pGIQA48Ryim8/edit?gid=1285727875#gid=1285727875"",""Sheet1!A2:G""),7,0))"),182.3) -> 182.3 | L41: =IFERROR(E41/$K41,"") -> 4.4980801 | M41: =IFERROR(__xludf.DUMMYFUNCTION("IFERROR(VLOOKUP(C41,IMPORTRANGE(""https://docs.google.com/spreadsheets/d/1HZUHB8NvANAZR0sHDmHYVAm2WE9kNv0pGIQA48Ryim8/edit?gid=1285727875#gid=1285727875"",""Cost!A2:G""),7,0))"),198.0) -> 198 | N41: =IFERROR(F41/$M41,"") -> 4.4949495 | X41: 10 | Y41: =A41&X41 -> ASPIRE 5210
A42: ASPIRE 52 | B42: =C42 -> C 5211 | C42: C 5211 | D42: 2-Way Angular Stop Cock with Wall Flange | E42: 1560 | F42: 1740 | G42: =IFERROR((F42-E42)/E42,"") -> 0.11538462 | I42: =L42*M42 -> 1736.3043 | K42: =IFERROR(__xludf.DUMMYFUNCTION("IFERROR(VLOOKUP(C42,IMPORTRANGE(""https://docs.google.com/spreadsheets/d/1HZUHB8NvANAZR0sHDmHYVAm2WE9kNv0pGIQA48Ryim8/edit?gid=1285727875#gid=1285727875"",""Sheet1!A2:G""),7,0))"),449.23) -> 449.23 | L42: =IFERROR(E42/$K42,"") -> 3.4726087 | M42: =IFERROR(__xludf.DUMMYFUNCTION("IFERROR(VLOOKUP(C42,IMPORTRANGE(""https://docs.google.com/spreadsheets/d/1HZUHB8NvANAZR0sHDmHYVAm2WE9kNv0pGIQA48Ryim8/edit?gid=1285727875#gid=1285727875"",""Cost!A2:G""),7,0))"),500.0) -> 500 | N42: =IFERROR(F42/$M42,"") -> 3.48 | X42: 11 | Y42: =A42&X42 -> ASPIRE 5211
A43: ASPIRE 52 | B43: =C43 -> 5212 | C43: 5212 | D43: 2-Way Bib Cock Double Handle with Wall Flange | E43: 1690 | F43: 1880 | G43: =IFERROR((F43-E43)/E43,"") -> 0.11242604 | I43: =L43*M43 -> 1882.2224 | K43: =IFERROR(__xludf.DUMMYFUNCTION("IFERROR(VLOOKUP(C43,IMPORTRANGE(""https://docs.google.com/spreadsheets/d/1HZUHB8NvANAZR0sHDmHYVAm2WE9kNv0pGIQA48Ryim8/edit?gid=1285727875#gid=1285727875"",""Sheet1!A2:G""),7,0))"),473.18) -> 473.18 | L43: =IFERROR(E43/$K43,"") -> 3.5715795 | M43: =IFERROR(__xludf.DUMMYFUNCTION("IFERROR(VLOOKUP(C43,IMPORTRANGE(""https://docs.google.com/spreadsheets/d/1HZUHB8NvANAZR0sHDmHYVAm2WE9kNv0pGIQA48Ryim8/edit?gid=1285727875#gid=1285727875"",""Cost!A2:G""),7,0))"),527.0) -> 527 | N43: =IFERROR(F43/$M43,"") -> 3.5673624 | X43: 12 | Y43: =A43&X43 -> ASPIRE 5212
A44: ASPIRE 52 | B44: =C44 -> 5214 | C44: 5214 | D44: Swan Neck Table Mounted | E44: 1890 | F44: 1990 | G44: =IFERROR((F44-E44)/E44,"") -> 0.052910053 | I44: =L44*M44 -> 2071.9575 | K44: =IFERROR(__xludf.DUMMYFUNCTION("IFERROR(VLOOKUP(C44,IMPORTRANGE(""https://docs.google.com/spreadsheets/d/1HZUHB8NvANAZR0sHDmHYVAm2WE9kNv0pGIQA48Ryim8/edit?gid=1285727875#gid=1285727875"",""Sheet1!A2:G""),7,0))"),514.47) -> 514.47 | L44: =IFERROR(E44/$K44,"") -> 3.6736836 | M44: =IFERROR(__xludf.DUMMYFUNCTION("IFERROR(VLOOKUP(C44,IMPORTRANGE(""https://docs.google.com/spreadsheets/d/1HZUHB8NvANAZR0sHDmHYVAm2WE9kNv0pGIQA48Ryim8/edit?gid=1285727875#gid=1285727875"",""Cost!A2:G""),7,0))"),564.0) -> 564 | N44: =IFERROR(F44/$M44,"") -> 3.5283688 | X44: 14 | Y44: =A44&X44 -> ASPIRE 5214
A45: ASPIRE 52 | B45: =C45 -> 5216 | C45: 5216 | D45: Sink Cock Wall Mounted with Flange | E45: 1690 | F45: 1840 | G45: =IFERROR((F45-E45)/E45,"") -> 0.088757396 | I45: =L45*M45 -> 1871.786 | K45: =IFERROR(__xludf.DUMMYFUNCTION("IFERROR(VLOOKUP(C45,IMPORTRANGE(""https://docs.google.com/spreadsheets/d/1HZUHB8NvANAZR0sHDmHYVAm2WE9kNv0pGIQA48Ryim8/edit?gid=1285727875#gid=1285727875"",""Sheet1!A2:G""),7,0))"),432.48) -> 432.48 | L45: =IFERROR(E45/$K45,"") -> 3.9076952 | M45: =IFERROR(__xludf.DUMMYFUNCTION("IFERROR(VLOOKUP(C45,IMPORTRANGE(""https://docs.google.com/spreadsheets/d/1HZUHB8NvANAZR0sHDmHYVAm2WE9kNv0pGIQA48Ryim8/edit?gid=1285727875#gid=1285727875"",""Cost!A2:G""),7,0))"),479.0) -> 479 | N45: =IFERROR(F45/$M45,"") -> 3.8413361 | X45: 16 | Y45: =A45&X45 -> ASPIRE 5216
A46: ASPIRE 52 | C46: 5217 | D46: Sink Cock Wall Mounted with Flange | E46: 1840 | F46: 1990 | G46: =IFERROR((F46-E46)/E46,"") -> 0.081521739 | I46: =L46*M46 -> 0 | K46: =IFERROR(__xludf.DUMMYFUNCTION("IFERROR(VLOOKUP(C46,IMPORTRANGE(""https://docs.google.com/spreadsheets/d/1HZUHB8NvANAZR0sHDmHYVAm2WE9kNv0pGIQA48Ryim8/edit?gid=1285727875#gid=1285727875"",""Sheet1!A2:G""),7,0))"),"") | L46: =IFERROR(E46/$K46,"") | M46: =IFERROR(__xludf.DUMMYFUNCTION("IFERROR(VLOOKUP(C46,IMPORTRANGE(""https://docs.google.com/spreadsheets/d/1HZUHB8NvANAZR0sHDmHYVAm2WE9kNv0pGIQA48Ryim8/edit?gid=1285727875#gid=1285727875"",""Cost!A2:G""),7,0))"),511.0) -> 511 | N46: =IFERROR(F46/$M46,"") -> 3.8943249 | X46: 17 | Y46: =A46&X46 -> ASPIRE 5217
A47: ASPIRE 52 | B47: =C47 -> 5218 | C47: 5218 | D47: Concealed Stop Cock 15mm with Wall Flange | E47: 1230 | F47: 1380 | G47: =IFERROR((F47-E47)/E47,"") -> 0.12195122 | I47: =L47*M47 -> 1380.3961 | K47: =IFERROR(__xludf.DUMMYFUNCTION("IFERROR(VLOOKUP(C47,IMPORTRANGE(""https://docs.google.com/spreadsheets/d/1HZUHB8NvANAZR0sHDmHYVAm2WE9kNv0pGIQA48Ryim8/edit?gid=1285727875#gid=1285727875"",""Sheet1!A2:G""),7,0))"),348.4) -> 348.4 | L47: =IFERROR(E47/$K47,"") -> 3.5304248 | M47: =IFERROR(__xludf.DUMMYFUNCTION("IFERROR(VLOOKUP(C47,IMPORTRANGE(""https://docs.google.com/spreadsheets/d/1HZUHB8NvANAZR0sHDmHYVAm2WE9kNv0pGIQA48Ryim8/edit?gid=1285727875#gid=1285727875"",""Cost!A2:G""),7,0))"),391.0) -> 391 | N47: =IFERROR(F47/$M47,"") -> 3.5294118 | X47: 18 | Y47: =A47&X47 -> ASPIRE 5218
A48: ASPIRE 52 | B48: =C48 -> 5220 | C48: 5220 | D48: Concealed Stop Cock 20mm with Wall Flange | E48: 1270 | F48: 1420 | G48: =IFERROR((F48-E48)/E48,"") -> 0.11811024 | I48: =L48*M48 -> 1428.0413 | K48: =IFERROR(__xludf.DUMMYFUNCTION("IFERROR(VLOOKUP(C48,IMPORTRANGE(""https://docs.google.com/spreadsheets/d/1HZUHB8NvANAZR0sHDmHYVAm2WE9kNv0pGIQA48Ryim8/edit?gid=1285727875#gid=1285727875"",""Sheet1!A2:G""),7,0))"),358.4) -> 358.4 | L48: =IFERROR(E48/$K48,"") -> 3.5435268 | M48: =IFERROR(__xludf.DUMMYFUNCTION("IFERROR(VLOOKUP(C48,IMPORTRANGE(""https://docs.google.com/spreadsheets/d/1HZUHB8NvANAZR0sHDmHYVAm2WE9kNv0pGIQA48Ryim8/edit?gid=1285727875#gid=1285727875"",""Cost!A2:G""),7,0))"),403.0) -> 403 | N48: =IFERROR(F48/$M48,"") -> 3.5235732 | X48: 20 | Y48: =A48&X48 -> ASPIRE 5220
A49: ASPIRE 52 | B49: =C49 -> 5250 | C49: 5250 | D49: Center Hole Basin Mixer without Popup | E49: 2960 | F49: 3270 | G49: =IFERROR((F49-E49)/E49,"") -> 0.10472973 | I49: =L49*M49 -> 3267.5747 | K49: =IFERROR(__xludf.DUMMYFUNCTION("IFERROR(VLOOKUP(C49,IMPORTRANGE(""https://docs.google.com/spreadsheets/d/1HZUHB8NvANAZR0sHDmHYVAm2WE9kNv0pGIQA48Ryim8/edit?gid=1285727875#gid=1285727875"",""Sheet1!A2:G""),7,0))"),728.32) -> 728.32 | L49: =IFERROR(E49/$K49,"") -> 4.0641476 | M49: =IFERROR(__xludf.DUMMYFUNCTION("IFERROR(VLOOKUP(C49,IMPORTRANGE(""https://docs.google.com/spreadsheets/d/1HZUHB8NvANAZR0sHDmHYVAm2WE9kNv0pGIQA48Ryim8/edit?gid=1285727875#gid=1285727875"",""Cost!A2:G""),7,0))"),804.0) -> 804 | N49: =IFERROR(F49/$M49,"") -> 4.0671642 | X49: 50 | Y49: =A49&X49 -> ASPIRE 5250
A50: ASPIRE 52 | B50: =C50 -> 5251 | C50: 5251 | D50: Single Lever Basin Mixer without Popup Waste System | E50: 3390 | F50: 3680 | G50: =IFERROR((F50-E50)/E50,"") -> 0.085545723 | I50: =L50*M50 -> 3790.214 | K50: =IFERROR(__xludf.DUMMYFUNCTION("IFERROR(VLOOKUP(C50,IMPORTRANGE(""https://docs.google.com/spreadsheets/d/1HZUHB8NvANAZR0sHDmHYVAm2WE9kNv0pGIQA48Ryim8/edit?gid=1285727875#gid=1285727875"",""Sheet1!A2:G""),7,0))"),831.8) -> 831.8 | L50: =IFERROR(E50/$K50,"") -> 4.0754989 | M50: =IFERROR(__xludf.DUMMYFUNCTION("IFERROR(VLOOKUP(C50,IMPORTRANGE(""https://docs.google.com/spreadsheets/d/1HZUHB8NvANAZR0sHDmHYVAm2WE9kNv0pGIQA48Ryim8/edit?gid=1285727875#gid=1285727875"",""Cost!A2:G""),7,0))"),930.0) -> 930 | N50: =IFERROR(F50/$M50,"") -> 3.9569892 | X50: 51 | Y50: =A50&X50 -> ASPIRE 5251
A51: ASPIRE 52 | B51: =C51 -> 5252 | C51: 5252 | D51: Single Lever Basin Mixer Tall Body without Popup Waste System | E51: 5380 | F51: 5880 | G51: =IFERROR((F51-E51)/E51,"") -> 0.092936803 | I51: =L51*M51 -> 6003.7059 | K51: =IFERROR(__xludf.DUMMYFUNCTION("IFERROR(VLOOKUP(C51,IMPORTRANGE(""https://docs.google.com/spreadsheets/d/1HZUHB8NvANAZR0sHDmHYVAm2WE9kNv0pGIQA48Ryim8/edit?gid=1285727875#gid=1285727875"",""Sheet1!A2:G""),7,0))"),1440.95) -> 1440.95 | L51: =IFERROR(E51/$K51,"") -> 3.7336479 | M51: =IFERROR(__xludf.DUMMYFUNCTION("IFERROR(VLOOKUP(C51,IMPORTRANGE(""https://docs.google.com/spreadsheets/d/1HZUHB8NvANAZR0sHDmHYVAm2WE9kNv0pGIQA48Ryim8/edit?gid=1285727875#gid=1285727875"",""Cost!A2:G""),7,0))"),1608.0) -> 1608 | N51: =IFERROR(F51/$M51,"") -> 3.6567164 | X51: 52 | Y51: =A51&X51 -> ASPIRE 5252
A52: ASPIRE 52 | B52: =C52 -> 5254-S | C52: 5254-S | D52: Single Lever Basin Mixer Wall Mount (Concealed) | E52: =SUM(E53:E54) -> 5640 | F52: =SUM(F53:F54) -> 6130 | G52: =IFERROR((F52-E52)/E52,"") -> 0.086879433 | I52: =L52*M52 -> 6121.7418 | K52: =IFERROR(__xludf.DUMMYFUNCTION("IFERROR(VLOOKUP(C52,IMPORTRANGE(""https://docs.google.com/spreadsheets/d/1HZUHB8NvANAZR0sHDmHYVAm2WE9kNv0pGIQA48Ryim8/edit?gid=1285727875#gid=1285727875"",""Sheet1!A2:G""),7,0))"),1551.48) -> 1551.48 | L52: =IFERROR(E52/$K52,"") -> 3.6352386 | M52: =IFERROR(__xludf.DUMMYFUNCTION("IFERROR(VLOOKUP(C52,IMPORTRANGE(""https://docs.google.com/spreadsheets/d/1HZUHB8NvANAZR0sHDmHYVAm2WE9kNv0pGIQA48Ryim8/edit?gid=1285727875#gid=1285727875"",""Cost!A2:G""),7,0))"),1684.0) -> 1684 | N52: =IFERROR(F52/$M52,"") -> 3.6401425 | X52: 54-S | Y52: =A52&X52 -> ASPIRE 5254-S
A53: ASPIRE 52 | B53: =C53 -> BD-40 | C53: BD-40 | D53: Single Lever Basin Mixer Wall Mount (Body, Cartridge, Sleeve & Nipple) | E53: 3680 | F53: 3990 | G53: =IFERROR((F53-E53)/E53,"") -> 0.08423913 | I53: =L53*M53 -> 4075.5998 | K53: =IFERROR(__xludf.DUMMYFUNCTION("IFERROR(VLOOKUP(C53,IMPORTRANGE(""https://docs.google.com/spreadsheets/d/1HZUHB8NvANAZR0sHDmHYVAm2WE9kNv0pGIQA48Ryim8/edit?gid=1285727875#gid=1285727875"",""Sheet1!A2:G""),7,0))"),966.14) -> 966.14 | L53: =IFERROR(E53/$K53,"") -> 3.8089718 | M53: =IFERROR(__xludf.DUMMYFUNCTION("IFERROR(VLOOKUP(C53,IMPORTRANGE(""https://docs.google.com/spreadsheets/d/1HZUHB8NvANAZR0sHDmHYVAm2WE9kNv0pGIQA48Ryim8/edit?gid=1285727875#gid=1285727875"",""Cost!A2:G""),7,0))"),1070.0) -> 1070 | N53: =IFERROR(F53/$M53,"") -> 3.728972 | X53: BD-40 | Y53: =A53&X53 -> ASPIRE 52BD-40
A54: ASPIRE 52 | B54: =C54 -> BB-52-S | C54: BB-52-S | D54: Exposed Parts (Wall Flange, Handle & Spout) | E54: 1960 | F54: 2140 | G54: =IFERROR((F54-E54)/E54,"") -> 0.091836735 | I54: =L54*M54 -> 2138.8193 | K54: =IFERROR(__xludf.DUMMYFUNCTION("IFERROR(VLOOKUP(C54,IMPORTRANGE(""https://docs.google.com/spreadsheets/d/1HZUHB8NvANAZR0sHDmHYVAm2WE9kNv0pGIQA48Ryim8/edit?gid=1285727875#gid=1285727875"",""Sheet1!A2:G""),7,0))"),559.0) -> 559 | L54: =IFERROR(E54/$K54,"") -> 3.5062612 | M54: =IFERROR(__xludf.DUMMYFUNCTION("IFERROR(VLOOKUP(C54,IMPORTRANGE(""https://docs.google.com/spreadsheets/d/1HZUHB8NvANAZR0sHDmHYVAm2WE9kNv0pGIQA48Ryim8/edit?gid=1285727875#gid=1285727875"",""Cost!A2:G""),7,0))"),610.0) -> 610 | N54: =IFERROR(F54/$M54,"") -> 3.5081967 | X54: BB-S | Y54: =A54&X54 -> ASPIRE 52BB-S
A55: ASPIRE 52 | B55: =C55 -> 5255 | C55: 5255 | D55: Sink Mixer with Regular Spout Wall Mounted with Flange | E55: 3550 | F55: 3880 | G55: =IFERROR((F55-E55)/E55,"") -> 0.092957746 | I55: =L55*M55 -> 3900.3785 | K55: =IFERROR(__xludf.DUMMYFUNCTION("IFERROR(VLOOKUP(C55,IMPORTRANGE(""https://docs.google.com/spreadsheets/d/1HZUHB8NvANAZR0sHDmHYVAm2WE9kNv0pGIQA48Ryim8/edit?gid=1285727875#gid=1285727875"",""Sheet1!A2:G""),7,0))"),866.48) -> 866.48 | L55: =IFERROR(E55/$K55,"") -> 4.0970363 | M55: =IFERROR(__xludf.DUMMYFUNCTION("IFERROR(VLOOKUP(C55,IMPORTRANGE(""https://docs.google.com/spreadsheets/d/1HZUHB8NvANAZR0sHDmHYVAm2WE9kNv0pGIQA48Ryim8/edit?gid=1285727875#gid=1285727875"",""Cost!A2:G""),7,0))"),952.0) -> 952 | N55: =IFERROR(F55/$M55,"") -> 4.0756303 | X55: 55 | Y55: =A55&X55 -> ASPIRE 5255
A56: ASPIRE 52 | B56: =C56 -> 5265 | C56: 5265 | D56: Wall Mixer Non Telephonic with Flange | E56: 3720 | F56: 3980 | G56: =IFERROR((F56-E56)/E56,"") -> 0.069892473 | I56: =L56*M56 -> 4076.0705 | K56: =IFERROR(__xludf.DUMMYFUNCTION("IFERROR(VLOOKUP(C56,IMPORTRANGE(""https://docs.google.com/spreadsheets/d/1HZUHB8NvANAZR0sHDmHYVAm2WE9kNv0pGIQA48Ryim8/edit?gid=1285727875#gid=1285727875"",""Sheet1!A2:G""),7,0))"),952.8) -> 952.8 | L56: =IFERROR(E56/$K56,"") -> 3.9042821 | M56: =IFERROR(__xludf.DUMMYFUNCTION("IFERROR(VLOOKUP(C56,IMPORTRANGE(""https://docs.google.com/spreadsheets/d/1HZUHB8NvANAZR0sHDmHYVAm2WE9kNv0pGIQA48Ryim8/edit?gid=1285727875#gid=1285727875"",""Cost!A2:G""),7,0))"),1044.0) -> 1044 | N56: =IFERROR(F56/$M56,"") -> 3.8122605 | X56: 65 | Y56: =A56&X56 -> ASPIRE 5265
A57: ASPIRE 52 | B57: =C57 -> 5270 | C57: 5270 | D57: Wall Mixer Telephonic with Crutch & Wall Flange (Provision For Hand Shower) | E57: 4970 | F57: 5380 | G57: =IFERROR((F57-E57)/E57,"") -> 0.08249497 | I57: =L57*M57 -> 5519.4207 | K57: =IFERROR(__xludf.DUMMYFUNCTION("IFERROR(VLOOKUP(C57,IMPORTRANGE(""https://docs.google.com/spreadsheets/d/1HZUHB8NvANAZR0sHDmHYVAm2WE9kNv0pGIQA48Ryim8/edit?gid=1285727875#gid=1285727875"",""Sheet1!A2:G""),7,0))"),1438.93) -> 1438.93 | L57: =IFERROR(E57/$K57,"") -> 3.4539554 | M57: =IFERROR(__xludf.DUMMYFUNCTION("IFERROR(VLOOKUP(C57,IMPORTRANGE(""https://docs.google.com/spreadsheets/d/1HZUHB8NvANAZR0sHDmHYVAm2WE9kNv0pGIQA48Ryim8/edit?gid=1285727875#gid=1285727875"",""Cost!A2:G""),7,0))"),1598.0) -> 1598 | N57: =IFERROR(F57/$M57,"") -> 3.3667084 | X57: 70 | Y57: =A57&X57 -> ASPIRE 5270
A58: ASPIRE 52 | B58: =C58 -> 5275 | C58: 5275 | D58: Wall Mixer "L" Bend with Wall Flange (Provision For Over Head Shower) | E58: 4970 | F58: 5380 | G58: =IFERROR((F58-E58)/E58,"") -> 0.08249497 | I58: =L58*M58 -> 5508.856 | K58: =IFERROR(__xludf.DUMMYFUNCTION("IFERROR(VLOOKUP(C58,IMPORTRANGE(""https://docs.google.com/spreadsheets/d/1HZUHB8NvANAZR0sHDmHYVAm2WE9kNv0pGIQA48Ryim8/edit?gid=1285727875#gid=1285727875"",""Sheet1!A2:G""),7,0))"),1404.7) -> 1404.7 | L58: =IFERROR(E58/$K58,"") -> 3.538122 | M58: =IFERROR(__xludf.DUMMYFUNCTION("IFERROR(VLOOKUP(C58,IMPORTRANGE(""https://docs.google.com/spreadsheets/d/1HZUHB8NvANAZR0sHDmHYVAm2WE9kNv0pGIQA48Ryim8/edit?gid=1285727875#gid=1285727875"",""Cost!A2:G""),7,0))"),1557.0) -> 1557 | N58: =IFERROR(F58/$M58,"") -> 3.4553629 | X58: 75 | Y58: =A58&X58 -> ASPIRE 5275
A59: ASPIRE 52 | B59: =C59 -> 5280 | C59: 5280 | D59: Wall Mixer 3 In 1 with Wall Flange (Provision For Over Head Shower & Hand Shower) | E59: 5780 | F59: 6280 | G59: =IFERROR((F59-E59)/E59,"") -> 0.08650519 | I59: =L59*M59 -> 6399.8539 | K59: =IFERROR(__xludf.DUMMYFUNCTION("IFERROR(VLOOKUP(C59,IMPORTRANGE(""https://docs.google.com/spreadsheets/d/1HZUHB8NvANAZR0sHDmHYVAm2WE9kNv0pGIQA48Ryim8/edit?gid=1285727875#gid=1285727875"",""Sheet1!A2:G""),7,0))"),1587.73) -> 1587.73 | L59: =IFERROR(E59/$K59,"") -> 3.6404175 | M59: =IFERROR(__xludf.DUMMYFUNCTION("IFERROR(VLOOKUP(C59,IMPORTRANGE(""https://docs.google.com/spreadsheets/d/1HZUHB8NvANAZR0sHDmHYVAm2WE9kNv0pGIQA48Ryim8/edit?gid=1285727875#gid=1285727875"",""Cost!A2:G""),7,0))"),1758.0) -> 1758 | N59: =IFERROR(F59/$M59,"") -> 3.5722412 | X59: 80 | Y59: =A59&X59 -> ASPIRE 5280
A60: ASPIRE 52 | B60: =C60 -> 5291-N | C60: 5291-N | D60: Single Lever Concealed Diverter Bath & Shower 40mm | E60: =SUM(E61:E62) -> 5980 | F60: =SUM(F61:F62) -> 6540 | G60: =IFERROR((F60-E60)/E60,"") -> 0.093645485 | I60: =L60*M60 -> 6580.4629 | K60: =IFERROR(__xludf.DUMMYFUNCTION("IFERROR(VLOOKUP(C60,IMPORTRANGE(""https://docs.google.com/spreadsheets/d/1HZUHB8NvANAZR0sHDmHYVAm2WE9kNv0pGIQA48Ryim8/edit?gid=1285727875#gid=1285727875"",""Sheet1!A2:G""),7,0))"),1738.44) -> 1738.44 | L60: =IFERROR(E60/$K60,"") -> 3.4398656 | M60: =IFERROR(__xludf.DUMMYFUNCTION("IFERROR(VLOOKUP(C60,IMPORTRANGE(""https://docs.google.com/spreadsheets/d/1HZUHB8NvANAZR0sHDmHYVAm2WE9kNv0pGIQA48Ryim8/edit?gid=1285727875#gid=1285727875"",""Cost!A2:G""),7,0))"),1913.0) -> 1913 | N60: =IFERROR(F60/$M60,"") -> 3.4187141 | X60: 91 | Y60: =A60&X60 -> ASPIRE 5291
A61: ASPIRE 52 | B61: =C61 -> PD-40-N | C61: PD-40-N | D61: Concealed Diverter Body 40mm (Cartridge, Sleeve, Tipton Assembly) | E61: 4240 | F61: 4580 | G61: =IFERROR((F61-E61)/E61,"") -> 0.080188679 | I61: =L61*M61 -> 4549.6226 | K61: =IFERROR(__xludf.DUMMYFUNCTION("IFERROR(VLOOKUP(C61,IMPORTRANGE(""https://docs.google.com/spreadsheets/d/1HZUHB8NvANAZR0sHDmHYVAm2WE9kNv0pGIQA48Ryim8/edit?gid=1285727875#gid=1285727875"",""Sheet1!A2:G""),7,0))"),1298.2) -> 1298.2 | L61: =IFERROR(E61/$K61,"") -> 3.2660607 | M61: =IFERROR(__xludf.DUMMYFUNCTION("IFERROR(VLOOKUP(C61,IMPORTRANGE(""https://docs.google.com/spreadsheets/d/1HZUHB8NvANAZR0sHDmHYVAm2WE9kNv0pGIQA48Ryim8/edit?gid=1285727875#gid=1285727875"",""Cost!A2:G""),7,0))"),1393.0) -> 1393 | N61: =IFERROR(F61/$M61,"") -> 3.2878679 | X61: PD-40-N | Y61: =A61&X61 -> ASPIRE 52PD-40-N
A62: ASPIRE 52 | B62: =C62 -> DB-52-N | C62: DB-52-N | D62: Exposed Parts (Wall Flange & Handle) | E62: 1740 | F62: 1960 | G62: =IFERROR((F62-E62)/E62,"") -> 0.12643678 | I62: =L62*M62 -> 2057.4728 | K62: =IFERROR(__xludf.DUMMYFUNCTION("IFERROR(VLOOKUP(C62,IMPORTRANGE(""https://docs.google.com/spreadsheets/d/1HZUHB8NvANAZR0sHDmHYVAm2WE9kNv0pGIQA48Ryim8/edit?gid=1285727875#gid=1285727875"",""Sheet1!A2:G""),7,0))"),436.38) -> 436.38 | L62: =IFERROR(E62/$K62,"") -> 3.9873505 | M62: =IFERROR(__xludf.DUMMYFUNCTION("IFERROR(VLOOKUP(C62,IMPORTRANGE(""https://docs.google.com/spreadsheets/d/1HZUHB8NvANAZR0sHDmHYVAm2WE9kNv0pGIQA48Ryim8/edit?gid=1285727875#gid=1285727875"",""Cost!A2:G""),7,0))"),516.0) -> 516 | N62: =IFERROR(F62/$M62,"") -> 3.7984496 | X62: DB | Y62: =A62&X62 -> ASPIRE 52DB
A63: ASPIRE 52 | B63: =C63 -> 5292-N | C63: 5292-N | D63: Single Lever High Flow Concealed Diverter Bath & Shower 46mm | E63: =SUM(E64:E65) -> 6720 | F63: =SUM(F64:F65) -> 7450 | G63: =IFERROR((F63-E63)/E63,"") -> 0.10863095 | I63: =L63*M63 -> 7552.6544 | K63: =IFERROR(__xludf.DUMMYFUNCTION("IFERROR(VLOOKUP(C63,IMPORTRANGE(""https://docs.google.com/spreadsheets/d/1HZUHB8NvANAZR0sHDmHYVAm2WE9kNv0pGIQA48Ryim8/edit?gid=1285727875#gid=1285727875"",""Sheet1!A2:G""),7,0))"),2020.63) -> 2020.63 | L63: =IFERROR(E63/$K63,"") -> 3.3256955 | M63: =IFERROR(__xludf.DUMMYFUNCTION("IFERROR(VLOOKUP(C63,IMPORTRANGE(""https://docs.google.com/spreadsheets/d/1HZUHB8NvANAZR0sHDmHYVAm2WE9kNv0pGIQA48Ryim8/edit?gid=1285727875#gid=1285727875"",""Cost!A2:G""),7,0))"),2271.0) -> 2271 | N63: =IFERROR(F63/$M63,"") -> 3.2804932 | X63: 92 | Y63: =A63&X63 -> ASPIRE 5292
A64: ASPIRE 52 | B64: =C64 -> PD-46-H-N | C64: PD-46-H-N | D64: High Flow Concealed Diverter Body 46mm (Cartridge, Sleeve, Tipton Assembly) | E64: 4980 | F64: 5490 | G64: =IFERROR((F64-E64)/E64,"") -> 0.10240964 | I64: =L64*M64 -> 5513.4264 | K64: =IFERROR(__xludf.DUMMYFUNCTION("IFERROR(VLOOKUP(C64,IMPORTRANGE(""https://docs.google.com/spreadsheets/d/1HZUHB8NvANAZR0sHDmHYVAm2WE9kNv0pGIQA48Ryim8/edit?gid=1285727875#gid=1285727875"",""Sheet1!A2:G""),7,0))"),1581.59) -> 1581.59 | L64: =IFERROR(E64/$K64,"") -> 3.1487301 | M64: =IFERROR(__xludf.DUMMYFUNCTION("IFERROR(VLOOKUP(C64,IMPORTRANGE(""https://docs.google.com/spreadsheets/d/1HZUHB8NvANAZR0sHDmHYVAm2WE9kNv0pGIQA48Ryim8/edit?gid=1285727875#gid=1285727875"",""Cost!A2:G""),7,0))"),1751.0) -> 1751 | N64: =IFERROR(F64/$M64,"") -> 3.1353512 | X64: PD-46-H-N | Y64: =A64&X64 -> ASPIRE 52PD-46-H-N
A65: ASPIRE 52 | B65: =C65 -> DB-52-H-N | C65: DB-52-H-N | D65: Exposed Parts (Wall Flange & Handle) | E65: 1740 | F65: =F62 -> 1960 | G65: =IFERROR((F65-E65)/E65,"") -> 0.12643678 | I65: =L65*M65 -> 2057.0015 | K65: =IFERROR(__xludf.DUMMYFUNCTION("IFERROR(VLOOKUP(C65,IMPORTRANGE(""https://docs.google.com/spreadsheets/d/1HZUHB8NvANAZR0sHDmHYVAm2WE9kNv0pGIQA48Ryim8/edit?gid=1285727875#gid=1285727875"",""Sheet1!A2:G""),7,0))"),436.48) -> 436.48 | L65: =IFERROR(E65/$K65,"") -> 3.9864369 | M65: =IFERROR(__xludf.DUMMYFUNCTION("IFERROR(VLOOKUP(C65,IMPORTRANGE(""https://docs.google.com/spreadsheets/d/1HZUHB8NvANAZR0sHDmHYVAm2WE9kNv0pGIQA48Ryim8/edit?gid=1285727875#gid=1285727875"",""Cost!A2:G""),7,0))"),516.0) -> 516 | N65: =IFERROR(F65/$M65,"") -> 3.7984496 | X65: DB | Y65: =A65&X65 -> ASPIRE 52DB
A66: ASPIRE 52 | B66: =C66 -> 5292-ON-OFF-N | C66: 5292-ON-OFF-N | D66: Single Lever High Flow Concealed Diverter Bath & Shower 46mm (ON-OFF) | E66: =SUM(E67:E68) -> 6720 | F66: =SUM(F67:F68) -> 7450 | G66: =IFERROR((F66-E66)/E66,"") -> 0.10863095 | I66: =L66*M66 -> 7629.8535 | K66: =IFERROR(__xludf.DUMMYFUNCTION("IFERROR(VLOOKUP(C66,IMPORTRANGE(""https://docs.google.com/spreadsheets/d/1HZUHB8NvANAZR0sHDmHYVAm2WE9kNv0pGIQA48Ryim8/edit?gid=1285727875#gid=1285727875"",""Sheet1!A2:G""),7,0))"),1806.42) -> 1806.42 | L66: =IFERROR(E66/$K66,"") -> 3.7200651 | M66: =IFERROR(__xludf.DUMMYFUNCTION("IFERROR(VLOOKUP(C66,IMPORTRANGE(""https://docs.google.com/spreadsheets/d/1HZUHB8NvANAZR0sHDmHYVAm2WE9kNv0pGIQA48Ryim8/edit?gid=1285727875#gid=1285727875"",""Cost!A2:G""),7,0))"),2051.0) -> 2051 | N66: =IFERROR(F66/$M66,"") -> 3.6323745 | X66: 92-ON-OFF | Y66: =A66&X66 -> ASPIRE 5292-ON-OFF
A67: ASPIRE 52 | B67: =C67 -> PD-46-H-ON-OFF-N | C67: PD-46-H-ON-OFF-N | D67: High Flow Concealed Diverter Body 46mm (Cartridge, Sleeve, On-Off Assembly) | E67: =E64-240 -> 4740 | F67: =F64-$X$1 -> 5250 | G67: =IFERROR((F67-E67)/E67,"") -> 0.10759494 | I67: =L67*M67 -> 5306.7979 | K67: =IFERROR(__xludf.DUMMYFUNCTION("IFERROR(VLOOKUP(C67,IMPORTRANGE(""https://docs.google.com/spreadsheets/d/1HZUHB8NvANAZR0sHDmHYVAm2WE9kNv0pGIQA48Ryim8/edit?gid=1285727875#gid=1285727875"",""Sheet1!A2:G""),7,0))"),1367.48) -> 1367.48 | L67: =IFERROR(E67/$K67,"") -> 3.4662299 | M67: =IFERROR(__xludf.DUMMYFUNCTION("IFERROR(VLOOKUP(C67,IMPORTRANGE(""https://docs.google.com/spreadsheets/d/1HZUHB8NvANAZR0sHDmHYVAm2WE9kNv0pGIQA48Ryim8/edit?gid=1285727875#gid=1285727875"",""Cost!A2:G""),7,0))"),1531.0) -> 1531 | N67: =IFERROR(F67/$M67,"") -> 3.4291313 | X67: PD-ON-OFF | Y67: =A67&X67 -> ASPIRE 52PD-ON-OFF
A68: ASPIRE 52 | B68: =C68 -> DB-52-H-ON-OFF-N | C68: DB-52-H-ON-OFF-N | D68: Exposed Parts (Wall Flange & Handle) | E68: =E65+240 -> 1980 | F68: =F65+$X$1 -> 2200 | G68: =IFERROR((F68-E68)/E68,"") -> 0.11111111 | I68: =L68*M68 -> 2343.1683 | K68: =IFERROR(__xludf.DUMMYFUNCTION("IFERROR(VLOOKUP(C68,IMPORTRANGE(""https://docs.google.com/spreadsheets/d/1HZUHB8NvANAZR0sHDmHYVAm2WE9kNv0pGIQA48Ryim8/edit?gid=1285727875#gid=1285727875"",""Sheet1!A2:G""),7,0))"),435.18) -> 435.18 | L68: =IFERROR(E68/$K68,"") -> 4.5498414 | M68: =IFERROR(__xludf.DUMMYFUNCTION("IFERROR(VLOOKUP(C68,IMPORTRANGE(""https://docs.google.com/spreadsheets/d/1HZUHB8NvANAZR0sHDmHYVAm2WE9kNv0pGIQA48Ryim8/edit?gid=1285727875#gid=1285727875"",""Cost!A2:G""),7,0))"),515.0) -> 515 | N68: =IFERROR(F68/$M68,"") -> 4.2718447 | X68: DB-ON-OFF | Y68: =A68&X68 -> ASPIRE 52DB-ON-OFF
A69: ASPIRE 52 | C69: 5292-P | D69: Single Lever High Flow Concealed Diverter Bath & Shower 46mm | E69: NEW | F69: =SUM(F70:F71) -> 7450 | G69: =IFERROR((F69-E69)/E69,"") | I69: =L69*M69 -> 0 | K69: =IFERROR(__xludf.DUMMYFUNCTION("IFERROR(VLOOKUP(C69,IMPORTRANGE(""https://docs.google.com/spreadsheets/d/1HZUHB8NvANAZR0sHDmHYVAm2WE9kNv0pGIQA48Ryim8/edit?gid=1285727875#gid=1285727875"",""Sheet1!A2:G""),7,0))"),"") | L69: =IFERROR(E69/$K69,"") | M69: =SUM(M70:M71) -> 2224.72 | N69: =IFERROR(F69/$M69,"") -> 3.348736 | X69: 92-P | Y69: =A69&X69 -> ASPIRE 5292-P
A70: ASPIRE 52 | C70: PD-46-H-P | D70: High Flow Concealed Diverter Body 46mm (Cartridge, Tipton Sleeve without Plated) | E70: NEW | F70: =F64-$Y$1 -> 4990 | G70: =IFERROR((F70-E70)/E70,"") | I70: =L70*M70 -> 0 | K70: =IFERROR(__xludf.DUMMYFUNCTION("IFERROR(VLOOKUP(C70,IMPORTRANGE(""https://docs.google.com/spreadsheets/d/1HZUHB8NvANAZR0sHDmHYVAm2WE9kNv0pGIQA48Ryim8/edit?gid=1285727875#gid=1285727875"",""Sheet1!A2:G""),7,0))"),"") | L70: =IFERROR(E70/$K70,"") | M70: =IFERROR(__xludf.DUMMYFUNCTION("IFERROR(VLOOKUP(C70,IMPORTRANGE(""https://docs.google.com/spreadsheets/d/1HZUHB8NvANAZR0sHDmHYVAm2WE9kNv0pGIQA48Ryim8/edit?gid=1285727875#gid=1285727875"",""Diverter & Upper!A2:B""),2,0))"),1585.45) -> 1585.45 | N70: =IFERROR(F70/$M70,"") -> 3.1473714 | X70: PD-46-H-P | Y70: =A70&X70 -> ASPIRE 52PD-46-H-P
A71: ASPIRE 52 | C71: DB-52-H-P | D71: Exposed Parts (Wall Flange, Handle, Sleeve & Knob) | E71: NEW | F71: =F65+$Y$1 -> 2460 | G71: =IFERROR((F71-E71)/E71,"") | I71: =L71*M71 -> 0 | K71: =IFERROR(__xludf.DUMMYFUNCTION("IFERROR(VLOOKUP(C71,IMPORTRANGE(""https://docs.google.com/spreadsheets/d/1HZUHB8NvANAZR0sHDmHYVAm2WE9kNv0pGIQA48Ryim8/edit?gid=1285727875#gid=1285727875"",""Sheet1!A2:G""),7,0))"),"") | L71: =IFERROR(E71/$K71,"") | M71: =IFERROR(__xludf.DUMMYFUNCTION("IFERROR(VLOOKUP(C71,IMPORTRANGE(""https://docs.google.com/spreadsheets/d/1HZUHB8NvANAZR0sHDmHYVAm2WE9kNv0pGIQA48Ryim8/edit?gid=1285727875#gid=1285727875"",""Diverter & Upper!A2:B""),2,0))"),639.27) -> 639.27 | N71: =IFERROR(F71/$M71,"") -> 3.8481393 | X71: DB-P | Y71: =A71&X71 -> ASPIRE 52DB-P
A72: ASPIRE 52 | C72: 5292-ON-OFF-P | D72: Single Lever High Flow Concealed Diverter Bath & Shower 46mm (ON-OFF) | E72: NEW | F72: =SUM(F73:F74) -> 7450 | G72: =IFERROR((F72-E72)/E72,"") | I72: =L72*M72 -> 0 | K72: =IFERROR(__xludf.DUMMYFUNCTION("IFERROR(VLOOKUP(C72,IMPORTRANGE(""https://docs.google.com/spreadsheets/d/1HZUHB8NvANAZR0sHDmHYVAm2WE9kNv0pGIQA48Ryim8/edit?gid=1285727875#gid=1285727875"",""Sheet1!A2:G""),7,0))"),"") | L72: =IFERROR(E72/$K72,"") | M72: =SUM(M73:M74) -> 2007.85 | N72: =IFERROR(F72/$M72,"") -> 3.7104365 | X72: 92-ON-OFF-P | Y72: =A72&X72 -> ASPIRE 5292-ON-OFF-P
A73: ASPIRE 52 | C73: PD-46-H-ON-OFF-P | D73: High Flow Concealed Diverter Body 46mm (Cartridge, On-Off Tipton Sleeve without Plated) | E73: NEW | F73: =F70-$X$1 -> 4750 | G73: =IFERROR((F73-E73)/E73,"") | I73: =L73*M73 -> 0 | K73: =IFERROR(__xludf.DUMMYFUNCTION("IFERROR(VLOOKUP(C73,IMPORTRANGE(""https://docs.google.com/spreadsheets/d/1HZUHB8NvANAZR0sHDmHYVAm2WE9kNv0pGIQA48Ryim8/edit?gid=1285727875#gid=1285727875"",""Sheet1!A2:G""),7,0))"),"") | L73: =IFERROR(E73/$K73,"") | M73: =IFERROR(__xludf.DUMMYFUNCTION("IFERROR(VLOOKUP(C73,IMPORTRANGE(""https://docs.google.com/spreadsheets/d/1HZUHB8NvANAZR0sHDmHYVAm2WE9kNv0pGIQA48Ryim8/edit?gid=1285727875#gid=1285727875"",""Diverter & Upper!A2:B""),2,0))"),1357.68) -> 1357.68 | N73: =IFERROR(F73/$M73,"") -> 3.4986153 | X73: PD-ON-OFF-P | Y73: =A73&X73 -> ASPIRE 52PD-ON-OFF-P
A74: ASPIRE 52 | C74: DB-52-H-ON-OFF-P | D74: Exposed Parts (Wall Flange, Handle, Sleeve & Knob) | E74: NEW | F74: =F71+$X$1 -> 2700 | G74: =IFERROR((F74-E74)/E74,"") | I74: =L74*M74 -> 0 | K74: =IFERROR(__xludf.DUMMYFUNCTION("IFERROR(VLOOKUP(C74,IMPORTRANGE(""https://docs.google.com/spreadsheets/d/1HZUHB8NvANAZR0sHDmHYVAm2WE9kNv0pGIQA48Ryim8/edit?gid=1285727875#gid=1285727875"",""Sheet1!A2:G""),7,0))"),"") | L74: =IFERROR(E74/$K74,"") | M74: =IFERROR(__xludf.DUMMYFUNCTION("IFERROR(VLOOKUP(C74,IMPORTRANGE(""https://docs.google.com/spreadsheets/d/1HZUHB8NvANAZR0sHDmHYVAm2WE9kNv0pGIQA48Ryim8/edit?gid=1285727875#gid=1285727875"",""Diverter & Upper!A2:B""),2,0))"),650.17) -> 650.17 | N74: =IFERROR(F74/$M74,"") -> 4.15276 | X74: DB-ON-OFF-P | Y74: =A74&X74 -> ASPIRE 52DB-ON-OFF-P
A75: ASPIRE 52 | B75: =C75 -> 5293-N | C75: 5293-N | D75: Single Lever 3 In Let Concealed Diverter Bath & Shower 46mm | E75: =SUM(E76:E77) -> 6720 | F75: =SUM(F76:F77) -> 7450 | G75: =IFERROR((F75-E75)/E75,"") -> 0.10863095 | I75: =L75*M75 -> 7434.4647 | K75: =IFERROR(__xludf.DUMMYFUNCTION("IFERROR(VLOOKUP(C75,IMPORTRANGE(""https://docs.google.com/spreadsheets/d/1HZUHB8NvANAZR0sHDmHYVAm2WE9kNv0pGIQA48Ryim8/edit?gid=1285727875#gid=1285727875"",""Sheet1!A2:G""),7,0))"),1973.21) -> 1973.21 | L75: =IFERROR(E75/$K75,"") -> 3.4056183 | M75: =IFERROR(__xludf.DUMMYFUNCTION("IFERROR(VLOOKUP(C75,IMPORTRANGE(""https://docs.google.com/spreadsheets/d/1HZUHB8NvANAZR0sHDmHYVAm2WE9kNv0pGIQA48Ryim8/edit?gid=1285727875#gid=1285727875"",""Cost!A2:G""),7,0))"),2183.0) -> 2183 | N75: =IFERROR(F75/$M75,"") -> 3.4127348 | X75: 93 | Y75: =A75&X75 -> ASPIRE 5293
A76: ASPIRE 52 | B76: =C76 -> PD-3 IN-N | C76: PD-3 IN-N | D76: 3 In Let Concealed Diverter Body 46mm (Cartridge, Sleeve, Tipton Assembly) | E76: 4980 | F76: 5490 | G76: =IFERROR((F76-E76)/E76,"") -> 0.10240964 | I76: =L76*M76 -> 5395.7853 | K76: =IFERROR(__xludf.DUMMYFUNCTION("IFERROR(VLOOKUP(C76,IMPORTRANGE(""https://docs.google.com/spreadsheets/d/1HZUHB8NvANAZR0sHDmHYVAm2WE9kNv0pGIQA48Ryim8/edit?gid=1285727875#gid=1285727875"",""Sheet1!A2:G""),7,0))"),1543.16) -> 1543.16 | L76: =IFERROR(E76/$K76,"") -> 3.2271443 | M76: =IFERROR(__xludf.DUMMYFUNCTION("IFERROR(VLOOKUP(C76,IMPORTRANGE(""https://docs.google.com/spreadsheets/d/1HZUHB8NvANAZR0sHDmHYVAm2WE9kNv0pGIQA48Ryim8/edit?gid=1285727875#gid=1285727875"",""Cost!A2:G""),7,0))"),1672.0) -> 1672 | N76: =IFERROR(F76/$M76,"") -> 3.2834928 | X76: PD-3 IN-N | Y76: =A76&X76 -> ASPIRE 52PD-3 IN-N
A77: ASPIRE 52 | B77: =C77 -> DB-52-3 IN-N | C77: DB-52-3 IN-N | D77: Exposed Parts (Wall Flange & Handle) | E77: 1740 | F77: =F62 -> 1960 | G77: =IFERROR((F77-E77)/E77,"") -> 0.12643678 | I77: =L77*M77 -> 2059.6212 | K77: =IFERROR(__xludf.DUMMYFUNCTION("IFERROR(VLOOKUP(C77,IMPORTRANGE(""https://docs.google.com/spreadsheets/d/1HZUHB8NvANAZR0sHDmHYVAm2WE9kNv0pGIQA48Ryim8/edit?gid=1285727875#gid=1285727875"",""Sheet1!A2:G""),7,0))"),435.08) -> 435.08 | L77: =IFERROR(E77/$K77,"") -> 3.9992645 | M77: =IFERROR(__xludf.DUMMYFUNCTION("IFERROR(VLOOKUP(C77,IMPORTRANGE(""https://docs.google.com/spreadsheets/d/1HZUHB8NvANAZR0sHDmHYVAm2WE9kNv0pGIQA48Ryim8/edit?gid=1285727875#gid=1285727875"",""Cost!A2:G""),7,0))"),515.0) -> 515 | N77: =IFERROR(F77/$M77,"") -> 3.8058252 | X77: DB | Y77: =A77&X77 -> ASPIRE 52DB
A78: ASPIRE 52 | B78: =C78 -> 5293-ON-OFF-N | C78: 5293-ON-OFF-N | D78: Single Lever 3 In Let Concealed Diverter Bath & Shower 46mm (ON-OFF) | E78: =SUM(E79:E80) -> 6720 | F78: =SUM(F79:F80) -> 7450 | G78: =IFERROR((F78-E78)/E78,"") -> 0.10863095 | I78: =L78*M78 -> 7521.1483 | K78: =IFERROR(__xludf.DUMMYFUNCTION("IFERROR(VLOOKUP(C78,IMPORTRANGE(""https://docs.google.com/spreadsheets/d/1HZUHB8NvANAZR0sHDmHYVAm2WE9kNv0pGIQA48Ryim8/edit?gid=1285727875#gid=1285727875"",""Sheet1!A2:G""),7,0))"),2002.29) -> 2002.29 | L78: =IFERROR(E78/$K78,"") -> 3.3561572 | M78: =IFERROR(__xludf.DUMMYFUNCTION("IFERROR(VLOOKUP(C78,IMPORTRANGE(""https://docs.google.com/spreadsheets/d/1HZUHB8NvANAZR0sHDmHYVAm2WE9kNv0pGIQA48Ryim8/edit?gid=1285727875#gid=1285727875"",""Cost!A2:G""),7,0))"),2241.0) -> 2241 | N78: =IFERROR(F78/$M78,"") -> 3.3244087 | X78: 93-ON-OFF | Y78: =A78&X78 -> ASPIRE 5293-ON-OFF
A79: ASPIRE 52 | B79: =C79 -> PD-3 IN-ON-OFF-N | C79: PD-3 IN-ON-OFF-N | D79: 3 In Let Concealed Diverter Body 46mm (Cartridge, Sleeve, On-Off Assembly) | E79: =E76-240 -> 4740 | F79: =F76-$X$1 -> 5250 | G79: =IFERROR((F79-E79)/E79,"") -> 0.10759494 | I79: =L79*M79 -> 5217.0191 | K79: =IFERROR(__xludf.DUMMYFUNCTION("IFERROR(VLOOKUP(C79,IMPORTRANGE(""https://docs.google.com/spreadsheets/d/1HZUHB8NvANAZR0sHDmHYVAm2WE9kNv0pGIQA48Ryim8/edit?gid=1285727875#gid=1285727875"",""Sheet1!A2:G""),7,0))"),1570.0) -> 1570 | L79: =IFERROR(E79/$K79,"") -> 3.0191083 | M79: =IFERROR(__xludf.DUMMYFUNCTION("IFERROR(VLOOKUP(C79,IMPORTRANGE(""https://docs.google.com/spreadsheets/d/1HZUHB8NvANAZR0sHDmHYVAm2WE9kNv0pGIQA48Ryim8/edit?gid=1285727875#gid=1285727875"",""Cost!A2:G""),7,0))"),1728.0) -> 1728 | N79: =IFERROR(F79/$M79,"") -> 3.0381944 | X79: PD-ON-OFF | Y79: =A79&X79 -> ASPIRE 52PD-ON-OFF
A80: ASPIRE 52 | B80: =C80 -> DB-52-3 IN-ON-OFF-N | C80: DB-52-3 IN-ON-OFF-N | D80: Exposed Parts (Wall Flange & Handle) | E80: =E77+240 -> 1980 | F80: =F77+$X$1 -> 2200 | G80: =IFERROR((F80-E80)/E80,"") -> 0.11111111 | I80: =L80*M80 -> 2343.7069 | K80: =IFERROR(__xludf.DUMMYFUNCTION("IFERROR(VLOOKUP(C80,IMPORTRANGE(""https://docs.google.com/spreadsheets/d/1HZUHB8NvANAZR0sHDmHYVAm2WE9kNv0pGIQA48Ryim8/edit?gid=1285727875#gid=1285727875"",""Sheet1!A2:G""),7,0))"),435.08) -> 435.08 | L80: =IFERROR(E80/$K80,"") -> 4.5508872 | M80: =IFERROR(__xludf.DUMMYFUNCTION("IFERROR(VLOOKUP(C80,IMPORTRANGE(""https://docs.google.com/spreadsheets/d/1HZUHB8NvANAZR0sHDmHYVAm2WE9kNv0pGIQA48Ryim8/edit?gid=1285727875#gid=1285727875"",""Cost!A2:G""),7,0))"),515.0) -> 515 | N80: =IFERROR(F80/$M80,"") -> 4.2718447 | X80: DB-ON-OFF | Y80: =A80&X80 -> ASPIRE 52DB-ON-OFF
A81: ASPIRE 52 | B81: =C81 -> 5295 | C81: 5295 | D81: Bath Tub Spout with Flange | E81: 1170 | F81: 1290 | G81: =IFERROR((F81-E81)/E81,"") -> 0.1025641 | I81: =L81*M81 -> 1291.2495 | K81: =IFERROR(__xludf.DUMMYFUNCTION("IFERROR(VLOOKUP(C81,IMPORTRANGE(""https://docs.google.com/spreadsheets/d/1HZUHB8NvANAZR0sHDmHYVAm2WE9kNv0pGIQA48Ryim8/edit?gid=1285727875#gid=1285727875"",""Sheet1!A2:G""),7,0))"),292.67) -> 292.67 | L81: =IFERROR(E81/$K81,"") -> 3.9976766 | M81: =IFERROR(__xludf.DUMMYFUNCTION("IFERROR(VLOOKUP(C81,IMPORTRANGE(""https://docs.google.com/spreadsheets/d/1HZUHB8NvANAZR0sHDmHYVAm2WE9kNv0pGIQA48Ryim8/edit?gid=1285727875#gid=1285727875"",""Cost!A2:G""),7,0))"),323.0) -> 323 | N81: =IFERROR(F81/$M81,"") -> 3.9938081 | X81: 95 | Y81: =A81&X81 -> ASPIRE 5295
A82: ASPIRE 52 | B82: =C82 -> 5296 | C82: 5296 | D82: Bath Tub Spout Tip Ton with Flange | E82: 1930 | F82: 2160 | G82: =IFERROR((F82-E82)/E82,"") -> 0.11917098 | I82: =L82*M82 -> 2127.4476 | K82: =IFERROR(__xludf.DUMMYFUNCTION("IFERROR(VLOOKUP(C82,IMPORTRANGE(""https://docs.google.com/spreadsheets/d/1HZUHB8NvANAZR0sHDmHYVAm2WE9kNv0pGIQA48Ryim8/edit?gid=1285727875#gid=1285727875"",""Sheet1!A2:G""),7,0))"),490.79) -> 490.79 | L82: =IFERROR(E82/$K82,"") -> 3.9324355 | M82: =IFERROR(__xludf.DUMMYFUNCTION("IFERROR(VLOOKUP(C82,IMPORTRANGE(""https://docs.google.com/spreadsheets/d/1HZUHB8NvANAZR0sHDmHYVAm2WE9kNv0pGIQA48Ryim8/edit?gid=1285727875#gid=1285727875"",""Cost!A2:G""),7,0))"),541.0) -> 541 | N82: =IFERROR(F82/$M82,"") -> 3.9926063 | X82: 96 | Y82: =A82&X82 -> ASPIRE 5296
A83: ASPIRE 52 | B83: =C83 -> 5298 | C83: 5298 | D83: Flush Cock 25mm Half Turn with Adjustable Flange | E83: 2150 | F83: 2380 | G83: =IFERROR((F83-E83)/E83,"") -> 0.10697674 | I83: =L83*M83 -> 2385.2732 | K83: =IFERROR(__xludf.DUMMYFUNCTION("IFERROR(VLOOKUP(C83,IMPORTRANGE(""https://docs.google.com/spreadsheets/d/1HZUHB8NvANAZR0sHDmHYVAm2WE9kNv0pGIQA48Ryim8/edit?gid=1285727875#gid=1285727875"",""Sheet1!A2:G""),7,0))"),660.7) -> 660.7 | L83: =IFERROR(E83/$K83,"") -> 3.2541244 | M83: =IFERROR(__xludf.DUMMYFUNCTION("IFERROR(VLOOKUP(C83,IMPORTRANGE(""https://docs.google.com/spreadsheets/d/1HZUHB8NvANAZR0sHDmHYVAm2WE9kNv0pGIQA48Ryim8/edit?gid=1285727875#gid=1285727875"",""Cost!A2:G""),7,0))"),733.0) -> 733 | N83: =IFERROR(F83/$M83,"") -> 3.2469304 | X83: 98 | Y83: =A83&X83 -> ASPIRE 5298
A84: ORBIT 53 | B84: =C84 -> 5302 | C84: 5302 | D84: Pillar Cock | E84: 1290 | F84: 1390 | G84: =IFERROR((F84-E84)/E84,"") -> 0.07751938 | I84: =L84*M84 -> 1412.1582 | K84: =IFERROR(__xludf.DUMMYFUNCTION("IFERROR(VLOOKUP(C84,IMPORTRANGE(""https://docs.google.com/spreadsheets/d/1HZUHB8NvANAZR0sHDmHYVAm2WE9kNv0pGIQA48Ryim8/edit?gid=1285727875#gid=1285727875"",""Sheet1!A2:G""),7,0))"),394.63) -> 394.63 | L84: =IFERROR(E84/$K84,"") -> 3.2688848 | M84: =IFERROR(__xludf.DUMMYFUNCTION("IFERROR(VLOOKUP(C84,IMPORTRANGE(""https://docs.google.com/spreadsheets/d/1HZUHB8NvANAZR0sHDmHYVAm2WE9kNv0pGIQA48Ryim8/edit?gid=1285727875#gid=1285727875"",""Cost!A2:G""),7,0))"),432.0) -> 432 | N84: =IFERROR(F84/$M84,"") -> 3.2175926 | X84: 02 | Y84: =A84&X84 -> ORBIT 5302
A85: ORBIT 53 | B85: =C85 -> 5306 | C85: 5306 | D85: Bib Cock with Wall Flange | E85: 1040 | F85: 1140 | G85: =IFERROR((F85-E85)/E85,"") -> 0.096153846 | I85: =L85*M85 -> 1132.8976 | K85: =IFERROR(__xludf.DUMMYFUNCTION("IFERROR(VLOOKUP(C85,IMPORTRANGE(""https://docs.google.com/spreadsheets/d/1HZUHB8NvANAZR0sHDmHYVAm2WE9kNv0pGIQA48Ryim8/edit?gid=1285727875#gid=1285727875"",""Sheet1!A2:G""),7,0))"),302.94) -> 302.94 | L85: =IFERROR(E85/$K85,"") -> 3.433023 | M85: =IFERROR(__xludf.DUMMYFUNCTION("IFERROR(VLOOKUP(C85,IMPORTRANGE(""https://docs.google.com/spreadsheets/d/1HZUHB8NvANAZR0sHDmHYVAm2WE9kNv0pGIQA48Ryim8/edit?gid=1285727875#gid=1285727875"",""Cost!A2:G""),7,0))"),330.0) -> 330 | N85: =IFERROR(F85/$M85,"") -> 3.4545455 | X85: 06 | Y85: =A85&X85 -> ORBIT 5306
A86: ORBIT 53 | B86: =C86 -> 5307 | C86: 5307 | D86: Concealed Wall Mount Pillar Cock | E86: =SUM(E87:E88) -> 2680 | F86: =SUM(F87:F88) -> 2840 | G86: =IFERROR((F86-E86)/E86,"") -> 0.059701493 | I86: =L86*M86 -> 2890.1601 | K86: =IFERROR(__xludf.DUMMYFUNCTION("IFERROR(VLOOKUP(C86,IMPORTRANGE(""https://docs.google.com/spreadsheets/d/1HZUHB8NvANAZR0sHDmHYVAm2WE9kNv0pGIQA48Ryim8/edit?gid=1285727875#gid=1285727875"",""Sheet1!A2:G""),7,0))"),730.7) -> 730.7 | L86: =IFERROR(E86/$K86,"") -> 3.6677159 | M86: =IFERROR(__xludf.DUMMYFUNCTION("IFERROR(VLOOKUP(C86,IMPORTRANGE(""https://docs.google.com/spreadsheets/d/1HZUHB8NvANAZR0sHDmHYVAm2WE9kNv0pGIQA48Ryim8/edit?gid=1285727875#gid=1285727875"",""Cost!A2:G""),7,0))"),788.0) -> 788 | N86: =IFERROR(F86/$M86,"") -> 3.6040609 | X86: 07 | Y86: =A86&X86 -> ORBIT 5307
A87: ORBIT 53 | B87: =C87 -> CP-07 | C87: CP-07 | D87: Concealed Pillar Cock Body 15mm | E87: 1390 | F87: 1490 | G87: =IFERROR((F87-E87)/E87,"") -> 0.071942446 | I87: =L87*M87 -> 1515.4596 | K87: =IFERROR(__xludf.DUMMYFUNCTION("IFERROR(VLOOKUP(C87,IMPORTRANGE(""https://docs.google.com/spreadsheets/d/1HZUHB8NvANAZR0sHDmHYVAm2WE9kNv0pGIQA48Ryim8/edit?gid=1285727875#gid=1285727875"",""Sheet1!A2:G""),7,0))"),408.16) -> 408.16 | L87: =IFERROR(E87/$K87,"") -> 3.4055272 | M87: =IFERROR(__xludf.DUMMYFUNCTION("IFERROR(VLOOKUP(C87,IMPORTRANGE(""https://docs.google.com/spreadsheets/d/1HZUHB8NvANAZR0sHDmHYVAm2WE9kNv0pGIQA48Ryim8/edit?gid=1285727875#gid=1285727875"",""Cost!A2:G""),7,0))"),445.0) -> 445 | N87: =IFERROR(F87/$M87,"") -> 3.3483146 | X87: CP-07 | Y87: =A87&X87 -> ORBIT 53CP-07
A88: ORBIT 53 | B88: =C88 -> CP-53 | C88: CP-53 | D88: Exposed Parts (Wall Flange, Handle & Spout) | E88: 1290 | F88: 1350 | G88: =IFERROR((F88-E88)/E88,"") -> 0.046511628 | I88: =L88*M88 -> 1292.5492 | K88: =IFERROR(__xludf.DUMMYFUNCTION("IFERROR(VLOOKUP(C88,IMPORTRANGE(""https://docs.google.com/spreadsheets/d/1HZUHB8NvANAZR0sHDmHYVAm2WE9kNv0pGIQA48Ryim8/edit?gid=1285727875#gid=1285727875"",""Sheet1!A2:G""),7,0))"),359.29) -> 359.29 | L88: =IFERROR(E88/$K88,"") -> 3.5904144 | M88: =IFERROR(__xludf.DUMMYFUNCTION("IFERROR(VLOOKUP(C88,IMPORTRANGE(""https://docs.google.com/spreadsheets/d/1HZUHB8NvANAZR0sHDmHYVAm2WE9kNv0pGIQA48Ryim8/edit?gid=1285727875#gid=1285727875"",""Cost!A2:G""),7,0))"),360.0) -> 360 | N88: =IFERROR(F88/$M88,"") -> 3.75 | X88: CP | Y88: =A88&X88 -> ORBIT 53CP
A89: ORBIT 53 | B89: =C89 -> 5308 | C89: 5308 | D89: Bib Cock Long Body with Wall Flange | E89: 1290 | F89: 1350 | G89: =IFERROR((F89-E89)/E89,"") -> 0.046511628 | I89: =L89*M89 -> 1407.2593 | K89: =IFERROR(__xludf.DUMMYFUNCTION("IFERROR(VLOOKUP(C89,IMPORTRANGE(""https://docs.google.com/spreadsheets/d/1HZUHB8NvANAZR0sHDmHYVAm2WE9kNv0pGIQA48Ryim8/edit?gid=1285727875#gid=1285727875"",""Sheet1!A2:G""),7,0))"),350.17) -> 350.17 | L89: =IFERROR(E89/$K89,"") -> 3.683925 | M89: =IFERROR(__xludf.DUMMYFUNCTION("IFERROR(VLOOKUP(C89,IMPORTRANGE(""https://docs.google.com/spreadsheets/d/1HZUHB8NvANAZR0sHDmHYVAm2WE9kNv0pGIQA48Ryim8/edit?gid=1285727875#gid=1285727875"",""Cost!A2:G""),7,0))"),382.0) -> 382 | N89: =IFERROR(F89/$M89,"") -> 3.5340314 | X89: 08 | Y89: =A89&X89 -> ORBIT 5308
A90: ORBIT 53 | B90: =C90 -> 5310 | C90: 5310 | D90: Angular Stop Cock with Wall Flange | E90: 790 | F90: 860 | G90: =IFERROR((F90-E90)/E90,"") -> 0.088607595 | I90: =L90*M90 -> 860.9031 | K90: =IFERROR(__xludf.DUMMYFUNCTION("IFERROR(VLOOKUP(C90,IMPORTRANGE(""https://docs.google.com/spreadsheets/d/1HZUHB8NvANAZR0sHDmHYVAm2WE9kNv0pGIQA48Ryim8/edit?gid=1285727875#gid=1285727875"",""Sheet1!A2:G""),7,0))"),178.94) -> 178.94 | L90: =IFERROR(E90/$K90,"") -> 4.4148877 | M90: =IFERROR(__xludf.DUMMYFUNCTION("IFERROR(VLOOKUP(C90,IMPORTRANGE(""https://docs.google.com/spreadsheets/d/1HZUHB8NvANAZR0sHDmHYVAm2WE9kNv0pGIQA48Ryim8/edit?gid=1285727875#gid=1285727875"",""Cost!A2:G""),7,0))"),195.0) -> 195 | N90: =IFERROR(F90/$M90,"") -> 4.4102564 | X90: 10 | Y90: =A90&X90 -> ORBIT 5310
A91: ORBIT 53 | B91: =C91 -> 5311 | C91: 5311 | D91: 2-Way Angular Stop Cock with Wall Flange | E91: 1540 | F91: 1690 | G91: =IFERROR((F91-E91)/E91,"") -> 0.097402597 | I91: =L91*M91 -> 1712.4233 | K91: =IFERROR(__xludf.DUMMYFUNCTION("IFERROR(VLOOKUP(C91,IMPORTRANGE(""https://docs.google.com/spreadsheets/d/1HZUHB8NvANAZR0sHDmHYVAm2WE9kNv0pGIQA48Ryim8/edit?gid=1285727875#gid=1285727875"",""Sheet1!A2:G""),7,0))"),443.36) -> 443.36 | L91: =IFERROR(E91/$K91,"") -> 3.4734753 | M91: =IFERROR(__xludf.DUMMYFUNCTION("IFERROR(VLOOKUP(C91,IMPORTRANGE(""https://docs.google.com/spreadsheets/d/1HZUHB8NvANAZR0sHDmHYVAm2WE9kNv0pGIQA48Ryim8/edit?gid=1285727875#gid=1285727875"",""Cost!A2:G""),7,0))"),493.0) -> 493 | N91: =IFERROR(F91/$M91,"") -> 3.4279919 | X91: 11 | Y91: =A91&X91 -> ORBIT 5311
A92: ORBIT 53 | B92: =C92 -> 5312 | C92: 5312 | D92: 2-Way Bib Cock Double Handle with Wall Flange | E92: 1690 | F92: 1880 | G92: =IFERROR((F92-E92)/E92,"") -> 0.11242604 | I92: =L92*M92 -> 1880.9573 | K92: =IFERROR(__xludf.DUMMYFUNCTION("IFERROR(VLOOKUP(C92,IMPORTRANGE(""https://docs.google.com/spreadsheets/d/1HZUHB8NvANAZR0sHDmHYVAm2WE9kNv0pGIQA48Ryim8/edit?gid=1285727875#gid=1285727875"",""Sheet1!A2:G""),7,0))"),484.28) -> 484.28 | L92: =IFERROR(E92/$K92,"") -> 3.4897167 | M92: =IFERROR(__xludf.DUMMYFUNCTION("IFERROR(VLOOKUP(C92,IMPORTRANGE(""https://docs.google.com/spreadsheets/d/1HZUHB8NvANAZR0sHDmHYVAm2WE9kNv0pGIQA48Ryim8/edit?gid=1285727875#gid=1285727875"",""Cost!A2:G""),7,0))"),539.0) -> 539 | N92: =IFERROR(F92/$M92,"") -> 3.4879406 | X92: 12 | Y92: =A92&X92 -> ORBIT 5312
A93: ORBIT 53 | B93: =C93 -> 5314 | C93: 5314 | D93: Swan Neck Table Mounted | E93: 1880 | F93: 1990 | G93: =IFERROR((F93-E93)/E93,"") -> 0.058510638 | I93: =L93*M93 -> 2062.7598 | K93: =IFERROR(__xludf.DUMMYFUNCTION("IFERROR(VLOOKUP(C93,IMPORTRANGE(""https://docs.google.com/spreadsheets/d/1HZUHB8NvANAZR0sHDmHYVAm2WE9kNv0pGIQA48Ryim8/edit?gid=1285727875#gid=1285727875"",""Sheet1!A2:G""),7,0))"),507.65) -> 507.65 | L93: =IFERROR(E93/$K93,"") -> 3.7033389 | M93: =IFERROR(__xludf.DUMMYFUNCTION("IFERROR(VLOOKUP(C93,IMPORTRANGE(""https://docs.google.com/spreadsheets/d/1HZUHB8NvANAZR0sHDmHYVAm2WE9kNv0pGIQA48Ryim8/edit?gid=1285727875#gid=1285727875"",""Cost!A2:G""),7,0))"),557.0) -> 557 | N93: =IFERROR(F93/$M93,"") -> 3.572711 | X93: 14 | Y93: =A93&X93 -> ORBIT 5314
A94: ORBIT 53 | B94: =C94 -> 5316 | C94: 5316 | D94: Sink Cock Wall Mounted with Flange | E94: 1690 | F94: 1790 | G94: =IFERROR((F94-E94)/E94,"") -> 0.059171598 | I94: =L94*M94 -> 1873.492 | K94: =IFERROR(__xludf.DUMMYFUNCTION("IFERROR(VLOOKUP(C94,IMPORTRANGE(""https://docs.google.com/spreadsheets/d/1HZUHB8NvANAZR0sHDmHYVAm2WE9kNv0pGIQA48Ryim8/edit?gid=1285727875#gid=1285727875"",""Sheet1!A2:G""),7,0))"),429.38) -> 429.38 | L94: =IFERROR(E94/$K94,"") -> 3.9359076 | M94: =IFERROR(__xludf.DUMMYFUNCTION("IFERROR(VLOOKUP(C94,IMPORTRANGE(""https://docs.google.com/spreadsheets/d/1HZUHB8NvANAZR0sHDmHYVAm2WE9kNv0pGIQA48Ryim8/edit?gid=1285727875#gid=1285727875"",""Cost!A2:G""),7,0))"),476.0) -> 476 | N94: =IFERROR(F94/$M94,"") -> 3.7605042 | X94: 16 | Y94: =A94&X94 -> ORBIT 5316
A95: ORBIT 53 | C95: 5317 | D95: Sink Cock Wall Mounted with Flange | E95: 1840 | F95: 1990 | G95: =IFERROR((F95-E95)/E95,"") -> 0.081521739 | I95: =L95*M95 -> 0 | K95: =IFERROR(__xludf.DUMMYFUNCTION("IFERROR(VLOOKUP(C95,IMPORTRANGE(""https://docs.google.com/spreadsheets/d/1HZUHB8NvANAZR0sHDmHYVAm2WE9kNv0pGIQA48Ryim8/edit?gid=1285727875#gid=1285727875"",""Sheet1!A2:G""),7,0))"),"") | L95: =IFERROR(E95/$K95,"") | M95: =IFERROR(__xludf.DUMMYFUNCTION("IFERROR(VLOOKUP(C95,IMPORTRANGE(""https://docs.google.com/spreadsheets/d/1HZUHB8NvANAZR0sHDmHYVAm2WE9kNv0pGIQA48Ryim8/edit?gid=1285727875#gid=1285727875"",""Cost!A2:G""),7,0))"),508.0) -> 508 | N95: =IFERROR(F95/$M95,"") -> 3.9173228 | X95: 17 | Y95: =A95&X95 -> ORBIT 5317
A96: ORBIT 53 | B96: =C96 -> 5318 | C96: 5318 | D96: Concealed Stop Cock 15mm with Wall Flange | E96: 1250 | F96: 1390 | G96: =IFERROR((F96-E96)/E96,"") -> 0.112 | I96: =L96*M96 -> 1404.5757 | K96: =IFERROR(__xludf.DUMMYFUNCTION("IFERROR(VLOOKUP(C96,IMPORTRANGE(""https://docs.google.com/spreadsheets/d/1HZUHB8NvANAZR0sHDmHYVAm2WE9kNv0pGIQA48Ryim8/edit?gid=1285727875#gid=1285727875"",""Sheet1!A2:G""),7,0))"),345.3) -> 345.3 | L96: =IFERROR(E96/$K96,"") -> 3.6200405 | M96: =IFERROR(__xludf.DUMMYFUNCTION("IFERROR(VLOOKUP(C96,IMPORTRANGE(""https://docs.google.com/spreadsheets/d/1HZUHB8NvANAZR0sHDmHYVAm2WE9kNv0pGIQA48Ryim8/edit?gid=1285727875#gid=1285727875"",""Cost!A2:G""),7,0))"),388.0) -> 388 | N96: =IFERROR(F96/$M96,"") -> 3.5824742 | X96: 18 | Y96: =A96&X96 -> ORBIT 5318
A97: ORBIT 53 | B97: =C97 -> 5320 | C97: 5320 | D97: Concealed Stop Cock 20mm with Wall Flange | E97: 1290 | F97: 1430 | G97: =IFERROR((F97-E97)/E97,"") -> 0.10852713 | I97: =L97*M97 -> 1448.5024 | K97: =IFERROR(__xludf.DUMMYFUNCTION("IFERROR(VLOOKUP(C97,IMPORTRANGE(""https://docs.google.com/spreadsheets/d/1HZUHB8NvANAZR0sHDmHYVAm2WE9kNv0pGIQA48Ryim8/edit?gid=1285727875#gid=1285727875"",""Sheet1!A2:G""),7,0))"),356.23) -> 356.23 | L97: =IFERROR(E97/$K97,"") -> 3.6212559 | M97: =IFERROR(__xludf.DUMMYFUNCTION("IFERROR(VLOOKUP(C97,IMPORTRANGE(""https://docs.google.com/spreadsheets/d/1HZUHB8NvANAZR0sHDmHYVAm2WE9kNv0pGIQA48Ryim8/edit?gid=1285727875#gid=1285727875"",""Cost!A2:G""),7,0))"),400.0) -> 400 | N97: =IFERROR(F97/$M97,"") -> 3.575 | X97: 20 | Y97: =A97&X97 -> ORBIT 5320
A98: ORBIT 53 | B98: =C98 -> 5350 | C98: 5350 | D98: Center Hole Basin Mixer without Popup | E98: 2960 | F98: 3260 | G98: =IFERROR((F98-E98)/E98,"") -> 0.10135135 | I98: =L98*M98 -> 3266.2125 | K98: =IFERROR(__xludf.DUMMYFUNCTION("IFERROR(VLOOKUP(C98,IMPORTRANGE(""https://docs.google.com/spreadsheets/d/1HZUHB8NvANAZR0sHDmHYVAm2WE9kNv0pGIQA48Ryim8/edit?gid=1285727875#gid=1285727875"",""Sheet1!A2:G""),7,0))"),722.28) -> 722.28 | L98: =IFERROR(E98/$K98,"") -> 4.0981337 | M98: =IFERROR(__xludf.DUMMYFUNCTION("IFERROR(VLOOKUP(C98,IMPORTRANGE(""https://docs.google.com/spreadsheets/d/1HZUHB8NvANAZR0sHDmHYVAm2WE9kNv0pGIQA48Ryim8/edit?gid=1285727875#gid=1285727875"",""Cost!A2:G""),7,0))"),797.0) -> 797 | N98: =IFERROR(F98/$M98,"") -> 4.0903388 | X98: 50 | Y98: =A98&X98 -> ORBIT 5350
A99: ORBIT 53 | B99: =C99 -> 5351 | C99: 5351 | D99: Single Lever Basin Mixer without Popup Waste System | E99: 3870 | F99: 4280 | G99: =IFERROR((F99-E99)/E99,"") -> 0.10594315 | I99: =L99*M99 -> 4315.7359 | K99: =IFERROR(__xludf.DUMMYFUNCTION("IFERROR(VLOOKUP(C99,IMPORTRANGE(""https://docs.google.com/spreadsheets/d/1HZUHB8NvANAZR0sHDmHYVAm2WE9kNv0pGIQA48Ryim8/edit?gid=1285727875#gid=1285727875"",""Sheet1!A2:G""),7,0))"),923.62) -> 923.62 | L99: =IFERROR(E99/$K99,"") -> 4.1900349 | M99: =IFERROR(__xludf.DUMMYFUNCTION("IFERROR(VLOOKUP(C99,IMPORTRANGE(""https://docs.google.com/spreadsheets/d/1HZUHB8NvANAZR0sHDmHYVAm2WE9kNv0pGIQA48Ryim8/edit?gid=1285727875#gid=1285727875"",""Cost!A2:G""),7,0))"),1030.0) -> 1030 | N99: =IFERROR(F99/$M99,"") -> 4.1553398 | X99: 51 | Y99: =A99&X99 -> ORBIT 5351
A100: ORBIT 53 | B100: =C100 -> 5354-S | C100: 5354-S | D100: Single Lever Basin Mixer Wall Mount (Concealed) | E100: =SUM(E101:E102) -> 5640 | F100: =SUM(F101:F102) -> 6230 | G100: =IFERROR((F100-E100)/E100,"") -> 0.10460993 | I100: =L100*M100 -> 6125.21 | K100: =IFERROR(__xludf.DUMMYFUNCTION("IFERROR(VLOOKUP(C100,IMPORTRANGE(""https://docs.google.com/spreadsheets/d/1HZUHB8NvANAZR0sHDmHYVAm2WE9kNv0pGIQA48Ryim8/edit?gid=1285727875#gid=1285727875"",""Sheet1!A2:G""),7,0))"),1642.68) -> 1642.68 | L100: =IFERROR(E100/$K100,"") -> 3.4334137 | M100: =IFERROR(__xludf.DUMMYFUNCTION("IFERROR(VLOOKUP(C100,IMPORTRANGE(""https://docs.google.com/spreadsheets/d/1HZUHB8NvANAZR0sHDmHYVAm2WE9kNv0pGIQA48Ryim8/edit?gid=1285727875#gid=1285727875"",""Cost!A2:G""),7,0))"),1784.0) -> 1784 | N100: =IFERROR(F100/$M100,"") -> 3.4921525 | X100: 54-S | Y100: =A100&X100 -> ORBIT 5354-S
...

Sheet ALL INDIA ACCESORIES
A1: S.No. | B1: Cat No. | C1: Product | D1: {=MASTER!E1:G1} -> MRP as on 01st May, 2026 | E1: New MRP as on 01st Aug, 2026 | F1: Diff. in %age | J1: Cost
A2: 1 | B2: TM-06C | C2: Thermostatic Diverter Click Tec Series 3-Outlet Chrome Finish Brass Body | D2: {=VLOOKUP(B2,MASTER!$C279:$F$1048,{3,4},0)} -> 48380 | E2: 48380 | F2: =(E2-D2)/D2 -> 0 | I2: =IFERROR(E2/J2,"") -> 193.52 | J2: 250
A3: 2 | B3: TM-07C | C3: Thermostatic Diverter Click Tec Series 4-Outlet Chrome Finish Brass Body | D3: {=VLOOKUP(B3,MASTER!$C279:$F$1048,{3,4},0)} -> 59180 | E3: 59180 | F3: =(E3-D3)/D3 -> 0 | I3: =IFERROR(E3/J3,"") -> 305.05155 | J3: 194
A4: 3 | B4: TM-08C | C4: Thermostatic Diverter Click Tec Series 5-Outlet Chrome Finish Brass Body | D4: {=VLOOKUP(B4,MASTER!$C279:$F$1048,{3,4},0)} -> 64580 | E4: 64580 | F4: =(E4-D4)/D4 -> 0 | I4: =IFERROR(E4/J4,"") -> 134.26195 | J4: 481
A5: 4 | B5: TM-09C | C5: Thermostatic Diverter Click Tec Series 6-Outlet Chrome Finish Brass Body | D5: {=VLOOKUP(B5,MASTER!$C279:$F$1048,{3,4},0)} -> 75380 | E5: 75380 | F5: =(E5-D5)/D5 -> 0 | I5: =IFERROR(E5/J5,"") -> 272.12996 | J5: 277
A6: 5 | B6: TM-10C | C6: Thermostatic Diverter Click Tec Series 4-Outlet with Water-Flow Control | D6: {=VLOOKUP(B6,MASTER!$C279:$F$1048,{3,4},0)} -> 62890 | E6: 62890 | F6: =(E6-D6)/D6 -> 0 | I6: =IFERROR(E6/J6,"") -> 231.21324 | J6: 272
A7: 6 | B7: BNS-01 | C7: Round Body Jet 45mm SS Matt Finish | D7: {=VLOOKUP(B7,MASTER!$C279:$F$1048,{3,4},0)} -> 2510 | E7: 2510 | F7: =(E7-D7)/D7 -> 0 | I7: =IFERROR(E7/J7,"") -> 7.943038 | J7: 316
A8: 7 | B8: BNS-02 | C8: Square Body Jet 45X45mm SS Matt Finish | D8: {=VLOOKUP(B8,MASTER!$C279:$F$1048,{3,4},0)} -> 2510 | E8: 2510 | F8: =(E8-D8)/D8 -> 0 | I8: =IFERROR(E8/J8,"") -> 8.0967742 | J8: 310
A9: 8 | B9: BNS-03 | C9: Round 100mm Wall Shower (Cascade) | D9: {=VLOOKUP(B9,MASTER!$C279:$F$1048,{3,4},0)} -> 6280 | E9: 6680 | F9: =(E9-D9)/D9 -> 0.063694268 | I9: =IFERROR(E9/J9,"") -> 27.603306 | J9: 242
A10: 9 | B10: BNS-04 | C10: Square 100mm Wall Shower (Cascade) | D10: {=VLOOKUP(B10,MASTER!$C279:$F$1048,{3,4},0)} -> 6280 | E10: 6280 | F10: =(E10-D10)/D10 -> 0 | I10: =IFERROR(E10/J10,"") -> 25.950413 | J10: 242
A11: 10 | B11: BNS-05 | C11: Body Jet Dancing Brass | D11: {=VLOOKUP(B11,MASTER!$C279:$F$1048,{3,4},0)} -> 3950 | E11: 3950 | F11: =(E11-D11)/D11 -> 0 | I11: =IFERROR(E11/J11,"") -> 10.025381 | J11: 394
A12: 11 | B12: BS-73 | C12: ABS Overhead Shower 100mm with Brass Arm 225mm & Flange | D12: {=VLOOKUP(B12,MASTER!$C279:$F$1048,{3,4},0)} -> 1540 | E12: 1540 | F12: =(E12-D12)/D12 -> 0 | I12: =IFERROR(E12/J12,"") -> 6.3374486 | J12: 243
A13: 12 | B13: BS-73SS | C13: ABS Overhead Shower 100mm with SS Arm 225mm & Flange | D13: {=VLOOKUP(B13,MASTER!$C279:$F$1048,{3,4},0)} -> 920 | E13: 980 | F13: =(E13-D13)/D13 -> 0.065217391 | I13: =IFERROR(E13/J13,"") -> 2.3222749 | J13: 422
A14: 13 | B14: BS-79 | C14: ABS Overhead Shower Square 100mm with Brass Arm 225mm & Flange | D14: {=VLOOKUP(B14,MASTER!$C279:$F$1048,{3,4},0)} -> 1680 | E14: 1680 | F14: =(E14-D14)/D14 -> 0 | I14: =IFERROR(E14/J14,"") -> 6.2222222 | J14: 270
A15: 14 | B15: BS-79SS | C15: ABS Overhead Shower Square 100mm with SS Arm 225mm & Flange | D15: {=VLOOKUP(B15,MASTER!$C279:$F$1048,{3,4},0)} -> 1030 | E15: 1090 | F15: =(E15-D15)/D15 -> 0.058252427 | I15: =IFERROR(E15/J15,"") -> 2.1330724 | J15: 511
A16: 15 | B16: BS-78 | C16: ABS Overhead Shower 150mm with Brass Arm 225mm & Flange | D16: {=VLOOKUP(B16,MASTER!$C279:$F$1048,{3,4},0)} -> 1930 | E16: 1990 | F16: =(E16-D16)/D16 -> 0.031088083 | I16: =IFERROR(E16/J16,"") -> 5.5586592 | J16: 358
A17: 16 | B17: BS-78SS | C17: ABS Overhead Shower 150mm with SS Arm 225mm & Flange | D17: {=VLOOKUP(B17,MASTER!$C279:$F$1048,{3,4},0)} -> 1290 | E17: 1390 | F17: =(E17-D17)/D17 -> 0.07751938 | I17: =IFERROR(E17/J17,"") -> 1.7013464 | J17: 817
A18: 17 | B18: BS-89 | C18: ABS Overhead Shower Square 150mm with Brass Arm 375mm & Flange | D18: {=VLOOKUP(B18,MASTER!$C279:$F$1048,{3,4},0)} -> 2840 | E18: 2840 | F18: =(E18-D18)/D18 -> 0 | I18: =IFERROR(E18/J18,"") -> 4.9912127 | J18: 569
A19: 18 | B19: BS-89SS | C19: ABS Overhead Shower Square 150mm with SS Arm 375mm & Flange | D19: {=VLOOKUP(B19,MASTER!$C279:$F$1048,{3,4},0)} -> 2190 | E19: 2260 | F19: =(E19-D19)/D19 -> 0.03196347 | I19: =IFERROR(E19/J19,"") -> 3.9579685 | J19: 571
A20: 19 | B20: BS-104 | C20: Pluto Multi Flow Round Shower 110 mm | D20: {=VLOOKUP(B20,MASTER!$C279:$F$1048,{3,4},0)} -> 840 | E20: 840 | F20: =(E20-D20)/D20 -> 0 | I20: =IFERROR(E20/J20,"") -> 2.7722772 | J20: 303
A21: 20 | B21: BS-41 | C21: Optus Mini Shower Oval 125 mm | D21: {=VLOOKUP(B21,MASTER!$C279:$F$1048,{3,4},0)} -> 690 | E21: 690 | F21: =(E21-D21)/D21 -> 0 | I21: =IFERROR(E21/J21,"") -> 2.9237288 | J21: 236
A22: 21 | B22: BS-108 | C22: Over Head Shower Round Full CP 225 MM | D22: {=VLOOKUP(B22,MASTER!$C279:$F$1048,{3,4},0)} -> 1730 | E22: 1730 | F22: =(E22-D22)/D22 -> 0 | I22: =IFERROR(E22/J22,"") -> 4.0801887 | J22: 424
A23: 22 | B23: BS-109 | C23: Over Head Shower Aesthetic Round 100 mm with 225 mm ss arm | D23: {=VLOOKUP(B23,MASTER!$C279:$F$1048,{3,4},0)} -> 930 | E23: 990 | F23: =(E23-D23)/D23 -> 0.064516129 | I23: =IFERROR(E23/J23,"") -> 1.2328767 | J23: 803
A24: 23 | B24: BS-112 | C24: Over Head Shower Aesthetic Square 100 mm with 225 mm ss arm | D24: {=VLOOKUP(B24,MASTER!$C279:$F$1048,{3,4},0)} -> 940 | E24: 990 | F24: =(E24-D24)/D24 -> 0.053191489 | I24: =IFERROR(E24/J24,"") -> 1.7837838 | J24: 555
A25: 24 | B25: BOS-04 | C25: Brass Overhead Shower 100mm with Brass Arm 150 mm & Flange | D25: {=VLOOKUP(B25,MASTER!$C279:$F$1048,{3,4},0)} -> 2290 | E25: 2460 | F25: =(E25-D25)/D25 -> 0.074235808 | I25: =IFERROR(E25/J25,"") -> 5.4910714 | J25: 448
A26: 25 | B26: BS-30 | C26: ABS Water Fall Square Overhead Shower 100mm with Brass Arm 150mm & Flange | D26: {=VLOOKUP(B26,MASTER!$C279:$F$1048,{3,4},0)} -> 1230 | E26: 1290 | F26: =(E26-D26)/D26 -> 0.048780488 | I26: =IFERROR(E26/J26,"") -> 1.557971 | J26: 828
A27: 26 | B27: BS-30SS | C27: ABS Water Fall Square Overhead Shower 100mm with SS Arm 225mm & Flange | D27: {=VLOOKUP(B27,MASTER!$C279:$F$1048,{3,4},0)} -> 920 | E27: 920 | F27: =(E27-D27)/D27 -> 0 | I27: =IFERROR(E27/J27,"") -> 1.5862069 | J27: 580
A28: 27 | B28: ECO-65 | C28: ABS Round Overhead Shower 75mm Full CP with SS Arm 225mm and Flange | D28: {=VLOOKUP(B28,MASTER!$C279:$F$1048,{3,4},0)} -> 850 | E28: 920 | F28: =(E28-D28)/D28 -> 0.082352941 | I28: =IFERROR(E28/J28,"") -> 3.8983051 | J28: 236
A29: 28 | B29: BOS-41 | C29: Round Rain Shower 200mm with SS Plate | D29: {=VLOOKUP(B29,MASTER!$C279:$F$1048,{3,4},0)} -> 1720 | E29: 1840 | F29: =(E29-D29)/D29 -> 0.069767442 | I29: =IFERROR(E29/J29,"") -> 8.9320388 | J29: 206
A30: 29 | B30: BOS-41SB | C30: Round Rain Shower 200mm with SS Plate and Brass Arm 375mm & Flange | D30: {=VLOOKUP(B30,MASTER!$C279:$F$1048,{3,4},0)} -> 3090 | E30: 3090 | F30: =(E30-D30)/D30 -> 0 | I30: =IFERROR(E30/J30,"") -> 10.265781 | J30: 301
A31: 30 | B31: BOS-41SS | C31: Round Rain Shower 200mm with SS Plate and SS Arm 375mm & Flange | D31: {=VLOOKUP(B31,MASTER!$C279:$F$1048,{3,4},0)} -> 2290 | E31: 2470 | F31: =(E31-D31)/D31 -> 0.07860262 | I31: =IFERROR(E31/J31,"") -> 10.291667 | J31: 240
A32: 31 | B32: BOS-42 | C32: Square Rain Shower 200mm with SS Plate | D32: {=VLOOKUP(B32,MASTER!$C279:$F$1048,{3,4},0)} -> 1880 | E32: 1960 | F32: =(E32-D32)/D32 -> 0.042553191 | I32: =IFERROR(E32/J32,"") -> 8.558952 | J32: 229
A33: 32 | B33: BOS-42SB | C33: Square Rain Shower 200mm with SS Plate and Brass Arm 375mm & Flange | D33: {=VLOOKUP(B33,MASTER!$C279:$F$1048,{3,4},0)} -> 3450 | E33: 3450 | F33: =(E33-D33)/D33 -> 0 | I33: =IFERROR(E33/J33,"") -> 19.942197 | J33: 173
A34: 33 | B34: BOS-42SS | C34: Square Rain Shower 200mm with SS Plate and SS Arm 375mm & Flange | D34: {=VLOOKUP(B34,MASTER!$C279:$F$1048,{3,4},0)} -> 2380 | E34: 2380 | F34: =(E34-D34)/D34 -> 0 | I34: =IFERROR(E34/J34,"") -> 6.5384615 | J34: 364
A35: 34 | B35: ECO-63 | C35: ABS Round Overhead Shower 75mm with SS Arm 225mm and Flange | D35: {=VLOOKUP(B35,MASTER!$C279:$F$1048,{3,4},0)} -> 830 | E35: 890 | F35: =(E35-D35)/D35 -> 0.072289157 | I35: =IFERROR(E35/J35,"") -> 2.4860335 | J35: 358
A36: 35 | B36: BS-66 | C36: ABS Overhead Shower 125mm Round with SS Arm 225mm & Flange | D36: {=VLOOKUP(B36,MASTER!$C279:$F$1048,{3,4},0)} -> 1190 | E36: 1290 | F36: =(E36-D36)/D36 -> 0.084033613 | I36: =IFERROR(E36/J36,"") -> 3.7175793 | J36: 347
A37: 36 | B37: BS-69 | C37: ABS Overhead Shower 125mm Round with SS Arm 225mm & Flange | D37: {=VLOOKUP(B37,MASTER!$C279:$F$1048,{3,4},0)} -> 940 | E37: 990 | F37: =(E37-D37)/D37 -> 0.053191489 | I37: =IFERROR(E37/J37,"") -> 2.2197309 | J37: 446
A38: 37 | B38: BOS-6003 | C38: Chrome Plated Over Head Steppo Shower 150x150mm | D38: {=VLOOKUP(B38,MASTER!$C279:$F$1048,{3,4},0)} -> 980 | E38: 1040 | F38: =(E38-D38)/D38 -> 0.06122449 | I38: =IFERROR(E38/J38,"") -> 6.0465116 | J38: 172
A39: 38 | B39: BOS-4009 | C39: Chrome Plated Over Head Steppo Shower 100x100mm | D39: {=VLOOKUP(B39,MASTER!$C279:$F$1048,{3,4},0)} -> 780 | E39: 690 | F39: =(E39-D39)/D39 -> -0.11538462 | I39: =IFERROR(E39/J39,"") -> 2.4210526 | J39: 285
A40: 39 | B40: BOS-195 | C40: ABS Overhead Shower Square 150mm with SS Arm 325mm & Flange | D40: {=VLOOKUP(B40,MASTER!$C279:$F$1048,{3,4},0)} -> 1690 | E40: 1690 | F40: =(E40-D40)/D40 -> 0 | I40: =IFERROR(E40/J40,"") -> 4.3333333 | J40: 390
A41: 40 | B41: BOS-196 | C41: ABS Overhead Shower Round 150mm with SS Arm 325mm & Flange | D41: {=VLOOKUP(B41,MASTER!$C279:$F$1048,{3,4},0)} -> 1690 | E41: 2140 | F41: =(E41-D41)/D41 -> 0.26627219 | I41: =IFERROR(E41/J41,"") -> 4.3495935 | J41: 492
A42: 41 | B42: BOS-107 | C42: SS Over Head Passion Shower 150x150mm with SS Arm 325mm & Flange | D42: {=VLOOKUP(B42,MASTER!$C279:$F$1048,{3,4},0)} -> 1490 | E42: 1490 | F42: =(E42-D42)/D42 -> 0 | I42: =IFERROR(E42/J42,"") -> 1.0665712 | J42: 1397
A43: 42 | B43: BOS-108 | C43: SS Over Head Passion Shower 200x200mm with SS Arm 375mm & Flange | D43: {=VLOOKUP(B43,MASTER!$C279:$F$1048,{3,4},0)} -> 1990 | E43: 1190 | F43: =(E43-D43)/D43 -> -0.40201005 | I43: =IFERROR(E43/J43,"") -> 4.8178138 | J43: 247
A44: 43 | B44: BOS-502 | C44: Chrome Plated Over Head Rain Shower 5" | D44: {=VLOOKUP(B44,MASTER!$C279:$F$1048,{3,4},0)} -> 590 | E44: 590 | F44: =(E44-D44)/D44 -> 0 | I44: =IFERROR(E44/J44,"") -> 3.3908046 | J44: 174
A45: 44 | B45: BOS-118 | C45: SS Over Head Drizzle Shower 100x100mm | D45: {=VLOOKUP(B45,MASTER!$C279:$F$1048,{3,4},0)} -> 1090 | E45: 1090.1147 | F45: =(E45-D45)/D45 -> 0.00010527424 | I45: =IFERROR(E45/J45,"") -> 0.094792587 | J45: 11500
A46: 45 | B46: BOS-119 | C46: SS Over Head Drizzle Shower 150x150mm | D46: {=VLOOKUP(B46,MASTER!$C279:$F$1048,{3,4},0)} -> 1540 | E46: 1550 | F46: =(E46-D46)/D46 -> 0.0064935065 | I46: =IFERROR(E46/J46,"") -> 0.13478261 | J46: 11500
A47: 46 | B47: BOS-120 | C47: SS Over Head Drizzle Shower 200x200mm | D47: {=VLOOKUP(B47,MASTER!$C279:$F$1048,{3,4},0)} -> 1940 | E47: 1940 | F47: =(E47-D47)/D47 -> 0 | I47: =IFERROR(E47/J47,"") -> 0.16869565 | J47: 11500
A48: 47 | B48: BOS-121 | C48: SS Over Head Drizzle Shower 300x300mm | D48: {=VLOOKUP(B48,MASTER!$C279:$F$1048,{3,4},0)} -> 5880 | E48: 4880 | F48: =(E48-D48)/D48 -> -0.17006803 | I48: =IFERROR(E48/J48,"") -> 6.1616162 | J48: 792
A49: 48 | B49: BOS-2001 | C49: Chrome Plated Over Head Rainduet Shower 5-Function | D49: {=VLOOKUP(B49,MASTER!$C279:$F$1048,{3,4},0)} -> 940 | E49: 940 | F49: =(E49-D49)/D49 -> 0 | I49: =IFERROR(E49/J49,"") -> 1.1883692 | J49: 791
A50: 49 | B50: BOS-2011 | C50: Chrome Plated Over Head Regal Shower 5-Function | D50: {=VLOOKUP(B50,MASTER!$C279:$F$1048,{3,4},0)} -> 740 | E50: 940 | F50: =(E50-D50)/D50 -> 0.27027027 | I50: =IFERROR(E50/J50,"") -> 1.1883692 | J50: 791
A51: 50 | B51: BOS-802B | C51: Black 19"x13" Ceiling Shower SS-304 with Frame | D51: {=VLOOKUP(B51,MASTER!$C279:$F$1048,{3,4},0)} -> 46990 | E51: 46990 | F51: =(E51-D51)/D51 -> 0 | I51: =IFERROR(E51/J51,"") -> 27.690041 | J51: 1697
A52: 51 | B52: BOS-802RG | C52: Rose Gold 19"x13" Ceiling Shower SS-304 with Frame | D52: {=VLOOKUP(B52,MASTER!$C279:$F$1048,{3,4},0)} -> 46990 | E52: 46990 | F52: =(E52-D52)/D52 -> 0 | I52: =IFERROR(E52/J52,"") -> 27.690041 | J52: 1697
A53: 52 | B53: BOS-802G | C53: Gold 19"x13" Ceiling Shower SS-304 with Frame | D53: {=VLOOKUP(B53,MASTER!$C279:$F$1048,{3,4},0)} -> 46990 | E53: 46990 | F53: =(E53-D53)/D53 -> 0 | I53: =IFERROR(E53/J53,"") -> 27.690041 | J53: 1697
A54: 53 | B54: BOS-803B | C54: Black SS Shower 8x8 with Brass Nut & Ball Fittings | D54: {=VLOOKUP(B54,MASTER!$C279:$F$1048,{3,4},0)} -> 3430 | E54: 3430 | F54: =(E54-D54)/D54 -> 0 | I54: =IFERROR(E54/J54,"") -> 7.5550661 | J54: 454
A55: 54 | B55: BOS-803RG | C55: Rose Gold SS Shower 8x8 with Brass Nut & Ball Fittings | D55: {=VLOOKUP(B55,MASTER!$C279:$F$1048,{3,4},0)} -> 3430 | E55: 3430 | F55: =(E55-D55)/D55 -> 0 | I55: =IFERROR(E55/J55,"")
A56: 55 | B56: BOS-803G | C56: Gold SS Shower 8x8 with Brass Nut & Ball Fittings | D56: {=VLOOKUP(B56,MASTER!$C279:$F$1048,{3,4},0)} -> 3430 | E56: 3430 | F56: =(E56-D56)/D56 -> 0 | I56: =IFERROR(E56/J56,"") -> 5.4704944 | J56: 627
A57: 56 | B57: BOS-8003B | C57: Black SS Shower 12x12 with Brass Nut & Ball Fittings | D57: {=VLOOKUP(B57,MASTER!$C279:$F$1048,{3,4},0)} -> 6990 | E57: 6990 | F57: =(E57-D57)/D57 -> 0 | I57: =IFERROR(E57/J57,"") -> 4.5926413 | J57: 1522
A58: 57 | B58: BOS-8003RG | C58: Rose Gold SS Shower 12x12 with Brass Nut & Ball Fittings | D58: {=VLOOKUP(B58,MASTER!$C279:$F$1048,{3,4},0)} -> 6990 | E58: 6990 | F58: =(E58-D58)/D58 -> 0 | I58: =IFERROR(E58/J58,"")
A59: 58 | B59: BOS-8003G | C59: Gold SS Shower 12x12 with Brass Nut & Ball Fittings | D59: {=VLOOKUP(B59,MASTER!$C279:$F$1048,{3,4},0)} -> 6990 | E59: 6990 | F59: =(E59-D59)/D59 -> 0 | I59: =IFERROR(E59/J59,"") -> 29.744681 | J59: 235
A60: 59 | B60: BNS-04B | C60: Black Brass Body Jet 5"x5" | D60: {=VLOOKUP(B60,MASTER!$C279:$F$1048,{3,4},0)} -> 9120 | E60: 9120 | F60: =(E60-D60)/D60 -> 0 | I60: =IFERROR(E60/J60,"") -> 26.902655 | J60: 339
A61: 60 | B61: BNS-04RG | C61: Rose Brass Gold Body Jet 5"x5" | D61: {=VLOOKUP(B61,MASTER!$C279:$F$1048,{3,4},0)} -> 9120 | E61: 9120 | F61: =(E61-D61)/D61 -> 0 | I61: =IFERROR(E61/J61,"") -> 20.633484 | J61: 442
A62: 61 | B62: BNS-04G | C62: Gold Brass Body Jet 5"x5" | D62: {=VLOOKUP(B62,MASTER!$C279:$F$1048,{3,4},0)} -> 9120 | E62: 9120 | F62: =(E62-D62)/D62 -> 0 | I62: =IFERROR(E62/J62,"") -> 11.58831 | J62: 787
A63: 62 | B63: BOS-104 | C63: Over Head Maze Shower SS 304 150mm | D63: {=VLOOKUP(B63,MASTER!$C279:$F$1048,{3,4},0)} -> 1970 | E63: 1970 | F63: =(E63-D63)/D63 -> 0 | I63: =IFERROR(E63/J63,"") -> 2.5031766 | J63: 787
A64: 63 | B64: BOS-105 | C64: Over Head Grace Shower SS 201 100mm | D64: {=VLOOKUP(B64,MASTER!$C279:$F$1048,{3,4},0)} -> 990 | E64: 990 | F64: =(E64-D64)/D64 -> 0 | I64: =IFERROR(E64/J64,"") -> 1.2579415 | J64: 787
A65: 64 | B65: BOS-106 | C65: Ceiling Shower (Rain+Mist) SS 304 (250X375mm) | D65: {=VLOOKUP(B65,MASTER!$C279:$F$1048,{3,4},0)} -> 23520 | E65: 24880 | F65: =(E65-D65)/D65 -> 0.057823129 | I65: =IFERROR(E65/J65,"") -> 60.980392 | J65: 408
A66: 65 | B66: BOS-104A | C66: Over Head Maze Shower SS 304 200mm | D66: {=VLOOKUP(B66,MASTER!$C279:$F$1048,{3,4},0)} -> 2490 | E66: 2490 | F66: =(E66-D66)/D66 -> 0 | I66: =IFERROR(E66/J66,"") -> 6.0290557 | J66: 413
A67: 66 | B67: BOS-105A | C67: Over Head Grace Shower SS 201 150mm | D67: {=VLOOKUP(B67,MASTER!$C279:$F$1048,{3,4},0)} -> 1460 | E67: 1460 | F67: =(E67-D67)/D67 -> 0 | I67: =IFERROR(E67/J67,"") -> 0.96881221 | J67: 1507
A68: 67 | B68: BOS-104B | C68: Over Head Maze Shower SS 304 300mm | D68: {=VLOOKUP(B68,MASTER!$C279:$F$1048,{3,4},0)} -> 6190 | E68: 6190 | F68: =(E68-D68)/D68 -> 0 | I68: =IFERROR(E68/J68,"") -> 12.38 | J68: 500
A69: 68 | B69: BOS-105B | C69: Over Head Grace Shower SS 201 200mm | D69: {=VLOOKUP(B69,MASTER!$C279:$F$1048,{3,4},0)} -> 1980 | E69: 1980 | F69: =(E69-D69)/D69 -> 0 | I69: =IFERROR(E69/J69,"") -> 3.6 | J69: 550
A70: 69 | B70: BOS-104C | C70: Over Head Maze Shower SS 304 400mm | D70: {=VLOOKUP(B70,MASTER!$C279:$F$1048,{3,4},0)} -> 14110 | E70: 13880 | F70: =(E70-D70)/D70 -> -0.016300496 | I70: =IFERROR(E70/J70,"") -> 60.611354 | J70: 229
A71: 70 | B71: BH-73 | C71: ABS Hand Shower with 1.5Mtr SS Tube & ABS Hook | D71: {=VLOOKUP(B71,MASTER!$C279:$F$1048,{3,4},0)} -> 1190 | E71: 1190 | F71: =(E71-D71)/D71 -> 0 | I71: =IFERROR(E71/J71,"") -> 15.25641 | J71: 78
A72: 71 | B72: BH-79 | C72: ABS Hand Shower with 1.5Mtr SS Tube & ABS Hook | D72: {=VLOOKUP(B72,MASTER!$C279:$F$1048,{3,4},0)} -> 1090 | E72: 1090 | F72: =(E72-D72)/D72 -> 0 | I72: =IFERROR(E72/J72,"") -> 4.4489796 | J72: 245
A73: 72 | B73: BHS-85 | C73: ABS Hand Shower Multi Flow with 1.5Mtr SS Tube & ABS Hook | D73: {=VLOOKUP(B73,MASTER!$C279:$F$1048,{3,4},0)} -> 1290 | E73: 1290 | F73: =(E73-D73)/D73 -> 0 | I73: =IFERROR(E73/J73,"") -> 11.415929 | J73: 113
A74: 73 | B74: BHS-89 | C74: ABS Hand Shower with 1.5Mtr SS Tube & ABS Hook | D74: {=VLOOKUP(B74,MASTER!$C279:$F$1048,{3,4},0)} -> 1290 | E74: 1290 | F74: =(E74-D74)/D74 -> 0 | I74: =IFERROR(E74/J74,"") -> 3.4217507 | J74: 377
A75: 74 | B75: BHS-99 | C75: ABS Hand Shower with 1.5Mtr SS Tube & ABS Hook | D75: {=VLOOKUP(B75,MASTER!$C279:$F$1048,{3,4},0)} -> 1090 | E75: 1090 | F75: =(E75-D75)/D75 -> 0 | I75: =IFERROR(E75/J75,"") -> 8.4496124 | J75: 129
A76: 75 | B76: BHS-49 | C76: SS Shower Tube (1Mtr) | D76: {=VLOOKUP(B76,MASTER!$C279:$F$1048,{3,4},0)} -> 490 | E76: 490 | F76: =(E76-D76)/D76 -> 0 | I76: =IFERROR(E76/J76,"") -> 3.4265734 | J76: 143
A77: 76 | B77: BHS-48 | C77: SS Shower Tube (1.5Mtr) | D77: {=VLOOKUP(B77,MASTER!$C279:$F$1048,{3,4},0)} -> 590 | E77: 590 | F77: =(E77-D77)/D77 -> 0 | I77: =IFERROR(E77/J77,"") -> 3.9597315 | J77: 149
A78: 78 | B78: BHS-49S | C78: PVC Shower Tube (1Mtr) | D78: {=VLOOKUP(B78,MASTER!$C279:$F$1048,{3,4},0)} -> 296 | E78: 290 | F78: =(E78-D78)/D78 -> -0.02027027 | I78: =IFERROR(E78/J78,"") -> 1.2446352 | J78: 233
A79: 79 | B79: BHS-48S | C79: PVC Shower Tube (1.5Mtr) | D79: {=VLOOKUP(B79,MASTER!$C279:$F$1048,{3,4},0)} -> 360 | E79: 360 | F79: =(E79-D79)/D79 -> 0 | I79: =IFERROR(E79/J79,"")
A80: 80 | B80: BHS-103 | C80: Pluto Hand Shower | D80: {=VLOOKUP(B80,MASTER!$C279:$F$1048,{3,4},0)} -> 1090 | E80: 1090 | F80: =(E80-D80)/D80 -> 0 | I80: =IFERROR(E80/J80,"")
A81: 81 | B81: BHS-104 | C81: Pluto Multi Flow Hand Shower | D81: {=VLOOKUP(B81,MASTER!$C279:$F$1048,{3,4},0)} -> 1290 | E81: 1290 | F81: =(E81-D81)/D81 -> 0 | I81: =IFERROR(E81/J81,"")
A82: 82 | B82: BHS-81 | C82: Steppo Hand Shower Single Flow | D82: {=VLOOKUP(B82,MASTER!$C279:$F$1048,{3,4},0)} -> 1290 | E82: 1290 | F82: =(E82-D82)/D82 -> 0 | I82: =IFERROR(E82/J82,"")
A83: 83 | B83: BHS-307 | C83: Hand Shower Orbit Rain TO Mist Flow | D83: {=VLOOKUP(B83,MASTER!$C279:$F$1048,{3,4},0)} -> 1640 | E83: 1640 | F83: =(E83-D83)/D83 -> 0 | I83: =IFERROR(E83/J83,"")
A84: 84 | B84: BHS-301 | C84: Hand Shower Sleek Round With Silicon Nozzles | D84: {=VLOOKUP(B84,MASTER!$C279:$F$1048,{3,4},0)} -> 1290 | E84: 1290 | F84: =(E84-D84)/D84 -> 0 | I84: =IFERROR(E84/J84,"")
A85: 85 | B85: BHS-1WT | C85: Hand Shower Maze Round | D85: {=VLOOKUP(B85,MASTER!$C279:$F$1048,{3,4},0)} -> 1640 | E85: 1640 | F85: =(E85-D85)/D85 -> 0 | I85: =IFERROR(E85/J85,"")
A86: 86 | B86: BHS-2WT | C86: Hand Shower Maze Square | D86: {=VLOOKUP(B86,MASTER!$C279:$F$1048,{3,4},0)} -> 1640 | E86: 1640 | F86: =(E86-D86)/D86 -> 0 | I86: =IFERROR(E86/J86,"")
A87: 87 | B87: BHS-306 | C87: Multi Flow Hand Shower Full CP | D87: {=VLOOKUP(B87,MASTER!$C279:$F$1048,{3,4},0)} -> 1440 | E87: 1440 | F87: =(E87-D87)/D87 -> 0 | I87: =IFERROR(E87/J87,"") -> 0.50919378 | J87: 2828
A88: 88 | B88: BHS-109 | C88: Hand Shower steppo with 1.5 mtr ss tube & hook | D88: {=VLOOKUP(B88,MASTER!$C279:$F$1048,{3,4},0)} -> 1480 | E88: 1480 | F88: =(E88-D88)/D88 -> 0 | I88: =IFERROR(E88/J88,"") -> 0.59247398 | J88: 2498
A89: 89 | B89: BHS-802G | C89: Gold Brass Hand Shower with 1.5Mtr SS Tube & ABS Adjustable Hook | D89: {=VLOOKUP(B89,MASTER!$C279:$F$1048,{3,4},0)} -> 4990 | E89: 4990 | F89: =(E89-D89)/D89 -> 0 | I89: =IFERROR(E89/J89,"") -> 1.5477667 | J89: 3224
A90: 90 | B90: BHS-802RG | C90: Rose Gold Brass Hand Shower with 1.5Mtr SS Tube & ABS Adjustable Hook | D90: {=VLOOKUP(B90,MASTER!$C279:$F$1048,{3,4},0)} -> 4990 | E90: 4990 | F90: =(E90-D90)/D90 -> 0 | I90: =IFERROR(E90/J90,"") -> 1.6545093 | J90: 3016
A91: 91 | B91: BHS-802B | C91: Black Brass Hand Shower with 1.5Mtr SS Tube & ABS Adjustable Hook | D91: {=VLOOKUP(B91,MASTER!$C279:$F$1048,{3,4},0)} -> 4990 | E91: 4990 | F91: =(E91-D91)/D91 -> 0 | I91: =IFERROR(E91/J91,"") -> 15.942492 | J91: 313
A92: 92 | B92: BHS-803B | C92: Black ABS Hand Shower with 1.5Mtr SS Tube & ABS Adjustable Hook | D92: {=VLOOKUP(B92,MASTER!$C279:$F$1048,{3,4},0)} -> 2780 | E92: 2780 | F92: =(E92-D92)/D92 -> 0 | I92: =IFERROR(E92/J92,"") -> 7.8753541 | J92: 353
A93: 93 | B93: BHS-803RG | C93: Rose Gold ABS Hand Shower with 1.5Mtr SS Tube & ABS Adjustable Hook | D93: {=VLOOKUP(B93,MASTER!$C279:$F$1048,{3,4},0)} -> 2780 | E93: 2780 | F93: =(E93-D93)/D93 -> 0 | I93: =IFERROR(E93/J93,"") -> 8.2492582 | J93: 337
A94: 94 | B94: BHS-803G | C94: Gold ABS Hand Shower with 1.5Mtr SS Tube & ABS Adjustable Hook | D94: {=VLOOKUP(B94,MASTER!$C279:$F$1048,{3,4},0)} -> 2780 | E94: 2780 | F94: =(E94-D94)/D94 -> 0 | I94: =IFERROR(E94/J94,"") -> 6.5566038 | J94: 424
A95: 95 | B95: BOS-49 | C95: Brass Shower Arm 225mm with Flange | D95: {=VLOOKUP(B95,MASTER!$C279:$F$1048,{3,4},0)} -> 1060 | E95: 1060 | F95: =(E95-D95)/D95 -> 0 | I95: =IFERROR(E95/J95,"") -> 3.045977 | J95: 348
A96: 96 | B96: BOS-49SR | C96: SS Shower Arm 225mm with Flange | D96: {=VLOOKUP(B96,MASTER!$C279:$F$1048,{3,4},0)} -> 405 | E96: 390 | F96: =(E96-D96)/D96 -> -0.037037037 | I96: =IFERROR(E96/J96,"") -> 0.91121495 | J96: 428
A97: 97 | B97: BOS-47 | C97: Brass Shower Arm 325mm with Flange | D97: {=VLOOKUP(B97,MASTER!$C279:$F$1048,{3,4},0)} -> 1290 | E97: 1290 | F97: =(E97-D97)/D97 -> 0 | I97: =IFERROR(E97/J97,"") -> 3.0140187 | J97: 428
A98: 98 | B98: BOS-47SR | C98: SS Shower Arm 300mm with Flange | D98: {=VLOOKUP(B98,MASTER!$C279:$F$1048,{3,4},0)} -> 450 | E98: 450 | F98: =(E98-D98)/D98 -> 0 | I98: =IFERROR(E98/J98,"") -> 1.1278195 | J98: 399
A99: 99 | B99: BOS-50 | C99: Brass Shower Arm 375mm with Flange | D99: {=VLOOKUP(B99,MASTER!$C279:$F$1048,{3,4},0)} -> 1560 | E99: 1560 | F99: =(E99-D99)/D99 -> 0 | I99: =IFERROR(E99/J99,"") -> 4.0310078 | J99: 387
A100: 100 | B100: BOS-50SR | C100: SS Shower Arm 375mm with Flange | D100: {=VLOOKUP(B100,MASTER!$C279:$F$1048,{3,4},0)} -> 560 | E100: 560 | F100: =(E100-D100)/D100 -> 0 | I100: =IFERROR(E100/J100,"") -> 1.7891374 | J100: 313
...

Sheet MRP CHART
A1: 0.08
D2: 02 | E2: 03 | F2: 03-S | G2: 04 | H2: 05 | I2: 06 | J2: 07 | K2: CP-07 | L2: CP | M2: 08 | N2: 09 | O2: 10 | P2: 11 | Q2: 12 | R2: 13 | S2: 14 | T2: 16 | U2: 17 | V2: 18 | W2: 20 | X2: 26 | Y2: 28 | Z2: 50 | AA2: 51 | AB2: 52 | AC2: 54 | AD2: 54-S | AE2: BD-40 | AF2: BB | AG2: BB-S | AH2: 55 | AI2: 56 | AJ2: 60 | AK2: 61 | AL2: 65 | AM2: 70 | AN2: 71 | AO2: 75 | AP2: 76 | AQ2: 80 | AR2: 91 | AS2: 92 | AT2: 92-P | AU2: 93 | AV2: 92-ON-OFF | AW2: 92-ON-OFF-P | AX2: 93-ON-OFF | AY2: 94 | AZ2: 95 | BA2: 96 | BB2: 98
D3: PILLAR COCK (02) | E3: PILLAR COCK TALL HIGHT (03) | F3: PILLAR COCK TALL HIGHT (03) | G3: PILLAR COCK EXTENDED BODY (04) | H3: BIB COCK NOZZLE (05) | I3: BIB COCK (06) | J3: CONCEALED PILLAR COCK (07) | K3: BODY | L3: EXPOSED PARTS | M3: BIB COCK LONG BODY (08) | N3: BIB COCK LONG NOSE (09) | O3: ANGLE COCK (10) | P3: 2-WAY ANGLE COCK (11) | Q3: 2-WAY BIB COCK (12) | R3: 2-WAY BIB COCK (13) | S3: PILLAR COCK SINK TAP (T/M ) (14) | T3: PILLAR COCK SINK TAP (W/M) (16) | U3: PILLAR COCK SINK TAP (W/M) (17) | V3: STOP COCK 15 MM (18) | W3: STOP COCK 20 MM (20) | X3: STOP COCK 15 MM ( M/T ) (26) | Y3: STOP COCK 15 MM ( F/T ) (28) | Z3: CENTER HOLE BASIN MIXER (50) | AA3: SINGLE LEVER BASIN MIXER | AB3: SINGLE LIVER BASIN MIXER TALL HIGHT | AC3: SINGLE LEVER BASIN MIXER WALL MONTED | AD3: SINGLE LEVER BASIN MIXER WALL MONTED | AE3: BODY | AF3: EXPOSED PARTS | AG3: EXPOSED PARTS | AH3: SINK MIXER ( W/M) | AI3: SINGLE LEVER SINK MIXER (W/M ) | AJ3: SINK MIXER (T/M) | AK3: SINGLE LEVER SINK MIXER (T/M ) | AL3: WALL MIXER NON TELEPHONIC | AM3: WALL MIXER TELEPHONIC | AN3: SINGLE LEVER WALL MIXER | AO3: WALL MIXER L-BEND | AP3: SINGLE LEVER WALL MIXER "L" BEND (EXPOSE TYPE) | AQ3: WALL MIXER 3 IN ONE | AR3: CONCEALED DIVERTOR | AS3: DIVERTOR HIGH FLOW | AT3: DIVERTOR HIGH FLOW (Tipton Without Plated) | AU3: DIVERTOR 3 IN ONE | AV3: DIVERTOR HIGH FLOW (ON-OFF) | AW3: DIVERTOR HIGH FLOW (ON-OFF) | AX3: DIVERTOR 3 IN ONE (ON-OFF) | AY3: 4 - WAY DIVERTER (COMPLETE) | AZ3: SPOUT PLAIN | BA3: SPOUT TIP TON | BB3: FLUSH COCK
A4: =COUNT(D4:BB4) -> 37 | B4: 5000 | C4: ASPIRE 52 | D4: {=IFERROR(VLOOKUP($C4&D$2,{MASTER!$Y$2:$Y992,MASTER!$F$2:$F992},2,0),"")} -> 1390 | E4: {=IFERROR(VLOOKUP($C4&E$2,{MASTER!$Y$2:$Y992,MASTER!$F$2:$F992},2,0),"")} -> 3240 | F4: {=IFERROR(VLOOKUP($C4&F$2,{MASTER!$Y$2:$Y992,MASTER!$F$2:$F992},2,0),"")} | G4: {=IFERROR(VLOOKUP($C4&G$2,{MASTER!$Y$2:$Y992,MASTER!$F$2:$F992},2,0),"")} -> 2090 | H4: {=IFERROR(VLOOKUP($C4&H$2,{MASTER!$Y$2:$Y992,MASTER!$F$2:$F992},2,0),"")} | I4: {=IFERROR(VLOOKUP($C4&I$2,{MASTER!$Y$2:$Y992,MASTER!$F$2:$F992},2,0),"")} -> 1180 | J4: {=IFERROR(VLOOKUP($C4&J$2,{MASTER!$Y$2:$Y992,MASTER!$F$2:$F992},2,0),"")} -> 2850 | K4: {=IFERROR(VLOOKUP($C4&K$2,{MASTER!$Y$2:$Y992,MASTER!$F$2:$F992},2,0),"")} -> 1490 | ... BB4: {=IFERROR(VLOOKUP($C4&BB$2,{MASTER!$Y$2:$Y992,MASTER!$F$2:$F992},2,0),"")} -> 2380
A5: =COUNT(D5:BB5) -> 34 | C5: ORBIT 53 | D5: {=IFERROR(VLOOKUP($C5&D$2,{MASTER!$Y$2:$Y992,MASTER!$F$2:$F992},2,0),"")} -> 1390 | E5: {=IFERROR(VLOOKUP($C5&E$2,{MASTER!$Y$2:$Y992,MASTER!$F$2:$F992},2,0),"")} | F5: {=IFERROR(VLOOKUP($C5&F$2,{MASTER!$Y$2:$Y992,MASTER!$F$2:$F992},2,0),"")} | G5: {=IFERROR(VLOOKUP($C5&G$2,{MASTER!$Y$2:$Y992,MASTER!$F$2:$F992},2,0),"")} | H5: {=IFERROR(VLOOKUP($C5&H$2,{MASTER!$Y$2:$Y992,MASTER!$F$2:$F992},2,0),"")} | I5: {=IFERROR(VLOOKUP($C5&I$2,{MASTER!$Y$2:$Y992,MASTER!$F$2:$F992},2,0),"")} -> 1140 | J5: {=IFERROR(VLOOKUP($C5&J$2,{MASTER!$Y$2:$Y992,MASTER!$F$2:$F992},2,0),"")} -> 2840 | K5: {=IFERROR(VLOOKUP($C5&K$2,{MASTER!$Y$2:$Y992,MASTER!$F$2:$F992},2,0),"")} -> 1490 | ... BB5: {=IFERROR(VLOOKUP($C5&BB$2,{MASTER!$Y$2:$Y992,MASTER!$F$2:$F992},2,0),"")} -> 2380
A6: =COUNT(D6:BB6) -> 34 | C6: AQUA 54 | D6: {=IFERROR(VLOOKUP($C6&D$2,{MASTER!$Y$2:$Y992,MASTER!$F$2:$F992},2,0),"")} -> 1590 | E6: {=IFERROR(VLOOKUP($C6&E$2,{MASTER!$Y$2:$Y992,MASTER!$F$2:$F992},2,0),"")} | F6: {=IFERROR(VLOOKUP($C6&F$2,{MASTER!$Y$2:$Y992,MASTER!$F$2:$F992},2,0),"")} | G6: {=IFERROR(VLOOKUP($C6&G$2,{MASTER!$Y$2:$Y992,MASTER!$F$2:$F992},2,0),"")} -> 2440 | H6: {=IFERROR(VLOOKUP($C6&H$2,{MASTER!$Y$2:$Y992,MASTER!$F$2:$F992},2,0),"")} | I6: {=IFERROR(VLOOKUP($C6&I$2,{MASTER!$Y$2:$Y992,MASTER!$F$2:$F992},2,0),"")} -> 1540 | J6: {=IFERROR(VLOOKUP($C6&J$2,{MASTER!$Y$2:$Y992,MASTER!$F$2:$F992},2,0),"")} -> 2850 | K6: {=IFERROR(VLOOKUP($C6&K$2,{MASTER!$Y$2:$Y992,MASTER!$F$2:$F992},2,0),"")} -> 1490 | ... BB6: {=IFERROR(VLOOKUP($C6&BB$2,{MASTER!$Y$2:$Y992,MASTER!$F$2:$F992},2,0),"")} -> 2480
A7: =COUNT(D7:BB7) -> 34 | C7: OCEAN 55 | D7: {=IFERROR(VLOOKUP($C7&D$2,{MASTER!$Y$2:$Y992,MASTER!$F$2:$F992},2,0),"")} -> 1640 | E7: {=IFERROR(VLOOKUP($C7&E$2,{MASTER!$Y$2:$Y992,MASTER!$F$2:$F992},2,0),"")} | F7: {=IFERROR(VLOOKUP($C7&F$2,{MASTER!$Y$2:$Y992,MASTER!$F$2:$F992},2,0),"")} | G7: {=IFERROR(VLOOKUP($C7&G$2,{MASTER!$Y$2:$Y992,MASTER!$F$2:$F992},2,0),"")} -> 2460 | H7: {=IFERROR(VLOOKUP($C7&H$2,{MASTER!$Y$2:$Y992,MASTER!$F$2:$F992},2,0),"")} | I7: {=IFERROR(VLOOKUP($C7&I$2,{MASTER!$Y$2:$Y992,MASTER!$F$2:$F992},2,0),"")} -> 1490 | J7: {=IFERROR(VLOOKUP($C7&J$2,{MASTER!$Y$2:$Y992,MASTER!$F$2:$F992},2,0),"")} -> 2850 | K7: {=IFERROR(VLOOKUP($C7&K$2,{MASTER!$Y$2:$Y992,MASTER!$F$2:$F992},2,0),"")} -> 1490 | ... BB7: {=IFERROR(VLOOKUP($C7&BB$2,{MASTER!$Y$2:$Y992,MASTER!$F$2:$F992},2,0),"")} -> 2340
A8: =COUNT(D8:BB8) -> 33 | B8: 6000 | C8: POLO 60 | D8: {=IFERROR(VLOOKUP($C8&D$2,{MASTER!$Y$2:$Y992,MASTER!$F$2:$F992},2,0),"")} -> 1940 | E8: {=IFERROR(VLOOKUP($C8&E$2,{MASTER!$Y$2:$Y992,MASTER!$F$2:$F992},2,0),"")} | F8: {=IFERROR(VLOOKUP($C8&F$2,{MASTER!$Y$2:$Y992,MASTER!$F$2:$F992},2,0),"")} | G8: {=IFERROR(VLOOKUP($C8&G$2,{MASTER!$Y$2:$Y992,MASTER!$F$2:$F992},2,0),"")} -> 2680 | H8: {=IFERROR(VLOOKUP($C8&H$2,{MASTER!$Y$2:$Y992,MASTER!$F$2:$F992},2,0),"")} | I8: {=IFERROR(VLOOKUP($C8&I$2,{MASTER!$Y$2:$Y992,MASTER!$F$2:$F992},2,0),"")} -> 1580 | J8: {=IFERROR(VLOOKUP($C8&J$2,{MASTER!$Y$2:$Y992,MASTER!$F$2:$F992},2,0),"")} -> 2880 | K8: {=IFERROR(VLOOKUP($C8&K$2,{MASTER!$Y$2:$Y992,MASTER!$F$2:$F992},2,0),"")} -> 1490 | ... BB8: {=IFERROR(VLOOKUP($C8&BB$2,{MASTER!$Y$2:$Y992,MASTER!$F$2:$F992},2,0),"")} -> 2640
A9: =COUNT(D9:BB9) -> 0 | C9: EMERALD 61 | D9: {=IFERROR(VLOOKUP($C9&D$2,{MASTER!$Y$2:$Y992,MASTER!$F$2:$F992},2,0),"")} -> REMOVED | E9: {=IFERROR(VLOOKUP($C9&E$2,{MASTER!$Y$2:$Y992,MASTER!$F$2:$F992},2,0),"")} -> REMOVED | F9: {=IFERROR(VLOOKUP($C9&F$2,{MASTER!$Y$2:$Y992,MASTER!$F$2:$F992},2,0),"")} -> REMOVED | G9: {=IFERROR(VLOOKUP($C9&G$2,{MASTER!$Y$2:$Y992,MASTER!$F$2:$F992},2,0),"")} -> REMOVED | H9: {=IFERROR(VLOOKUP($C9&H$2,{MASTER!$Y$2:$Y992,MASTER!$F$2:$F992},2,0),"")} | I9: {=IFERROR(VLOOKUP($C9&I$2,{MASTER!$Y$2:$Y992,MASTER!$F$2:$F992},2,0),"")} -> REMOVED | J9: {=IFERROR(VLOOKUP($C9&J$2,{MASTER!$Y$2:$Y992,MASTER!$F$2:$F992},2,0),"")} -> REMOVED | K9: {=IFERROR(VLOOKUP($C9&K$2,{MASTER!$Y$2:$Y992,MASTER!$F$2:$F992},2,0),"")} -> REMOVED | ... BB9: {=IFERROR(VLOOKUP($C9&BB$2,{MASTER!$Y$2:$Y992,MASTER!$F$2:$F992},2,0),"")} -> REMOVED
A10: =COUNT(D10:BB10) -> 33 | C10: BLAZE 62 | D10: {=IFERROR(VLOOKUP($C10&D$2,{MASTER!$Y$2:$Y992,MASTER!$F$2:$F992},2,0),"")} -> 1880 | E10: {=IFERROR(VLOOKUP($C10&E$2,{MASTER!$Y$2:$Y992,MASTER!$F$2:$F992},2,0),"")} | F10: {=IFERROR(VLOOKUP($C10&F$2,{MASTER!$Y$2:$Y992,MASTER!$F$2:$F992},2,0),"")} | G10: {=IFERROR(VLOOKUP($C10&G$2,{MASTER!$Y$2:$Y992,MASTER!$F$2:$F992},2,0),"")} -> 2580 | H10: {=IFERROR(VLOOKUP($C10&H$2,{MASTER!$Y$2:$Y992,MASTER!$F$2:$F992},2,0),"")} | I10: {=IFERROR(VLOOKUP($C10&I$2,{MASTER!$Y$2:$Y992,MASTER!$F$2:$F992},2,0),"")} -> 1580 | J10: {=IFERROR(VLOOKUP($C10&J$2,{MASTER!$Y$2:$Y992,MASTER!$F$2:$F992},2,0),"")} -> 2880 | K10: {=IFERROR(VLOOKUP($C10&K$2,{MASTER!$Y$2:$Y992,MASTER!$F$2:$F992},2,0),"")} -> 1490 | ... BB10: {=IFERROR(VLOOKUP($C10&BB$2,{MASTER!$Y$2:$Y992,MASTER!$F$2:$F992},2,0),"")} -> 2350
A11: =COUNT(D11:BB11) -> 37 | C11: VINCENT 66 | D11: {=IFERROR(VLOOKUP($C11&D$2,{MASTER!$Y$2:$Y992,MASTER!$F$2:$F992},2,0),"")} -> 1960 | E11: {=IFERROR(VLOOKUP($C11&E$2,{MASTER!$Y$2:$Y992,MASTER!$F$2:$F992},2,0),"")} -> 3930 | F11: {=IFERROR(VLOOKUP($C11&F$2,{MASTER!$Y$2:$Y992,MASTER!$F$2:$F992},2,0),"")} -> 3940 | G11: {=IFERROR(VLOOKUP($C11&G$2,{MASTER!$Y$2:$Y992,MASTER!$F$2:$F992},2,0),"")} -> 2640 | H11: {=IFERROR(VLOOKUP($C11&H$2,{MASTER!$Y$2:$Y992,MASTER!$F$2:$F992},2,0),"")} -> 1390 | I11: {=IFERROR(VLOOKUP($C11&I$2,{MASTER!$Y$2:$Y992,MASTER!$F$2:$F992},2,0),"")} -> 1640 | J11: {=IFERROR(VLOOKUP($C11&J$2,{MASTER!$Y$2:$Y992,MASTER!$F$2:$F992},2,0),"")} -> 2880 | K11: {=IFERROR(VLOOKUP($C11&K$2,{MASTER!$Y$2:$Y992,MASTER!$F$2:$F992},2,0),"")} -> 1490 | ... BB11: {=IFERROR(VLOOKUP($C11&BB$2,{MASTER!$Y$2:$Y992,MASTER!$F$2:$F992},2,0),"")} -> 2580
A12: =COUNT(D12:BB12) -> 39 | C12: MARCUS 68 | D12: {=IFERROR(VLOOKUP($C12&D$2,{MASTER!$Y$2:$Y992,MASTER!$F$2:$F992},2,0),"")} -> 1920 | E12: {=IFERROR(VLOOKUP($C12&E$2,{MASTER!$Y$2:$Y992,MASTER!$F$2:$F992},2,0),"")} -> 3980 | F12: {=IFERROR(VLOOKUP($C12&F$2,{MASTER!$Y$2:$Y992,MASTER!$F$2:$F992},2,0),"")} -> 3680 | G12: {=IFERROR(VLOOKUP($C12&G$2,{MASTER!$Y$2:$Y992,MASTER!$F$2:$F992},2,0),"")} -> 2440 | H12: {=IFERROR(VLOOKUP($C12&H$2,{MASTER!$Y$2:$Y992,MASTER!$F$2:$F992},2,0),"")} -> 1690 | I12: {=IFERROR(VLOOKUP($C12&I$2,{MASTER!$Y$2:$Y992,MASTER!$F$2:$F992},2,0),"")} -> 1580 | J12: {=IFERROR(VLOOKUP($C12&J$2,{MASTER!$Y$2:$Y992,MASTER!$F$2:$F992},2,0),"")} -> 2880 | K12: {=IFERROR(VLOOKUP($C12&K$2,{MASTER!$Y$2:$Y992,MASTER!$F$2:$F992},2,0),"")} -> 1490 | ... BB12: {=IFERROR(VLOOKUP($C12&BB$2,{MASTER!$Y$2:$Y992,MASTER!$F$2:$F992},2,0),"")} -> 2490
A13: =COUNT(D13:BB13) -> 34 | C13: VIRGO P66 | D13: {=IFERROR(VLOOKUP($C13&D$2,{MASTER!$Y$2:$Y992,MASTER!$F$2:$F992},2,0),"")} -> 1640 | E13: {=IFERROR(VLOOKUP($C13&E$2,{MASTER!$Y$2:$Y992,MASTER!$F$2:$F992},2,0),"")} -> 4110 | F13: {=IFERROR(VLOOKUP($C13&F$2,{MASTER!$Y$2:$Y992,MASTER!$F$2:$F992},2,0),"")} | G13: {=IFERROR(VLOOKUP($C13&G$2,{MASTER!$Y$2:$Y992,MASTER!$F$2:$F992},2,0),"")} | H13: {=IFERROR(VLOOKUP($C13&H$2,{MASTER!$Y$2:$Y992,MASTER!$F$2:$F992},2,0),"")} -> 1430 | I13: {=IFERROR(VLOOKUP($C13&I$2,{MASTER!$Y$2:$Y992,MASTER!$F$2:$F992},2,0),"")} -> 1410 | J13: {=IFERROR(VLOOKUP($C13&J$2,{MASTER!$Y$2:$Y992,MASTER!$F$2:$F992},2,0),"")} -> 2880 | K13: {=IFERROR(VLOOKUP($C13&K$2,{MASTER!$Y$2:$Y992,MASTER!$F$2:$F992},2,0),"")} -> 1490 | ... BB13: {=IFERROR(VLOOKUP($C13&BB$2,{MASTER!$Y$2:$Y992,MASTER!$F$2:$F992},2,0),"")} -> 2490
A14: =COUNT(D14:BB14) -> 0 | C14: NEW 69 | D14: {=IFERROR(VLOOKUP($C14&D$2,{MASTER!$Y$2:$Y992,MASTER!$F$2:$F992},2,0),"")} | E14: {=IFERROR(VLOOKUP($C14&E$2,{MASTER!$Y$2:$Y992,MASTER!$F$2:$F992},2,0),"")} | F14: {=IFERROR(VLOOKUP($C14&F$2,{MASTER!$Y$2:$Y992,MASTER!$F$2:$F992},2,0),"")} | G14: {=IFERROR(VLOOKUP($C14&G$2,{MASTER!$Y$2:$Y992,MASTER!$F$2:$F992},2,0),"")} | H14: {=IFERROR(VLOOKUP($C14&H$2,{MASTER!$Y$2:$Y992,MASTER!$F$2:$F992},2,0),"")} | I14: {=IFERROR(VLOOKUP($C14&I$2,{MASTER!$Y$2:$Y992,MASTER!$F$2:$F992},2,0),"")} | J14: {=IFERROR(VLOOKUP($C14&J$2,{MASTER!$Y$2:$Y992,MASTER!$F$2:$F992},2,0),"")} | K14: {=IFERROR(VLOOKUP($C14&K$2,{MASTER!$Y$2:$Y992,MASTER!$F$2:$F992},2,0),"")} | ... BB14: {=IFERROR(VLOOKUP($C14&BB$2,{MASTER!$Y$2:$Y992,MASTER!$F$2:$F992},2,0),"")}
A15: =COUNT(D15:BB15) -> 30 | B15: 7000 | C15: CYGNUS 71 | D15: {=IFERROR(VLOOKUP($C15&D$2,{MASTER!$Y$2:$Y992,MASTER!$F$2:$F992},2,0),"")} -> 2590 | E15: {=IFERROR(VLOOKUP($C15&E$2,{MASTER!$Y$2:$Y992,MASTER!$F$2:$F992},2,0),"")} -> 5480 | F15: {=IFERROR(VLOOKUP($C15&F$2,{MASTER!$Y$2:$Y992,MASTER!$F$2:$F992},2,0),"")} | G15: {=IFERROR(VLOOKUP($C15&G$2,{MASTER!$Y$2:$Y992,MASTER!$F$2:$F992},2,0),"")} -> 3180 | H15: {=IFERROR(VLOOKUP($C15&H$2,{MASTER!$Y$2:$Y992,MASTER!$F$2:$F992},2,0),"")} | I15: {=IFERROR(VLOOKUP($C15&I$2,{MASTER!$Y$2:$Y992,MASTER!$F$2:$F992},2,0),"")} -> 2270 | J15: {=IFERROR(VLOOKUP($C15&J$2,{MASTER!$Y$2:$Y992,MASTER!$F$2:$F992},2,0),"")} | K15: {=IFERROR(VLOOKUP($C15&K$2,{MASTER!$Y$2:$Y992,MASTER!$F$2:$F992},2,0),"")} | ... BB15: {=IFERROR(VLOOKUP($C15&BB$2,{MASTER!$Y$2:$Y992,MASTER!$F$2:$F992},2,0),"")} -> 3080
A16: =COUNT(D16:BB16) -> 20 | C16: VIVA 72 | D16: {=IFERROR(VLOOKUP($C16&D$2,{MASTER!$Y$2:$Y992,MASTER!$F$2:$F992},2,0),"")} -> 1640 | E16: {=IFERROR(VLOOKUP($C16&E$2,{MASTER!$Y$2:$Y992,MASTER!$F$2:$F992},2,0),"")} | F16: {=IFERROR(VLOOKUP($C16&F$2,{MASTER!$Y$2:$Y992,MASTER!$F$2:$F992},2,0),"")} | G16: {=IFERROR(VLOOKUP($C16&G$2,{MASTER!$Y$2:$Y992,MASTER!$F$2:$F992},2,0),"")} | H16: {=IFERROR(VLOOKUP($C16&H$2,{MASTER!$Y$2:$Y992,MASTER!$F$2:$F992},2,0),"")} -> 1490 | I16: {=IFERROR(VLOOKUP($C16&I$2,{MASTER!$Y$2:$Y992,MASTER!$F$2:$F992},2,0),"")} -> 1490 | J16: {=IFERROR(VLOOKUP($C16&J$2,{MASTER!$Y$2:$Y992,MASTER!$F$2:$F992},2,0),"")} | K16: {=IFERROR(VLOOKUP($C16&K$2,{MASTER!$Y$2:$Y992,MASTER!$F$2:$F992},2,0),"")} | ... BB16: {=IFERROR(VLOOKUP($C16&BB$2,{MASTER!$Y$2:$Y992,MASTER!$F$2:$F992},2,0),"")} -> 2520
A17: =COUNT(D17:BB17) -> 20 | C17: TRANQUIL 73 | D17: {=IFERROR(VLOOKUP($C17&D$2,{MASTER!$Y$2:$Y992,MASTER!$F$2:$F992},2,0),"")} -> 1670 | E17: {=IFERROR(VLOOKUP($C17&E$2,{MASTER!$Y$2:$Y992,MASTER!$F$2:$F992},2,0),"")} | F17: {=IFERROR(VLOOKUP($C17&F$2,{MASTER!$Y$2:$Y992,MASTER!$F$2:$F992},2,0),"")} | G17: {=IFERROR(VLOOKUP($C17&G$2,{MASTER!$Y$2:$Y992,MASTER!$F$2:$F992},2,0),"")} | H17: {=IFERROR(VLOOKUP($C17&H$2,{MASTER!$Y$2:$Y992,MASTER!$F$2:$F992},2,0),"")} -> 1550 | I17: {=IFERROR(VLOOKUP($C17&I$2,{MASTER!$Y$2:$Y992,MASTER!$F$2:$F992},2,0),"")} -> 1540 | J17: {=IFERROR(VLOOKUP($C17&J$2,{MASTER!$Y$2:$Y992,MASTER!$F$2:$F992},2,0),"")} | K17: {=IFERROR(VLOOKUP($C17&K$2,{MASTER!$Y$2:$Y992,MASTER!$F$2:$F992},2,0),"")} | ... BB17: {=IFERROR(VLOOKUP($C17&BB$2,{MASTER!$Y$2:$Y992,MASTER!$F$2:$F992},2,0),"")} -> 2580
A18: =COUNT(D18:BB18) -> 21 | C18: GRACIA 74 | D18: {=IFERROR(VLOOKUP($C18&D$2,{MASTER!$Y$2:$Y992,MASTER!$F$2:$F992},2,0),"")} -> 1990 | E18: {=IFERROR(VLOOKUP($C18&E$2,{MASTER!$Y$2:$Y992,MASTER!$F$2:$F992},2,0),"")} -> 3990 | F18: {=IFERROR(VLOOKUP($C18&F$2,{MASTER!$Y$2:$Y992,MASTER!$F$2:$F992},2,0),"")} | G18: {=IFERROR(VLOOKUP($C18&G$2,{MASTER!$Y$2:$Y992,MASTER!$F$2:$F992},2,0),"")} -> 2690 | H18: {=IFERROR(VLOOKUP($C18&H$2,{MASTER!$Y$2:$Y992,MASTER!$F$2:$F992},2,0),"")} | I18: {=IFERROR(VLOOKUP($C18&I$2,{MASTER!$Y$2:$Y992,MASTER!$F$2:$F992},2,0),"")} -> 1740 | J18: {=IFERROR(VLOOKUP($C18&J$2,{MASTER!$Y$2:$Y992,MASTER!$F$2:$F992},2,0),"")} -> 2880 | K18: {=IFERROR(VLOOKUP($C18&K$2,{MASTER!$Y$2:$Y992,MASTER!$F$2:$F992},2,0),"")} -> 1490 | ... BB18: {=IFERROR(VLOOKUP($C18&BB$2,{MASTER!$Y$2:$Y992,MASTER!$F$2:$F992},2,0),"")} -> 2380
A19: =COUNT(D19:BB19) -> 38 | C19: MACASA 76 | D19: {=IFERROR(VLOOKUP($C19&D$2,{MASTER!$Y$2:$Y992,MASTER!$F$2:$F992},2,0),"")} -> 1880 | E19: {=IFERROR(VLOOKUP($C19&E$2,{MASTER!$Y$2:$Y992,MASTER!$F$2:$F992},2,0),"")} -> 3880 | F19: {=IFERROR(VLOOKUP($C19&F$2,{MASTER!$Y$2:$Y992,MASTER!$F$2:$F992},2,0),"")} | G19: {=IFERROR(VLOOKUP($C19&G$2,{MASTER!$Y$2:$Y992,MASTER!$F$2:$F992},2,0),"")} -> 2490 | H19: {=IFERROR(VLOOKUP($C19&H$2,{MASTER!$Y$2:$Y992,MASTER!$F$2:$F992},2,0),"")} | I19: {=IFERROR(VLOOKUP($C19&I$2,{MASTER!$Y$2:$Y992,MASTER!$F$2:$F992},2,0),"")} -> 1490 | J19: {=IFERROR(VLOOKUP($C19&J$2,{MASTER!$Y$2:$Y992,MASTER!$F$2:$F992},2,0),"")} -> 2880 | K19: {=IFERROR(VLOOKUP($C19&K$2,{MASTER!$Y$2:$Y992,MASTER!$F$2:$F992},2,0),"")} -> 1490 | ... BB19: {=IFERROR(VLOOKUP($C19&BB$2,{MASTER!$Y$2:$Y992,MASTER!$F$2:$F992},2,0),"")} -> 2350
A20: =COUNT(D20:BB20) -> 22 | C20: FROST 77 | D20: {=IFERROR(VLOOKUP($C20&D$2,{MASTER!$Y$2:$Y992,MASTER!$F$2:$F992},2,0),"")} -> 1980 | E20: {=IFERROR(VLOOKUP($C20&E$2,{MASTER!$Y$2:$Y992,MASTER!$F$2:$F992},2,0),"")} -> 3990 | F20: {=IFERROR(VLOOKUP($C20&F$2,{MASTER!$Y$2:$Y992,MASTER!$F$2:$F992},2,0),"")} | G20: {=IFERROR(VLOOKUP($C20&G$2,{MASTER!$Y$2:$Y992,MASTER!$F$2:$F992},2,0),"")} -> 2680 | H20: {=IFERROR(VLOOKUP($C20&H$2,{MASTER!$Y$2:$Y992,MASTER!$F$2:$F992},2,0),"")} | I20: {=IFERROR(VLOOKUP($C20&I$2,{MASTER!$Y$2:$Y992,MASTER!$F$2:$F992},2,0),"")} -> 1680 | J20: {=IFERROR(VLOOKUP($C20&J$2,{MASTER!$Y$2:$Y992,MASTER!$F$2:$F992},2,0),"")} -> 2980 | K20: {=IFERROR(VLOOKUP($C20&K$2,{MASTER!$Y$2:$Y992,MASTER!$F$2:$F992},2,0),"")} -> 1490 | ... BB20: {=IFERROR(VLOOKUP($C20&BB$2,{MASTER!$Y$2:$Y992,MASTER!$F$2:$F992},2,0),"")} -> 2480
A21: =COUNT(D21:BB21) -> 36 | C21: URBONA 78 | D21: {=IFERROR(VLOOKUP($C21&D$2,{MASTER!$Y$2:$Y992,MASTER!$F$2:$F992},2,0),"")} -> 1990 | E21: {=IFERROR(VLOOKUP($C21&E$2,{MASTER!$Y$2:$Y992,MASTER!$F$2:$F992},2,0),"")} -> 3990 | F21: {=IFERROR(VLOOKUP($C21&F$2,{MASTER!$Y$2:$Y992,MASTER!$F$2:$F992},2,0),"")} | G21: {=IFERROR(VLOOKUP($C21&G$2,{MASTER!$Y$2:$Y992,MASTER!$F$2:$F992},2,0),"")} -> 2690 | H21: {=IFERROR(VLOOKUP($C21&H$2,{MASTER!$Y$2:$Y992,MASTER!$F$2:$F992},2,0),"")} | I21: {=IFERROR(VLOOKUP($C21&I$2,{MASTER!$Y$2:$Y992,MASTER!$F$2:$F992},2,0),"")} -> 1530 | J21: {=IFERROR(VLOOKUP($C21&J$2,{MASTER!$Y$2:$Y992,MASTER!$F$2:$F992},2,0),"")} -> 2980 | K21: {=IFERROR(VLOOKUP($C21&K$2,{MASTER!$Y$2:$Y992,MASTER!$F$2:$F992},2,0),"")} -> 1490 | ... BB21: {=IFERROR(VLOOKUP($C21&BB$2,{MASTER!$Y$2:$Y992,MASTER!$F$2:$F992},2,0),"")} -> 2480
A22: =COUNT(D22:BB22) -> 30 | C22: SAGA 79F | D22: {=IFERROR(VLOOKUP($C22&D$2,{MASTER!$Y$2:$Y992,MASTER!$F$2:$F992},2,0),"")} -> 2540 | E22: {=IFERROR(VLOOKUP($C22&E$2,{MASTER!$Y$2:$Y992,MASTER!$F$2:$F992},2,0),"")} -> 4760 | F22: {=IFERROR(VLOOKUP($C22&F$2,{MASTER!$Y$2:$Y992,MASTER!$F$2:$F992},2,0),"")} | G22: {=IFERROR(VLOOKUP($C22&G$2,{MASTER!$Y$2:$Y992,MASTER!$F$2:$F992},2,0),"")} -> 3320 | H22: {=IFERROR(VLOOKUP($C22&H$2,{MASTER!$Y$2:$Y992,MASTER!$F$2:$F992},2,0),"")} | I22: {=IFERROR(VLOOKUP($C22&I$2,{MASTER!$Y$2:$Y992,MASTER!$F$2:$F992},2,0),"")} -> 1990 | J22: {=IFERROR(VLOOKUP($C22&J$2,{MASTER!$Y$2:$Y992,MASTER!$F$2:$F992},2,0),"")} | K22: {=IFERROR(VLOOKUP($C22&K$2,{MASTER!$Y$2:$Y992,MASTER!$F$2:$F992},2,0),"")} | ... BB22: {=IFERROR(VLOOKUP($C22&BB$2,{MASTER!$Y$2:$Y992,MASTER!$F$2:$F992},2,0),"")} -> 2640
A23: =COUNT(D23:BB23) -> 31 | B23: 8000 | C23: NIAGARA 81 | D23: {=IFERROR(VLOOKUP($C23&D$2,{MASTER!$Y$2:$Y992,MASTER!$F$2:$F992},2,0),"")} -> 3470 | E23: {=IFERROR(VLOOKUP($C23&E$2,{MASTER!$Y$2:$Y992,MASTER!$F$2:$F992},2,0),"")} -> 5160 | F23: {=IFERROR(VLOOKUP($C23&F$2,{MASTER!$Y$2:$Y992,MASTER!$F$2:$F992},2,0),"")} | G23: {=IFERROR(VLOOKUP($C23&G$2,{MASTER!$Y$2:$Y992,MASTER!$F$2:$F992},2,0),"")} | H23: {=IFERROR(VLOOKUP($C23&H$2,{MASTER!$Y$2:$Y992,MASTER!$F$2:$F992},2,0),"")} | I23: {=IFERROR(VLOOKUP($C23&I$2,{MASTER!$Y$2:$Y992,MASTER!$F$2:$F992},2,0),"")} -> 2320 | J23: {=IFERROR(VLOOKUP($C23&J$2,{MASTER!$Y$2:$Y992,MASTER!$F$2:$F992},2,0),"")} | K23: {=IFERROR(VLOOKUP($C23&K$2,{MASTER!$Y$2:$Y992,MASTER!$F$2:$F992},2,0),"")} | ... BB23: {=IFERROR(VLOOKUP($C23&BB$2,{MASTER!$Y$2:$Y992,MASTER!$F$2:$F992},2,0),"")} -> 3860
A24: =COUNT(D24:BB24) -> 22 | C24: WAVES 83 | D24: {=IFERROR(VLOOKUP($C24&D$2,{MASTER!$Y$2:$Y992,MASTER!$F$2:$F992},2,0),"")} -> 2090 | E24: {=IFERROR(VLOOKUP($C24&E$2,{MASTER!$Y$2:$Y992,MASTER!$F$2:$F992},2,0),"")} | F24: {=IFERROR(VLOOKUP($C24&F$2,{MASTER!$Y$2:$Y992,MASTER!$F$2:$F992},2,0),"")} | G24: {=IFERROR(VLOOKUP($C24&G$2,{MASTER!$Y$2:$Y992,MASTER!$F$2:$F992},2,0),"")} -> 2260 | H24: {=IFERROR(VLOOKUP($C24&H$2,{MASTER!$Y$2:$Y992,MASTER!$F$2:$F992},2,0),"")} -> 1720 | I24: {=IFERROR(VLOOKUP($C24&I$2,{MASTER!$Y$2:$Y992,MASTER!$F$2:$F992},2,0),"")} -> 1750 | J24: {=IFERROR(VLOOKUP($C24&J$2,{MASTER!$Y$2:$Y992,MASTER!$F$2:$F992},2,0),"")} | K24: {=IFERROR(VLOOKUP($C24&K$2,{MASTER!$Y$2:$Y992,MASTER!$F$2:$F992},2,0),"")} | ... BB24: {=IFERROR(VLOOKUP($C24&BB$2,{MASTER!$Y$2:$Y992,MASTER!$F$2:$F992},2,0),"")} -> 3970
A25: =COUNT(D25:BB25) -> 0 | C25: MIST 85 | D25: {=IFERROR(VLOOKUP($C25&D$2,{MASTER!$Y$2:$Y992,MASTER!$F$2:$F992},2,0),"")} -> REMOVED | E25: {=IFERROR(VLOOKUP($C25&E$2,{MASTER!$Y$2:$Y992,MASTER!$F$2:$F992},2,0),"")} | F25: {=IFERROR(VLOOKUP($C25&F$2,{MASTER!$Y$2:$Y992,MASTER!$F$2:$F992},2,0),"")} | G25: {=IFERROR(VLOOKUP($C25&G$2,{MASTER!$Y$2:$Y992,MASTER!$F$2:$F992},2,0),"")} | H25: {=IFERROR(VLOOKUP($C25&H$2,{MASTER!$Y$2:$Y992,MASTER!$F$2:$F992},2,0),"")} | I25: {=IFERROR(VLOOKUP($C25&I$2,{MASTER!$Y$2:$Y992,MASTER!$F$2:$F992},2,0),"")} -> REMOVED | J25: {=IFERROR(VLOOKUP($C25&J$2,{MASTER!$Y$2:$Y992,MASTER!$F$2:$F992},2,0),"")} | K25: {=IFERROR(VLOOKUP($C25&K$2,{MASTER!$Y$2:$Y992,MASTER!$F$2:$F992},2,0),"")} | ... BB25: {=IFERROR(VLOOKUP($C25&BB$2,{MASTER!$Y$2:$Y992,MASTER!$F$2:$F992},2,0),"")} -> REMOVED
A26: =COUNT(D26:BB26) -> 36 | C26: EVIAN 87 | D26: {=IFERROR(VLOOKUP($C26&D$2,{MASTER!$Y$2:$Y992,MASTER!$F$2:$F992},2,0),"")} -> 1880 | E26: {=IFERROR(VLOOKUP($C26&E$2,{MASTER!$Y$2:$Y992,MASTER!$F$2:$F992},2,0),"")} -> 4220 | F26: {=IFERROR(VLOOKUP($C26&F$2,{MASTER!$Y$2:$Y992,MASTER!$F$2:$F992},2,0),"")} | G26: {=IFERROR(VLOOKUP($C26&G$2,{MASTER!$Y$2:$Y992,MASTER!$F$2:$F992},2,0),"")} -> 2840 | H26: {=IFERROR(VLOOKUP($C26&H$2,{MASTER!$Y$2:$Y992,MASTER!$F$2:$F992},2,0),"")} | I26: {=IFERROR(VLOOKUP($C26&I$2,{MASTER!$Y$2:$Y992,MASTER!$F$2:$F992},2,0),"")} -> 1860 | J26: {=IFERROR(VLOOKUP($C26&J$2,{MASTER!$Y$2:$Y992,MASTER!$F$2:$F992},2,0),"")} | K26: {=IFERROR(VLOOKUP($C26&K$2,{MASTER!$Y$2:$Y992,MASTER!$F$2:$F992},2,0),"")} | ... BB26: {=IFERROR(VLOOKUP($C26&BB$2,{MASTER!$Y$2:$Y992,MASTER!$F$2:$F992},2,0),"")} -> 3540
A27: =COUNT(D27:BB27) -> 0 | C27: OPUS 89 | D27: {=IFERROR(VLOOKUP($C27&D$2,{MASTER!$Y$2:$Y992,MASTER!$F$2:$F992},2,0),"")} -> REMOVED | E27: {=IFERROR(VLOOKUP($C27&E$2,{MASTER!$Y$2:$Y992,MASTER!$F$2:$F992},2,0),"")} -> REMOVED | F27: {=IFERROR(VLOOKUP($C27&F$2,{MASTER!$Y$2:$Y992,MASTER!$F$2:$F992},2,0),"")} | G27: {=IFERROR(VLOOKUP($C27&G$2,{MASTER!$Y$2:$Y992,MASTER!$F$2:$F992},2,0),"")} | H27: {=IFERROR(VLOOKUP($C27&H$2,{MASTER!$Y$2:$Y992,MASTER!$F$2:$F992},2,0),"")} | I27: {=IFERROR(VLOOKUP($C27&I$2,{MASTER!$Y$2:$Y992,MASTER!$F$2:$F992},2,0),"")} | J27: {=IFERROR(VLOOKUP($C27&J$2,{MASTER!$Y$2:$Y992,MASTER!$F$2:$F992},2,0),"")} | K27: {=IFERROR(VLOOKUP($C27&K$2,{MASTER!$Y$2:$Y992,MASTER!$F$2:$F992},2,0),"")} | ... BB27: {=IFERROR(VLOOKUP($C27&BB$2,{MASTER!$Y$2:$Y992,MASTER!$F$2:$F992},2,0),"")}
A28: =COUNT(D28:BB28) -> 32 | C28: EUROPA 90 | D28: {=IFERROR(VLOOKUP($C28&D$2,{MASTER!$Y$2:$Y992,MASTER!$F$2:$F992},2,0),"")} -> 2890 | E28: {=IFERROR(VLOOKUP($C28&E$2,{MASTER!$Y$2:$Y992,MASTER!$F$2:$F992},2,0),"")} -> 5390 | F28: {=IFERROR(VLOOKUP($C28&F$2,{MASTER!$Y$2:$Y992,MASTER!$F$2:$F992},2,0),"")} | G28: {=IFERROR(VLOOKUP($C28&G$2,{MASTER!$Y$2:$Y992,MASTER!$F$2:$F992},2,0),"")} -> 3340 | H28: {=IFERROR(VLOOKUP($C28&H$2,{MASTER!$Y$2:$Y992,MASTER!$F$2:$F992},2,0),"")} | I28: {=IFERROR(VLOOKUP($C28&I$2,{MASTER!$Y$2:$Y992,MASTER!$F$2:$F992},2,0),"")} -> 2190 | J28: {=IFERROR(VLOOKUP($C28&J$2,{MASTER!$Y$2:$Y992,MASTER!$F$2:$F992},2,0),"")} | K28: {=IFERROR(VLOOKUP($C28&K$2,{MASTER!$Y$2:$Y992,MASTER!$F$2:$F992},2,0),"")} | ... BB28: {=IFERROR(VLOOKUP($C28&BB$2,{MASTER!$Y$2:$Y992,MASTER!$F$2:$F992},2,0),"")} -> 3650
A29: =COUNT(D29:BB29) -> 36 | B29: 9000 | C29: LAGUNA 93 | D29: {=IFERROR(VLOOKUP($C29&D$2,{MASTER!$Y$2:$Y992,MASTER!$F$2:$F992},2,0),"")} -> 2770 | E29: {=IFERROR(VLOOKUP($C29&E$2,{MASTER!$Y$2:$Y992,MASTER!$F$2:$F992},2,0),"")} | F29: {=IFERROR(VLOOKUP($C29&F$2,{MASTER!$Y$2:$Y992,MASTER!$F$2:$F992},2,0),"")} | G29: {=IFERROR(VLOOKUP($C29&G$2,{MASTER!$Y$2:$Y992,MASTER!$F$2:$F992},2,0),"")} | H29: {=IFERROR(VLOOKUP($C29&H$2,{MASTER!$Y$2:$Y992,MASTER!$F$2:$F992},2,0),"")} | I29: {=IFERROR(VLOOKUP($C29&I$2,{MASTER!$Y$2:$Y992,MASTER!$F$2:$F992},2,0),"")} -> 2320 | J29: {=IFERROR(VLOOKUP($C29&J$2,{MASTER!$Y$2:$Y992,MASTER!$F$2:$F992},2,0),"")} | K29: {=IFERROR(VLOOKUP($C29&K$2,{MASTER!$Y$2:$Y992,MASTER!$F$2:$F992},2,0),"")} | ... BB29: {=IFERROR(VLOOKUP($C29&BB$2,{MASTER!$Y$2:$Y992,MASTER!$F$2:$F992},2,0),"")} -> 3490

Sheet COST CHART
A1: 0.08
D2: 02 | E2: 03 | F2: 03-S | G2: 04 | H2: 05 | I2: 06 | J2: 07 | K2: CP-07 | L2: CP | M2: 08 | N2: 09 | O2: 10 | P2: 11 | Q2: 12 | R2: 13 | S2: 14 | T2: 16 | U2: 17 | V2: 18 | W2: 20 | X2: 26 | Y2: 28 | Z2: 50 | AA2: 51 | AB2: 52 | AC2: 54 | AD2: 54-S | AE2: BD-40 | AF2: BB | AG2: BB-S | AH2: 55 | AI2: 56 | AJ2: 60 | AK2: 61 | AL2: 65 | AM2: 70 | AN2: 71 | AO2: 75 | AP2: 76 | AQ2: 80 | AR2: 91 | AS2: 92 | AT2: 92-P | AU2: 93 | AV2: 92-ON-OFF | AW2: 92-ON-OFF-P | AX2: 93-ON-OFF | AY2: 94 | AZ2: 95 | BA2: 96 | BB2: 98
D3: PILLAR COCK (02) | E3: PILLAR COCK TALL HIGHT (03) | F3: PILLAR COCK TALL HIGHT (03) | G3: PILLAR COCK EXTENDED BODY (04) | H3: BIB COCK NOZZLE (05) | I3: BIB COCK (06) | J3: CONCEALED PILLAR COCK (07) | K3: BODY | L3: EXPOSED PARTS | M3: BIB COCK LONG BODY (08) | N3: BIB COCK LONG NOSE (09) | O3: ANGLE COCK (10) | P3: 2-WAY ANGLE COCK (11) | Q3: 2-WAY BIB COCK (12) | R3: 2-WAY BIB COCK (13) | S3: PILLAR COCK SINK TAP (T/M ) (14) | T3: PILLAR COCK SINK TAP (W/M) (16) | U3: PILLAR COCK SINK TAP (W/M) (17) | V3: STOP COCK 15 MM (18) | W3: STOP COCK 20 MM (20) | X3: STOP COCK 15 MM ( M/T ) (26) | Y3: STOP COCK 15 MM ( F/T ) (28) | Z3: CENTER HOLE BASIN MIXER (50) | AA3: SINGLE LEVER BASIN MIXER | AB3: SINGLE LIVER BASIN MIXER TALL HIGHT | AC3: SINGLE LEVER BASIN MIXER WALL MONTED | AD3: SINGLE LEVER BASIN MIXER WALL MONTED | AE3: BODY | AF3: EXPOSED PARTS | AG3: EXPOSED PARTS | AH3: SINK MIXER ( W/M) | AI3: SINGLE LEVER SINK MIXER (W/M ) | AJ3: SINK MIXER (T/M) | AK3: SINGLE LEVER SINK MIXER (T/M ) | AL3: WALL MIXER NON TELEPHONIC | AM3: WALL MIXER TELEPHONIC | AN3: SINGLE LEVER WALL MIXER | AO3: WALL MIXER L-BEND | AP3: SINGLE LEVER WALL MIXER "L" BEND (EXPOSE TYPE) | AQ3: WALL MIXER 3 IN ONE | AR3: CONCEALED DIVERTOR | AS3: DIVERTOR HIGH FLOW | AT3: DIVERTOR HIGH FLOW (Tipton Without Plated) | AU3: DIVERTOR 3 IN ONE | AV3: DIVERTOR HIGH FLOW (ON-OFF) | AW3: DIVERTOR HIGH FLOW (ON-OFF) | AX3: DIVERTOR 3 IN ONE (ON-OFF) | AY3: 4 - WAY DIVERTER (COMPLETE) | AZ3: SPOUT PLAIN | BA3: SPOUT TIP TON | BB3: FLUSH COCK
A4: =COUNT(D4:BB4) -> 37 | B4: 5000 | C4: ASPIRE 52 | D4: {=IFERROR(VLOOKUP($C4&D$2,{MASTER!$Y$2:$Y992,MASTER!$M$2:$M992},2,0),"")} -> 442 | E4: {=IFERROR(VLOOKUP($C4&E$2,{MASTER!$Y$2:$Y992,MASTER!$M$2:$M992},2,0),"")} -> 1048 | F4: {=IFERROR(VLOOKUP($C4&F$2,{MASTER!$Y$2:$Y992,MASTER!$M$2:$M992},2,0),"")} | G4: {=IFERROR(VLOOKUP($C4&G$2,{MASTER!$Y$2:$Y992,MASTER!$M$2:$M992},2,0),"")} -> 645 | H4: {=IFERROR(VLOOKUP($C4&H$2,{MASTER!$Y$2:$Y992,MASTER!$M$2:$M992},2,0),"")} | I4: {=IFERROR(VLOOKUP($C4&I$2,{MASTER!$Y$2:$Y992,MASTER!$M$2:$M992},2,0),"")} -> 346 | J4: {=IFERROR(VLOOKUP($C4&J$2,{MASTER!$Y$2:$Y992,MASTER!$M$2:$M992},2,0),"")} -> 791 | K4: {=IFERROR(VLOOKUP($C4&K$2,{MASTER!$Y$2:$Y992,MASTER!$M$2:$M992},2,0),"")} -> 445 | ... BB4: {=IFERROR(VLOOKUP($C4&BB$2,{MASTER!$Y$2:$Y992,MASTER!$M$2:$M992},2,0),"")} -> 733
A5: =COUNT(D5:BB5) -> 34 | C5: ORBIT 53 | D5: {=IFERROR(VLOOKUP($C5&D$2,{MASTER!$Y$2:$Y992,MASTER!$M$2:$M992},2,0),"")} -> 432 | E5: {=IFERROR(VLOOKUP($C5&E$2,{MASTER!$Y$2:$Y992,MASTER!$M$2:$M992},2,0),"")} | F5: {=IFERROR(VLOOKUP($C5&F$2,{MASTER!$Y$2:$Y992,MASTER!$M$2:$M992},2,0),"")} | G5: {=IFERROR(VLOOKUP($C5&G$2,{MASTER!$Y$2:$Y992,MASTER!$M$2:$M992},2,0),"")} | H5: {=IFERROR(VLOOKUP($C5&H$2,{MASTER!$Y$2:$Y992,MASTER!$M$2:$M992},2,0),"")} | I5: {=IFERROR(VLOOKUP($C5&I$2,{MASTER!$Y$2:$Y992,MASTER!$M$2:$M992},2,0),"")} -> 330 | J5: {=IFERROR(VLOOKUP($C5&J$2,{MASTER!$Y$2:$Y992,MASTER!$M$2:$M992},2,0),"")} -> 788 | K5: {=IFERROR(VLOOKUP($C5&K$2,{MASTER!$Y$2:$Y992,MASTER!$M$2:$M992},2,0),"")} -> 445 | ... BB5: {=IFERROR(VLOOKUP($C5&BB$2,{MASTER!$Y$2:$Y992,MASTER!$M$2:$M992},2,0),"")} -> 729
A6: =COUNT(D6:BB6) -> 34 | C6: AQUA 54 | D6: {=IFERROR(VLOOKUP($C6&D$2,{MASTER!$Y$2:$Y992,MASTER!$M$2:$M992},2,0),"")} -> 521 | E6: {=IFERROR(VLOOKUP($C6&E$2,{MASTER!$Y$2:$Y992,MASTER!$M$2:$M992},2,0),"")} | F6: {=IFERROR(VLOOKUP($C6&F$2,{MASTER!$Y$2:$Y992,MASTER!$M$2:$M992},2,0),"")} | G6: {=IFERROR(VLOOKUP($C6&G$2,{MASTER!$Y$2:$Y992,MASTER!$M$2:$M992},2,0),"")} -> 747 | H6: {=IFERROR(VLOOKUP($C6&H$2,{MASTER!$Y$2:$Y992,MASTER!$M$2:$M992},2,0),"")} | I6: {=IFERROR(VLOOKUP($C6&I$2,{MASTER!$Y$2:$Y992,MASTER!$M$2:$M992},2,0),"")} -> 446 | J6: {=IFERROR(VLOOKUP($C6&J$2,{MASTER!$Y$2:$Y992,MASTER!$M$2:$M992},2,0),"")} -> 817 | K6: {=IFERROR(VLOOKUP($C6&K$2,{MASTER!$Y$2:$Y992,MASTER!$M$2:$M992},2,0),"")} -> 445 | ... BB6: {=IFERROR(VLOOKUP($C6&BB$2,{MASTER!$Y$2:$Y992,MASTER!$M$2:$M992},2,0),"")} -> 742
A7: =COUNT(D7:BB7) -> 34 | C7: OCEAN 55 | D7: {=IFERROR(VLOOKUP($C7&D$2,{MASTER!$Y$2:$Y992,MASTER!$M$2:$M992},2,0),"")} -> 533 | E7: {=IFERROR(VLOOKUP($C7&E$2,{MASTER!$Y$2:$Y992,MASTER!$M$2:$M992},2,0),"")} | F7: {=IFERROR(VLOOKUP($C7&F$2,{MASTER!$Y$2:$Y992,MASTER!$M$2:$M992},2,0),"")} | G7: {=IFERROR(VLOOKUP($C7&G$2,{MASTER!$Y$2:$Y992,MASTER!$M$2:$M992},2,0),"")} -> 765 | H7: {=IFERROR(VLOOKUP($C7&H$2,{MASTER!$Y$2:$Y992,MASTER!$M$2:$M992},2,0),"")} | I7: {=IFERROR(VLOOKUP($C7&I$2,{MASTER!$Y$2:$Y992,MASTER!$M$2:$M992},2,0),"")} -> 455 | J7: {=IFERROR(VLOOKUP($C7&J$2,{MASTER!$Y$2:$Y992,MASTER!$M$2:$M992},2,0),"")} -> 799 | K7: {=IFERROR(VLOOKUP($C7&K$2,{MASTER!$Y$2:$Y992,MASTER!$M$2:$M992},2,0),"")} -> 445 | ... BB7: {=IFERROR(VLOOKUP($C7&BB$2,{MASTER!$Y$2:$Y992,MASTER!$M$2:$M992},2,0),"")} -> 737
A8: =COUNT(D8:BB8) -> 33 | B8: 6000 | C8: POLO 60 | D8: {=IFERROR(VLOOKUP($C8&D$2,{MASTER!$Y$2:$Y992,MASTER!$M$2:$M992},2,0),"")} -> 618 | E8: {=IFERROR(VLOOKUP($C8&E$2,{MASTER!$Y$2:$Y992,MASTER!$M$2:$M992},2,0),"")} | F8: {=IFERROR(VLOOKUP($C8&F$2,{MASTER!$Y$2:$Y992,MASTER!$M$2:$M992},2,0),"")} | G8: {=IFERROR(VLOOKUP($C8&G$2,{MASTER!$Y$2:$Y992,MASTER!$M$2:$M992},2,0),"")} -> 827 | H8: {=IFERROR(VLOOKUP($C8&H$2,{MASTER!$Y$2:$Y992,MASTER!$M$2:$M992},2,0),"")} | I8: {=IFERROR(VLOOKUP($C8&I$2,{MASTER!$Y$2:$Y992,MASTER!$M$2:$M992},2,0),"")} -> 463 | J8: {=IFERROR(VLOOKUP($C8&J$2,{MASTER!$Y$2:$Y992,MASTER!$M$2:$M992},2,0),"")} -> 808 | K8: {=IFERROR(VLOOKUP($C8&K$2,{MASTER!$Y$2:$Y992,MASTER!$M$2:$M992},2,0),"")} -> 445 | ... BB8: {=IFERROR(VLOOKUP($C8&BB$2,{MASTER!$Y$2:$Y992,MASTER!$M$2:$M992},2,0),"")} -> 751
A9: =COUNT(D9:BB9) -> 36 | C9: EMERALD 61 | D9: {=IFERROR(VLOOKUP($C9&D$2,{MASTER!$Y$2:$Y992,MASTER!$M$2:$M992},2,0),"")} -> 620 | E9: {=IFERROR(VLOOKUP($C9&E$2,{MASTER!$Y$2:$Y992,MASTER!$M$2:$M992},2,0),"")} -> 1466 | F9: {=IFERROR(VLOOKUP($C9&F$2,{MASTER!$Y$2:$Y992,MASTER!$M$2:$M992},2,0),"")} -> 1303 | G9: {=IFERROR(VLOOKUP($C9&G$2,{MASTER!$Y$2:$Y992,MASTER!$M$2:$M992},2,0),"")} -> 869 | H9: {=IFERROR(VLOOKUP($C9&H$2,{MASTER!$Y$2:$Y992,MASTER!$M$2:$M992},2,0),"")} | I9: {=IFERROR(VLOOKUP($C9&I$2,{MASTER!$Y$2:$Y992,MASTER!$M$2:$M992},2,0),"")} -> 469 | J9: {=IFERROR(VLOOKUP($C9&J$2,{MASTER!$Y$2:$Y992,MASTER!$M$2:$M992},2,0),"")} -> 804 | K9: {=IFERROR(VLOOKUP($C9&K$2,{MASTER!$Y$2:$Y992,MASTER!$M$2:$M992},2,0),"")} -> 445 | ... BB9: {=IFERROR(VLOOKUP($C9&BB$2,{MASTER!$Y$2:$Y992,MASTER!$M$2:$M992},2,0),"")} -> 745
A10: =COUNT(D10:BB10) -> 33 | C10: BLAZE 62 | D10: {=IFERROR(VLOOKUP($C10&D$2,{MASTER!$Y$2:$Y992,MASTER!$M$2:$M992},2,0),"")} -> 591 | E10: {=IFERROR(VLOOKUP($C10&E$2,{MASTER!$Y$2:$Y992,MASTER!$M$2:$M992},2,0),"")} | F10: {=IFERROR(VLOOKUP($C10&F$2,{MASTER!$Y$2:$Y992,MASTER!$M$2:$M992},2,0),"")} | G10: {=IFERROR(VLOOKUP($C10&G$2,{MASTER!$Y$2:$Y992,MASTER!$M$2:$M992},2,0),"")} -> 788 | H10: {=IFERROR(VLOOKUP($C10&H$2,{MASTER!$Y$2:$Y992,MASTER!$M$2:$M992},2,0),"")} | I10: {=IFERROR(VLOOKUP($C10&I$2,{MASTER!$Y$2:$Y992,MASTER!$M$2:$M992},2,0),"")} -> 453 | J10: {=IFERROR(VLOOKUP($C10&J$2,{MASTER!$Y$2:$Y992,MASTER!$M$2:$M992},2,0),"")} -> 798 | K10: {=IFERROR(VLOOKUP($C10&K$2,{MASTER!$Y$2:$Y992,MASTER!$M$2:$M992},2,0),"")} -> 445 | ... BB10: {=IFERROR(VLOOKUP($C10&BB$2,{MASTER!$Y$2:$Y992,MASTER!$M$2:$M992},2,0),"")} -> 740
A11: =COUNT(D11:BB11) -> 36 | C11: VINCENT 66 | D11: {=IFERROR(VLOOKUP($C11&D$2,{MASTER!$Y$2:$Y992,MASTER!$M$2:$M992},2,0),"")} -> 621 | E11: {=IFERROR(VLOOKUP($C11&E$2,{MASTER!$Y$2:$Y992,MASTER!$M$2:$M992},2,0),"")} | F11: {=IFERROR(VLOOKUP($C11&F$2,{MASTER!$Y$2:$Y992,MASTER!$M$2:$M992},2,0),"")} -> 1305 | G11: {=IFERROR(VLOOKUP($C11&G$2,{MASTER!$Y$2:$Y992,MASTER!$M$2:$M992},2,0),"")} -> 798 | H11: {=IFERROR(VLOOKUP($C11&H$2,{MASTER!$Y$2:$Y992,MASTER!$M$2:$M992},2,0),"")} -> 402 | I11: {=IFERROR(VLOOKUP($C11&I$2,{MASTER!$Y$2:$Y992,MASTER!$M$2:$M992},2,0),"")} -> 470 | J11: {=IFERROR(VLOOKUP($C11&J$2,{MASTER!$Y$2:$Y992,MASTER!$M$2:$M992},2,0),"")} -> 804 | K11: {=IFERROR(VLOOKUP($C11&K$2,{MASTER!$Y$2:$Y992,MASTER!$M$2:$M992},2,0),"")} -> 445 | ... BB11: {=IFERROR(VLOOKUP($C11&BB$2,{MASTER!$Y$2:$Y992,MASTER!$M$2:$M992},2,0),"")} -> 746
A12: =COUNT(D12:BB12) -> 39 | C12: MARCUS 68 | D12: {=IFERROR(VLOOKUP($C12&D$2,{MASTER!$Y$2:$Y992,MASTER!$M$2:$M992},2,0),"")} -> 621 | E12: {=IFERROR(VLOOKUP($C12&E$2,{MASTER!$Y$2:$Y992,MASTER!$M$2:$M992},2,0),"")} -> 1465 | F12: {=IFERROR(VLOOKUP($C12&F$2,{MASTER!$Y$2:$Y992,MASTER!$M$2:$M992},2,0),"")} -> 1309 | G12: {=IFERROR(VLOOKUP($C12&G$2,{MASTER!$Y$2:$Y992,MASTER!$M$2:$M992},2,0),"")} -> 797 | H12: {=IFERROR(VLOOKUP($C12&H$2,{MASTER!$Y$2:$Y992,MASTER!$M$2:$M992},2,0),"")} -> 403 | I12: {=IFERROR(VLOOKUP($C12&I$2,{MASTER!$Y$2:$Y992,MASTER!$M$2:$M992},2,0),"")} -> 469 | J12: {=IFERROR(VLOOKUP($C12&J$2,{MASTER!$Y$2:$Y992,MASTER!$M$2:$M992},2,0),"")} -> 804 | K12: {=IFERROR(VLOOKUP($C12&K$2,{MASTER!$Y$2:$Y992,MASTER!$M$2:$M992},2,0),"")} -> 445 | ... BB12: {=IFERROR(VLOOKUP($C12&BB$2,{MASTER!$Y$2:$Y992,MASTER!$M$2:$M992},2,0),"")} -> 746
A13: =COUNT(D13:BB13) -> 33 | C13: VIRGO P66 | D13: {=IFERROR(VLOOKUP($C13&D$2,{MASTER!$Y$2:$Y992,MASTER!$M$2:$M992},2,0),"")} -> 536 | E13: {=IFERROR(VLOOKUP($C13&E$2,{MASTER!$Y$2:$Y992,MASTER!$M$2:$M992},2,0),"")} -> 1392 | F13: {=IFERROR(VLOOKUP($C13&F$2,{MASTER!$Y$2:$Y992,MASTER!$M$2:$M992},2,0),"")} | G13: {=IFERROR(VLOOKUP($C13&G$2,{MASTER!$Y$2:$Y992,MASTER!$M$2:$M992},2,0),"")} | H13: {=IFERROR(VLOOKUP($C13&H$2,{MASTER!$Y$2:$Y992,MASTER!$M$2:$M992},2,0),"")} -> 402 | I13: {=IFERROR(VLOOKUP($C13&I$2,{MASTER!$Y$2:$Y992,MASTER!$M$2:$M992},2,0),"")} -> 385 | J13: {=IFERROR(VLOOKUP($C13&J$2,{MASTER!$Y$2:$Y992,MASTER!$M$2:$M992},2,0),"")} -> 804 | K13: {=IFERROR(VLOOKUP($C13&K$2,{MASTER!$Y$2:$Y992,MASTER!$M$2:$M992},2,0),"")} -> 445 | ... BB13: {=IFERROR(VLOOKUP($C13&BB$2,{MASTER!$Y$2:$Y992,MASTER!$M$2:$M992},2,0),"")} -> 746
A14: =COUNT(D14:BB14) -> 0 | C14: NEW 69 | D14: {=IFERROR(VLOOKUP($C14&D$2,{MASTER!$Y$2:$Y992,MASTER!$M$2:$M992},2,0),"")} | E14: {=IFERROR(VLOOKUP($C14&E$2,{MASTER!$Y$2:$Y992,MASTER!$M$2:$M992},2,0),"")} | F14: {=IFERROR(VLOOKUP($C14&F$2,{MASTER!$Y$2:$Y992,MASTER!$M$2:$M992},2,0),"")} | G14: {=IFERROR(VLOOKUP($C14&G$2,{MASTER!$Y$2:$Y992,MASTER!$M$2:$M992},2,0),"")} | H14: {=IFERROR(VLOOKUP($C14&H$2,{MASTER!$Y$2:$Y992,MASTER!$M$2:$M992},2,0),"")} | I14: {=IFERROR(VLOOKUP($C14&I$2,{MASTER!$Y$2:$Y992,MASTER!$M$2:$M992},2,0),"")} | J14: {=IFERROR(VLOOKUP($C14&J$2,{MASTER!$Y$2:$Y992,MASTER!$M$2:$M992},2,0),"")} | K14: {=IFERROR(VLOOKUP($C14&K$2,{MASTER!$Y$2:$Y992,MASTER!$M$2:$M992},2,0),"")} | ... BB14: {=IFERROR(VLOOKUP($C14&BB$2,{MASTER!$Y$2:$Y992,MASTER!$M$2:$M992},2,0),"")}
A15: =COUNT(D15:BB15) -> 30 | B15: 7000 | C15: CYGNUS 71 | D15: {=IFERROR(VLOOKUP($C15&D$2,{MASTER!$Y$2:$Y992,MASTER!$M$2:$M992},2,0),"")} -> 844 | E15: {=IFERROR(VLOOKUP($C15&E$2,{MASTER!$Y$2:$Y992,MASTER!$M$2:$M992},2,0),"")} -> 1973 | F15: {=IFERROR(VLOOKUP($C15&F$2,{MASTER!$Y$2:$Y992,MASTER!$M$2:$M992},2,0),"")} | G15: {=IFERROR(VLOOKUP($C15&G$2,{MASTER!$Y$2:$Y992,MASTER!$M$2:$M992},2,0),"")} -> 1000 | H15: {=IFERROR(VLOOKUP($C15&H$2,{MASTER!$Y$2:$Y992,MASTER!$M$2:$M992},2,0),"")} | I15: {=IFERROR(VLOOKUP($C15&I$2,{MASTER!$Y$2:$Y992,MASTER!$M$2:$M992},2,0),"")} -> 696 | J15: {=IFERROR(VLOOKUP($C15&J$2,{MASTER!$Y$2:$Y992,MASTER!$M$2:$M992},2,0),"")} | K15: {=IFERROR(VLOOKUP($C15&K$2,{MASTER!$Y$2:$Y992,MASTER!$M$2:$M992},2,0),"")} | ... BB15: {=IFERROR(VLOOKUP($C15&BB$2,{MASTER!$Y$2:$Y992,MASTER!$M$2:$M992},2,0),"")} -> 954
A16: =COUNT(D16:BB16) -> 20 | C16: VIVA 72 | D16: {=IFERROR(VLOOKUP($C16&D$2,{MASTER!$Y$2:$Y992,MASTER!$M$2:$M992},2,0),"")} -> 543 | E16: {=IFERROR(VLOOKUP($C16&E$2,{MASTER!$Y$2:$Y992,MASTER!$M$2:$M992},2,0),"")} | F16: {=IFERROR(VLOOKUP($C16&F$2,{MASTER!$Y$2:$Y992,MASTER!$M$2:$M992},2,0),"")} | G16: {=IFERROR(VLOOKUP($C16&G$2,{MASTER!$Y$2:$Y992,MASTER!$M$2:$M992},2,0),"")} | H16: {=IFERROR(VLOOKUP($C16&H$2,{MASTER!$Y$2:$Y992,MASTER!$M$2:$M992},2,0),"")} -> 449 | I16: {=IFERROR(VLOOKUP($C16&I$2,{MASTER!$Y$2:$Y992,MASTER!$M$2:$M992},2,0),"")} -> 454 | J16: {=IFERROR(VLOOKUP($C16&J$2,{MASTER!$Y$2:$Y992,MASTER!$M$2:$M992},2,0),"")} | K16: {=IFERROR(VLOOKUP($C16&K$2,{MASTER!$Y$2:$Y992,MASTER!$M$2:$M992},2,0),"")} | ... BB16: {=IFERROR(VLOOKUP($C16&BB$2,{MASTER!$Y$2:$Y992,MASTER!$M$2:$M992},2,0),"")} -> 746
A17: =COUNT(D17:BB17) -> 20 | C17: TRANQUIL 73 | D17: {=IFERROR(VLOOKUP($C17&D$2,{MASTER!$Y$2:$Y992,MASTER!$M$2:$M992},2,0),"")} -> 537 | E17: {=IFERROR(VLOOKUP($C17&E$2,{MASTER!$Y$2:$Y992,MASTER!$M$2:$M992},2,0),"")} | F17: {=IFERROR(VLOOKUP($C17&F$2,{MASTER!$Y$2:$Y992,MASTER!$M$2:$M992},2,0),"")} | G17: {=IFERROR(VLOOKUP($C17&G$2,{MASTER!$Y$2:$Y992,MASTER!$M$2:$M992},2,0),"")} | H17: {=IFERROR(VLOOKUP($C17&H$2,{MASTER!$Y$2:$Y992,MASTER!$M$2:$M992},2,0),"")} -> 443 | I17: {=IFERROR(VLOOKUP($C17&I$2,{MASTER!$Y$2:$Y992,MASTER!$M$2:$M992},2,0),"")} -> 448 | J17: {=IFERROR(VLOOKUP($C17&J$2,{MASTER!$Y$2:$Y992,MASTER!$M$2:$M992},2,0),"")} | K17: {=IFERROR(VLOOKUP($C17&K$2,{MASTER!$Y$2:$Y992,MASTER!$M$2:$M992},2,0),"")} | ... BB17: {=IFERROR(VLOOKUP($C17&BB$2,{MASTER!$Y$2:$Y992,MASTER!$M$2:$M992},2,0),"")} -> 748
A18: =COUNT(D18:BB18) -> 21 | C18: GRACIA 74 | D18: {=IFERROR(VLOOKUP($C18&D$2,{MASTER!$Y$2:$Y992,MASTER!$M$2:$M992},2,0),"")} -> 671 | E18: {=IFERROR(VLOOKUP($C18&E$2,{MASTER!$Y$2:$Y992,MASTER!$M$2:$M992},2,0),"")} -> 1421 | F18: {=IFERROR(VLOOKUP($C18&F$2,{MASTER!$Y$2:$Y992,MASTER!$M$2:$M992},2,0),"")} | G18: {=IFERROR(VLOOKUP($C18&G$2,{MASTER!$Y$2:$Y992,MASTER!$M$2:$M992},2,0),"")} -> 842 | H18: {=IFERROR(VLOOKUP($C18&H$2,{MASTER!$Y$2:$Y992,MASTER!$M$2:$M992},2,0),"")} | I18: {=IFERROR(VLOOKUP($C18&I$2,{MASTER!$Y$2:$Y992,MASTER!$M$2:$M992},2,0),"")} -> 524 | J18: {=IFERROR(VLOOKUP($C18&J$2,{MASTER!$Y$2:$Y992,MASTER!$M$2:$M992},2,0),"")} -> 812 | K18: {=IFERROR(VLOOKUP($C18&K$2,{MASTER!$Y$2:$Y992,MASTER!$M$2:$M992},2,0),"")} -> 445 | ... BB18: {=IFERROR(VLOOKUP($C18&BB$2,{MASTER!$Y$2:$Y992,MASTER!$M$2:$M992},2,0),"")} -> 754
A19: =COUNT(D19:BB19) -> 38 | C19: MACASA 76 | D19: {=IFERROR(VLOOKUP($C19&D$2,{MASTER!$Y$2:$Y992,MASTER!$M$2:$M992},2,0),"")} -> 616 | E19: {=IFERROR(VLOOKUP($C19&E$2,{MASTER!$Y$2:$Y992,MASTER!$M$2:$M992},2,0),"")} -> 1399 | F19: {=IFERROR(VLOOKUP($C19&F$2,{MASTER!$Y$2:$Y992,MASTER!$M$2:$M992},2,0),"")} | G19: {=IFERROR(VLOOKUP($C19&G$2,{MASTER!$Y$2:$Y992,MASTER!$M$2:$M992},2,0),"")} -> 786 | H19: {=IFERROR(VLOOKUP($C19&H$2,{MASTER!$Y$2:$Y992,MASTER!$M$2:$M992},2,0),"")} | I19: {=IFERROR(VLOOKUP($C19&I$2,{MASTER!$Y$2:$Y992,MASTER!$M$2:$M992},2,0),"")} -> 462 | J19: {=IFERROR(VLOOKUP($C19&J$2,{MASTER!$Y$2:$Y992,MASTER!$M$2:$M992},2,0),"")} -> 790 | K19: {=IFERROR(VLOOKUP($C19&K$2,{MASTER!$Y$2:$Y992,MASTER!$M$2:$M992},2,0),"")} -> 445 | ... BB19: {=IFERROR(VLOOKUP($C19&BB$2,{MASTER!$Y$2:$Y992,MASTER!$M$2:$M992},2,0),"")} -> 732
A20: =COUNT(D20:BB20) -> 22 | C20: FROST 77 | D20: {=IFERROR(VLOOKUP($C20&D$2,{MASTER!$Y$2:$Y992,MASTER!$M$2:$M992},2,0),"")} -> 667 | E20: {=IFERROR(VLOOKUP($C20&E$2,{MASTER!$Y$2:$Y992,MASTER!$M$2:$M992},2,0),"")} -> 1452 | F20: {=IFERROR(VLOOKUP($C20&F$2,{MASTER!$Y$2:$Y992,MASTER!$M$2:$M992},2,0),"")} | G20: {=IFERROR(VLOOKUP($C20&G$2,{MASTER!$Y$2:$Y992,MASTER!$M$2:$M992},2,0),"")} -> 843 | H20: {=IFERROR(VLOOKUP($C20&H$2,{MASTER!$Y$2:$Y992,MASTER!$M$2:$M992},2,0),"")} | I20: {=IFERROR(VLOOKUP($C20&I$2,{MASTER!$Y$2:$Y992,MASTER!$M$2:$M992},2,0),"")} -> 527 | J20: {=IFERROR(VLOOKUP($C20&J$2,{MASTER!$Y$2:$Y992,MASTER!$M$2:$M992},2,0),"")} -> 808 | K20: {=IFERROR(VLOOKUP($C20&K$2,{MASTER!$Y$2:$Y992,MASTER!$M$2:$M992},2,0),"")} -> 445 | ... BB20: {=IFERROR(VLOOKUP($C20&BB$2,{MASTER!$Y$2:$Y992,MASTER!$M$2:$M992},2,0),"")} -> 750
A21: =COUNT(D21:BB21) -> 36 | C21: URBONA 78 | D21: {=IFERROR(VLOOKUP($C21&D$2,{MASTER!$Y$2:$Y992,MASTER!$M$2:$M992},2,0),"")} -> 629 | E21: {=IFERROR(VLOOKUP($C21&E$2,{MASTER!$Y$2:$Y992,MASTER!$M$2:$M992},2,0),"")} -> 1439 | F21: {=IFERROR(VLOOKUP($C21&F$2,{MASTER!$Y$2:$Y992,MASTER!$M$2:$M992},2,0),"")} | G21: {=IFERROR(VLOOKUP($C21&G$2,{MASTER!$Y$2:$Y992,MASTER!$M$2:$M992},2,0),"")} -> 805 | H21: {=IFERROR(VLOOKUP($C21&H$2,{MASTER!$Y$2:$Y992,MASTER!$M$2:$M992},2,0),"")} | I21: {=IFERROR(VLOOKUP($C21&I$2,{MASTER!$Y$2:$Y992,MASTER!$M$2:$M992},2,0),"")} -> 488 | J21: {=IFERROR(VLOOKUP($C21&J$2,{MASTER!$Y$2:$Y992,MASTER!$M$2:$M992},2,0),"")} -> 804 | K21: {=IFERROR(VLOOKUP($C21&K$2,{MASTER!$Y$2:$Y992,MASTER!$M$2:$M992},2,0),"")} -> 445 | ... BB21: {=IFERROR(VLOOKUP($C21&BB$2,{MASTER!$Y$2:$Y992,MASTER!$M$2:$M992},2,0),"")} -> 745
A22: =COUNT(D22:BB22) -> 30 | C22: SAGA 79F | D22: {=IFERROR(VLOOKUP($C22&D$2,{MASTER!$Y$2:$Y992,MASTER!$M$2:$M992},2,0),"")} -> 815 | E22: {=IFERROR(VLOOKUP($C22&E$2,{MASTER!$Y$2:$Y992,MASTER!$M$2:$M992},2,0),"")} -> 1763 | F22: {=IFERROR(VLOOKUP($C22&F$2,{MASTER!$Y$2:$Y992,MASTER!$M$2:$M992},2,0),"")} | G22: {=IFERROR(VLOOKUP($C22&G$2,{MASTER!$Y$2:$Y992,MASTER!$M$2:$M992},2,0),"")} -> 1079 | H22: {=IFERROR(VLOOKUP($C22&H$2,{MASTER!$Y$2:$Y992,MASTER!$M$2:$M992},2,0),"")} | I22: {=IFERROR(VLOOKUP($C22&I$2,{MASTER!$Y$2:$Y992,MASTER!$M$2:$M992},2,0),"")} -> 605 | J22: {=IFERROR(VLOOKUP($C22&J$2,{MASTER!$Y$2:$Y992,MASTER!$M$2:$M992},2,0),"")} | K22: {=IFERROR(VLOOKUP($C22&K$2,{MASTER!$Y$2:$Y992,MASTER!$M$2:$M992},2,0),"")} | ... BB22: {=IFERROR(VLOOKUP($C22&BB$2,{MASTER!$Y$2:$Y992,MASTER!$M$2:$M992},2,0),"")} -> 766
A23: =COUNT(D23:BB23) -> 31 | B23: 8000 | C23: NIAGARA 81 | D23: {=IFERROR(VLOOKUP($C23&D$2,{MASTER!$Y$2:$Y992,MASTER!$M$2:$M992},2,0),"")} -> 1098 | E23: {=IFERROR(VLOOKUP($C23&E$2,{MASTER!$Y$2:$Y992,MASTER!$M$2:$M992},2,0),"")} -> 1779 | F23: {=IFERROR(VLOOKUP($C23&F$2,{MASTER!$Y$2:$Y992,MASTER!$M$2:$M992},2,0),"")} | G23: {=IFERROR(VLOOKUP($C23&G$2,{MASTER!$Y$2:$Y992,MASTER!$M$2:$M992},2,0),"")} | H23: {=IFERROR(VLOOKUP($C23&H$2,{MASTER!$Y$2:$Y992,MASTER!$M$2:$M992},2,0),"")} | I23: {=IFERROR(VLOOKUP($C23&I$2,{MASTER!$Y$2:$Y992,MASTER!$M$2:$M992},2,0),"")} -> 703 | J23: {=IFERROR(VLOOKUP($C23&J$2,{MASTER!$Y$2:$Y992,MASTER!$M$2:$M992},2,0),"")} | K23: {=IFERROR(VLOOKUP($C23&K$2,{MASTER!$Y$2:$Y992,MASTER!$M$2:$M992},2,0),"")} | ... BB23: {=IFERROR(VLOOKUP($C23&BB$2,{MASTER!$Y$2:$Y992,MASTER!$M$2:$M992},2,0),"")} -> 1144
A24: =COUNT(D24:BB24) -> 22 | C24: WAVES 83 | D24: {=IFERROR(VLOOKUP($C24&D$2,{MASTER!$Y$2:$Y992,MASTER!$M$2:$M992},2,0),"")} -> 661 | E24: {=IFERROR(VLOOKUP($C24&E$2,{MASTER!$Y$2:$Y992,MASTER!$M$2:$M992},2,0),"")} | F24: {=IFERROR(VLOOKUP($C24&F$2,{MASTER!$Y$2:$Y992,MASTER!$M$2:$M992},2,0),"")} | G24: {=IFERROR(VLOOKUP($C24&G$2,{MASTER!$Y$2:$Y992,MASTER!$M$2:$M992},2,0),"")} -> 675 | H24: {=IFERROR(VLOOKUP($C24&H$2,{MASTER!$Y$2:$Y992,MASTER!$M$2:$M992},2,0),"")} -> 486 | I24: {=IFERROR(VLOOKUP($C24&I$2,{MASTER!$Y$2:$Y992,MASTER!$M$2:$M992},2,0),"")} -> 487 | J24: {=IFERROR(VLOOKUP($C24&J$2,{MASTER!$Y$2:$Y992,MASTER!$M$2:$M992},2,0),"")} | K24: {=IFERROR(VLOOKUP($C24&K$2,{MASTER!$Y$2:$Y992,MASTER!$M$2:$M992},2,0),"")} | ... BB24: {=IFERROR(VLOOKUP($C24&BB$2,{MASTER!$Y$2:$Y992,MASTER!$M$2:$M992},2,0),"")} -> 1268
A25: =COUNT(D25:BB25) -> 19 | C25: MIST 85 | D25: {=IFERROR(VLOOKUP($C25&D$2,{MASTER!$Y$2:$Y992,MASTER!$M$2:$M992},2,0),"")} -> 752 | E25: {=IFERROR(VLOOKUP($C25&E$2,{MASTER!$Y$2:$Y992,MASTER!$M$2:$M992},2,0),"")} | F25: {=IFERROR(VLOOKUP($C25&F$2,{MASTER!$Y$2:$Y992,MASTER!$M$2:$M992},2,0),"")} | G25: {=IFERROR(VLOOKUP($C25&G$2,{MASTER!$Y$2:$Y992,MASTER!$M$2:$M992},2,0),"")} | H25: {=IFERROR(VLOOKUP($C25&H$2,{MASTER!$Y$2:$Y992,MASTER!$M$2:$M992},2,0),"")} | I25: {=IFERROR(VLOOKUP($C25&I$2,{MASTER!$Y$2:$Y992,MASTER!$M$2:$M992},2,0),"")} -> 605 | J25: {=IFERROR(VLOOKUP($C25&J$2,{MASTER!$Y$2:$Y992,MASTER!$M$2:$M992},2,0),"")} | K25: {=IFERROR(VLOOKUP($C25&K$2,{MASTER!$Y$2:$Y992,MASTER!$M$2:$M992},2,0),"")} | ... BB25: {=IFERROR(VLOOKUP($C25&BB$2,{MASTER!$Y$2:$Y992,MASTER!$M$2:$M992},2,0),"")} -> 1268
A26: =COUNT(D26:BB26) -> 36 | C26: EVIAN 87 | D26: {=IFERROR(VLOOKUP($C26&D$2,{MASTER!$Y$2:$Y992,MASTER!$M$2:$M992},2,0),"")} -> 600 | E26: {=IFERROR(VLOOKUP($C26&E$2,{MASTER!$Y$2:$Y992,MASTER!$M$2:$M992},2,0),"")} -> 1429 | F26: {=IFERROR(VLOOKUP($C26&F$2,{MASTER!$Y$2:$Y992,MASTER!$M$2:$M992},2,0),"")} | G26: {=IFERROR(VLOOKUP($C26&G$2,{MASTER!$Y$2:$Y992,MASTER!$M$2:$M992},2,0),"")} -> 840 | H26: {=IFERROR(VLOOKUP($C26&H$2,{MASTER!$Y$2:$Y992,MASTER!$M$2:$M992},2,0),"")} | I26: {=IFERROR(VLOOKUP($C26&I$2,{MASTER!$Y$2:$Y992,MASTER!$M$2:$M992},2,0),"")} -> 585 | J26: {=IFERROR(VLOOKUP($C26&J$2,{MASTER!$Y$2:$Y992,MASTER!$M$2:$M992},2,0),"")} | K26: {=IFERROR(VLOOKUP($C26&K$2,{MASTER!$Y$2:$Y992,MASTER!$M$2:$M992},2,0),"")} | ... BB26: {=IFERROR(VLOOKUP($C26&BB$2,{MASTER!$Y$2:$Y992,MASTER!$M$2:$M992},2,0),"")} -> 1063
A27: =COUNT(D27:BB27) -> 28 | C27: OPUS 89 | D27: {=IFERROR(VLOOKUP($C27&D$2,{MASTER!$Y$2:$Y992,MASTER!$M$2:$M992},2,0),"")} -> 821 | E27: {=IFERROR(VLOOKUP($C27&E$2,{MASTER!$Y$2:$Y992,MASTER!$M$2:$M992},2,0),"")} -> 1575 | F27: {=IFERROR(VLOOKUP($C27&F$2,{MASTER!$Y$2:$Y992,MASTER!$M$2:$M992},2,0),"")} | G27: {=IFERROR(VLOOKUP($C27&G$2,{MASTER!$Y$2:$Y992,MASTER!$M$2:$M992},2,0),"")} | H27: {=IFERROR(VLOOKUP($C27&H$2,{MASTER!$Y$2:$Y992,MASTER!$M$2:$M992},2,0),"")} | I27: {=IFERROR(VLOOKUP($C27&I$2,{MASTER!$Y$2:$Y992,MASTER!$M$2:$M992},2,0),"")} | J27: {=IFERROR(VLOOKUP($C27&J$2,{MASTER!$Y$2:$Y992,MASTER!$M$2:$M992},2,0),"")} | K27: {=IFERROR(VLOOKUP($C27&K$2,{MASTER!$Y$2:$Y992,MASTER!$M$2:$M992},2,0),"")} | ... BB27: {=IFERROR(VLOOKUP($C27&BB$2,{MASTER!$Y$2:$Y992,MASTER!$M$2:$M992},2,0),"")}
A28: =COUNT(D28:BB28) -> 32 | C28: EUROPA 90 | D28: {=IFERROR(VLOOKUP($C28&D$2,{MASTER!$Y$2:$Y992,MASTER!$M$2:$M992},2,0),"")} -> 906 | E28: {=IFERROR(VLOOKUP($C28&E$2,{MASTER!$Y$2:$Y992,MASTER!$M$2:$M992},2,0),"")} -> 1824 | F28: {=IFERROR(VLOOKUP($C28&F$2,{MASTER!$Y$2:$Y992,MASTER!$M$2:$M992},2,0),"")} | G28: {=IFERROR(VLOOKUP($C28&G$2,{MASTER!$Y$2:$Y992,MASTER!$M$2:$M992},2,0),"")} -> 1026 | H28: {=IFERROR(VLOOKUP($C28&H$2,{MASTER!$Y$2:$Y992,MASTER!$M$2:$M992},2,0),"")} | I28: {=IFERROR(VLOOKUP($C28&I$2,{MASTER!$Y$2:$Y992,MASTER!$M$2:$M992},2,0),"")} -> 663 | J28: {=IFERROR(VLOOKUP($C28&J$2,{MASTER!$Y$2:$Y992,MASTER!$M$2:$M992},2,0),"")} | K28: {=IFERROR(VLOOKUP($C28&K$2,{MASTER!$Y$2:$Y992,MASTER!$M$2:$M992},2,0),"")} | ... BB28: {=IFERROR(VLOOKUP($C28&BB$2,{MASTER!$Y$2:$Y992,MASTER!$M$2:$M992},2,0),"")} -> 1101
A29: =COUNT(D29:BB29) -> 36 | B29: 9000 | C29: LAGUNA 93 | D29: {=IFERROR(VLOOKUP($C29&D$2,{MASTER!$Y$2:$Y992,MASTER!$M$2:$M992},2,0),"")} -> 900 | E29: {=IFERROR(VLOOKUP($C29&E$2,{MASTER!$Y$2:$Y992,MASTER!$M$2:$M992},2,0),"")} | F29: {=IFERROR(VLOOKUP($C29&F$2,{MASTER!$Y$2:$Y992,MASTER!$M$2:$M992},2,0),"")} | G29: {=IFERROR(VLOOKUP($C29&G$2,{MASTER!$Y$2:$Y992,MASTER!$M$2:$M992},2,0),"")} | H29: {=IFERROR(VLOOKUP($C29&H$2,{MASTER!$Y$2:$Y992,MASTER!$M$2:$M992},2,0),"")} | I29: {=IFERROR(VLOOKUP($C29&I$2,{MASTER!$Y$2:$Y992,MASTER!$M$2:$M992},2,0),"")} -> 704 | J29: {=IFERROR(VLOOKUP($C29&J$2,{MASTER!$Y$2:$Y992,MASTER!$M$2:$M992},2,0),"")} | K29: {=IFERROR(VLOOKUP($C29&K$2,{MASTER!$Y$2:$Y992,MASTER!$M$2:$M992},2,0),"")} | ... BB29: {=IFERROR(VLOOKUP($C29&BB$2,{MASTER!$Y$2:$Y992,MASTER!$M$2:$M992},2,0),"")} -> 1078

Sheet Allied
B1: S.No. | C1: Series | D1: Cat No. | E1: Product | F1: {='ALL INDIA ACCESORIES'!D1:F1} -> MRP as on 01st May, 2026 | G1: New MRP as on 01st Aug, 2026 | H1: Diff. in %age | J1: 15MM | K1: Complete MRP | L1: Body + Handle | M1: 20MM | N1: Complete MRP | O1: Body + Handle
B2: CONCEALED STOP COCK WITH FITTING
B3: 1 | C3: 5000 6000 | D3: CNS-15 | E3: Concealed Stop Cock Suitable For 15mm Pipe Line with 1/2" Spindle | F3: {=VLOOKUP(D3,MASTER!$C$2:$F37,{3,4},0)} -> 940 | G3: 1020 | H3: =IFERROR(DIVIDE(MINUS(G3,F3),F3),) -> 0.085106383
B4: 2 | D4: CNS-20 | E4: Concealed Stop Cock Suitable For 20mm Pipe Line with 1/2" Spindle | F4: {=VLOOKUP(D4,MASTER!$C$2:$F37,{3,4},0)} -> 980 | G4: 1060 | H4: =IFERROR(DIVIDE(MINUS(G4,F4),G4),) -> 0.075471698
B5: SUPERIOR BODY CONCEALED STOP COCK WITH FITTING
B6: 1 | C6: 7000 | D6: CSS-15 | E6: Concealed Stop Cock Suitable For 15mm Pipe Line with 3/4" Spindle | F6: {=VLOOKUP(D6,MASTER!$C$2:$F37,{3,4},0)} -> 1140 | G6: 1280 | H6: =IFERROR(DIVIDE(MINUS(G6,F6),F6),) -> 0.12280702
B7: 2 | D7: CSS-20 | E7: Concealed Stop Cock Suitable For 20mm Pipe Line with 3/4" Spindle | F7: {=VLOOKUP(D7,MASTER!$C$2:$F37,{3,4},0)} -> 1190 | G7: 1330 | H7: =IFERROR(DIVIDE(MINUS(G7,F7),G7),) -> 0.10526316
B8: PREMIUM BODY CONCEALED STOP COCK WITH FITTING
B9: 1 | C9: 8000 9000 | D9: CPS-15 | E9: Concealed Stop Cock Suitable For 15mm Pipe Line with 3/4" Spindle | F9: {=VLOOKUP(D9,MASTER!$C$2:$F37,{3,4},0)} -> 1320 | G9: 1460 | H9: =IFERROR(DIVIDE(MINUS(G9,F9),F9),) -> 0.10606061
B10: 2 | D10: CPS-20 | E10: Concealed Stop Cock Suitable For 20mm Pipe Line with 3/4" Spindle | F10: {=VLOOKUP(D10,MASTER!$C$2:$F37,{3,4},0)} -> 1380 | G10: 1520 | H10: =IFERROR(DIVIDE(MINUS(G10,F10),G10),) -> 0.092105263
B12: CONCEALED FLANGE, HANDLE & SLEEVE | K12: 15 MM | N12: 20 MM
B13: 1 | C13: ASPIRE | D13: CNS-52 | E13: Concealed Flange, Handle & Sleeve | F13: {=VLOOKUP(D13,MASTER!$C$2:$F37,{3,4},0)} -> 340 | G13: 370 | H13: =IFERROR(DIVIDE(MINUS(G13,F13),F13),) -> 0.088235294 | J13: 5218 | K13: =VLOOKUP(J13,MASTER!$C$2:$F37,4,0) -> 1380 | L13: =$G$3+$G13 -> 1390 | M13: 5220 | N13: =VLOOKUP(M13,MASTER!$C$2:$F37,4,0) -> 1420 | O13: =$G$4+$G13 -> 1430
B14: 2 | C14: ORBIT | D14: CNS-53 | E14: Concealed Flange, Handle & Sleeve | F14: {=VLOOKUP(D14,MASTER!$C$2:$F37,{3,4},0)} -> 350 | G14: 390 | H14: =IFERROR(DIVIDE(MINUS(G14,F14),F14),) -> 0.11428571 | J14: 5318 | K14: =VLOOKUP(J14,MASTER!$C$2:$F37,4,0) -> 1390 | L14: =$G$3+$G14 -> 1410 | M14: 5320 | N14: =VLOOKUP(M14,MASTER!$C$2:$F37,4,0) -> 1430 | O14: =$G$4+$G14 -> 1450
B15: 3 | C15: AQUA | D15: CNS-54 | E15: Concealed Flange, Handle & Sleeve | F15: {=VLOOKUP(D15,MASTER!$C$2:$F37,{3,4},0)} -> 390 | G15: 410 | H15: =IFERROR(DIVIDE(MINUS(G15,F15),F15),) -> 0.051282051 | J15: 5418 | K15: =VLOOKUP(J15,MASTER!$C$2:$F37,4,0) -> 1410 | L15: =$G$3+$G15 -> 1430 | M15: 5420 | N15: =VLOOKUP(M15,MASTER!$C$2:$F37,4,0) -> 1450 | O15: =$G$4+$G15 -> 1470
B16: 4 | C16: OCEAN | D16: CNS-55 | E16: Concealed Flange, Handle & Sleeve | F16: {=VLOOKUP(D16,MASTER!$C$2:$F37,{3,4},0)} -> 410 | G16: 470 | H16: =IFERROR(DIVIDE(MINUS(G16,F16),F16),) -> 0.14634146 | J16: 5518 | K16: =VLOOKUP(J16,MASTER!$C$2:$F37,4,0) -> 1470 | L16: =$G$3+$G16 -> 1490 | M16: 5520 | N16: =VLOOKUP(M16,MASTER!$C$2:$F37,4,0) -> 1510 | O16: =$G$4+$G16 -> 1530
B17: 5 | C17: POLO | D17: CNS-60 | E17: Concealed Flange, Handle & Sleeve | F17: {=VLOOKUP(D17,MASTER!$C$2:$F37,{3,4},0)} -> 370 | G17: 410 | H17: =IFERROR(DIVIDE(MINUS(G17,F17),F17),) -> 0.10810811 | J17: 6018 | K17: =VLOOKUP(J17,MASTER!$C$2:$F37,4,0) -> 1410 | L17: =$G$3+$G17 -> 1430 | M17: 6020 | N17: =VLOOKUP(M17,MASTER!$C$2:$F37,4,0) -> 1450 | O17: =$G$4+$G17 -> 1470
B18: 6 | C18: EMERALD | D18: CNS-61 | E18: Concealed Flange, Handle & Sleeve | F18: {=VLOOKUP(D18,MASTER!$C$2:$F37,{3,4},0)} -> 450 | G18: REMOVED | H18: =IFERROR(DIVIDE(MINUS(G18,F18),F18),) | J18: 6118 | M18: 6120
B19: 7 | C19: BLAZE | D19: CNS-62 | E19: Concealed Flange, Handle & Sleeve | F19: {=VLOOKUP(D19,MASTER!$C$2:$F37,{3,4},0)} -> 390 | G19: 430 | H19: =IFERROR(DIVIDE(MINUS(G19,F19),F19),) -> 0.1025641 | J19: 6218 | K19: =VLOOKUP(J19,MASTER!$C$2:$F37,4,0) -> 1420 | L19: =$G$3+$G19 -> 1450 | M19: 6220 | N19: =VLOOKUP(M19,MASTER!$C$2:$F37,4,0) -> 1460 | O19: =$G$4+$G19 -> 1490
B20: 8 | C20: VINCENT | D20: CNS-66 | E20: Concealed Flange, Handle & Sleeve | F20: {=VLOOKUP(D20,MASTER!$C$2:$F37,{3,4},0)} -> 450 | G20: 480 | H20: =IFERROR(DIVIDE(MINUS(G20,F20),F20),) -> 0.066666667 | J20: 6618 | K20: =VLOOKUP(J20,MASTER!$C$2:$F37,4,0) -> 1450 | L20: =$G$3+$G20 -> 1500 | M20: 6620 | N20: =VLOOKUP(M20,MASTER!$C$2:$F37,4,0) -> 1490 | O20: =$G$4+$G20 -> 1540
B21: 9 | C21: VIRGO | D21: CNS-P66 | E21: Concealed Flange, Handle & Sleeve | F21: {=VLOOKUP(D21,MASTER!$C$2:$F37,{3,4},0)} -> 390 | G21: 410 | H21: =IFERROR(DIVIDE(MINUS(G21,F21),F21),) -> 0.051282051 | J21: P6618 | K21: =VLOOKUP(J21,MASTER!$C$2:$F37,4,0) -> 1390 | L21: =$G$3+$G21 -> 1430 | M21: P6620 | N21: =VLOOKUP(M21,MASTER!$C$2:$F37,4,0) -> 1430 | O21: =$G$4+$G21 -> 1470
B22: 10 | C22: MARCUS | D22: CNS-68 | E22: Concealed Flange, Handle & Sleeve | F22: {=VLOOKUP(D22,MASTER!$C$2:$F37,{3,4},0)} -> 500 | G22: 480 | H22: =IFERROR(DIVIDE(MINUS(G22,F22),F22),) -> -0.04 | J22: 6818 | K22: =VLOOKUP(J22,MASTER!$C$2:$F37,4,0) -> 1450 | L22: =$G$3+$G22 -> 1500 | M22: 6820 | N22: =VLOOKUP(M22,MASTER!$C$2:$F37,4,0) -> 1490 | O22: =$G$4+$G22 -> 1540
B23: 11 | C23: CYGNUS | D23: CSS-71 | E23: Concealed Flange, Handle & Sleeve | F23: {=VLOOKUP(D23,MASTER!$C$2:$F37,{3,4},0)} -> 890 | G23: 940 | H23: =IFERROR(DIVIDE(MINUS(G23,F23),F23),) -> 0.056179775 | J23: 7118 | K23: =VLOOKUP(J23,MASTER!$C$2:$F37,4,0) -> 2140 | L23: =$G$6+$G23 -> 2220 | M23: 7120 | N23: =VLOOKUP(M23,MASTER!$C$2:$F37,4,0) -> 2190 | O23: =$G$7+$G23 -> 2270
B24: 12 | C24: VIVA | D24: CSS-72 | E24: Concealed Flange, Handle & Sleeve | F24: {=VLOOKUP(D24,MASTER!$C$2:$F37,{3,4},0)} -> 540 | G24: 570 | H24: =IFERROR(DIVIDE(MINUS(G24,F24),F24),) -> 0.055555556 | J24: 7218 | K24: =VLOOKUP(J24,MASTER!$C$2:$F37,4,0) -> 1770 | L24: =$G$6+$G24 -> 1850 | M24: 7220 | N24: =VLOOKUP(M24,MASTER!$C$2:$F37,4,0) -> 1820 | O24: =$G$7+$G24 -> 1900
B25: 13 | C25: TRANQUIL | D25: CSS-73 | E25: Concealed Flange, Handle & Sleeve | F25: {=VLOOKUP(D25,MASTER!$C$2:$F37,{3,4},0)} -> 520 | G25: 580 | H25: =IFERROR(DIVIDE(MINUS(G25,F25),F25),) -> 0.11538462 | J25: 7318 | K25: =VLOOKUP(J25,MASTER!$C$2:$F37,4,0) -> 1840 | L25: =$G$6+$G25 -> 1860 | M25: 7320 | N25: =VLOOKUP(M25,MASTER!$C$2:$F37,4,0) -> 1890 | O25: =$G$7+$G25 -> 1910
B26: 14 | C26: GRACIA | D26: CSS-74 | E26: Concealed Flange, Handle & Sleeve | F26: {=VLOOKUP(D26,MASTER!$C$2:$F37,{3,4},0)} -> 550 | G26: 550 | H26: =IFERROR(DIVIDE(MINUS(G26,F26),F26),) -> 0 | J26: 7418 | K26: =VLOOKUP(J26,MASTER!$C$2:$F37,4,0) -> 1780 | L26: =$G$6+$G26 -> 1830 | M26: 7420 | N26: =VLOOKUP(M26,MASTER!$C$2:$F37,4,0) -> 1830 | O26: =$G$7+$G26 -> 1880
B27: 15 | C27: MACASA | D27: CSS-76 | E27: Concealed Flange, Handle & Sleeve | F27: {=VLOOKUP(D27,MASTER!$C$2:$F37,{3,4},0)} -> 450 | G27: 510 | H27: =IFERROR(DIVIDE(MINUS(G27,F27),F27),) -> 0.13333333 | J27: 7618 | K27: =VLOOKUP(J27,MASTER!$C$2:$F37,4,0) -> 1740 | L27: =$G$6+$G27 -> 1790 | M27: 7620 | N27: =VLOOKUP(M27,MASTER!$C$2:$F37,4,0) -> 1790 | O27: =$G$7+$G27 -> 1840
B28: 16 | C28: FROST | D28: CSS-77 | E28: Concealed Flange, Handle & Sleeve | F28: {=VLOOKUP(D28,MASTER!$C$2:$F37,{3,4},0)} -> 580 | G28: 580 | H28: =IFERROR(DIVIDE(MINUS(G28,F28),F28),) -> 0 | J28: 7718 | K28: =VLOOKUP(J28,MASTER!$C$2:$F37,4,0) -> 1790 | L28: =$G$6+$G28 -> 1860 | M28: 7720 | N28: =VLOOKUP(M28,MASTER!$C$2:$F37,4,0) -> 1840 | O28: =$G$7+$G28 -> 1910
B29: 17 | C29: URBONA | D29: CSS-78 | E29: Concealed Flange, Handle & Sleeve | F29: {=VLOOKUP(D29,MASTER!$C$2:$F37,{3,4},0)} -> 550 | G29: 550 | H29: =IFERROR(DIVIDE(MINUS(G29,F29),F29),) -> 0 | J29: 7818 | K29: =VLOOKUP(J29,MASTER!$C$2:$F37,4,0) -> 1790 | L29: =$G$6+$G29 -> 1830 | M29: 7820 | N29: =VLOOKUP(M29,MASTER!$C$2:$F37,4,0) -> 1840 | O29: =$G$7+$G29 -> 1880
B30: 18 | C30: SAGA | D30: CSS-79F | E30: Concealed Flange, Handle & Sleeve | F30: {=VLOOKUP(D30,MASTER!$C$2:$F37,{3,4},0)} -> 640 | G30: 670 | H30: =IFERROR(DIVIDE(MINUS(G30,F30),F30),) -> 0.046875 | J30: 7918-F | K30: =VLOOKUP(J30,MASTER!$C$2:$F37,4,0) -> 1920 | L30: =$G$6+$G30 -> 1950 | M30: 7920-F | N30: =VLOOKUP(M30,MASTER!$C$2:$F37,4,0) -> 1970 | O30: =$G$7+$G30 -> 2000
B31: 19 | C31: NIAGARA | D31: CPS-81 | E31: Concealed Flange, Handle & Sleeve | F31: {=VLOOKUP(D31,MASTER!$C$2:$F37,{3,4},0)} -> 790 | G31: 860 | H31: =IFERROR(DIVIDE(MINUS(G31,F31),F31),) -> 0.088607595 | J31: 8118 | K31: =VLOOKUP(J31,MASTER!$C$2:$F37,4,0) -> 2190 | L31: =$G$9+$G31 -> 2320 | M31: 8120 | N31: =VLOOKUP(M31,MASTER!$C$2:$F37,4,0) -> 2250 | O31: =$G$10+$G31 -> 2380
B32: 20 | C32: WAVES | D32: CPS-83 | E32: Concealed Flange, Handle & Sleeve | F32: {=VLOOKUP(D32,MASTER!$C$2:$F37,{3,4},0)} -> 750 | G32: 750 | H32: =IFERROR(DIVIDE(MINUS(G32,F32),F32),) -> 0 | J32: 8318 | K32: =VLOOKUP(J32,MASTER!$C$2:$F37,4,0) -> 2130 | L32: =$G$9+$G32 -> 2210 | M32: 8320 | N32: =VLOOKUP(M32,MASTER!$C$2:$F37,4,0) -> 2190 | O32: =$G$10+$G32 -> 2270
B33: 21 | C33: MIST | D33: CPS-85 | E33: Concealed Flange, Handle & Sleeve | F33: {=VLOOKUP(D33,MASTER!$C$2:$F37,{3,4},0)} -> 790 | G33: REMOVED | H33: =IFERROR(DIVIDE(MINUS(G33,F33),F33),) | J33: 8518 | M33: 8520
B34: 22 | C34: EVIAN | D34: CPS-87 | E34: Concealed Flange, Handle & Sleeve | F34: {=VLOOKUP(D34,MASTER!$C$2:$F37,{3,4},0)} -> 680 | G34: 720 | H34: =IFERROR(DIVIDE(MINUS(G34,F34),F34),) -> 0.058823529 | J34: 8718 | K34: =VLOOKUP(J34,MASTER!$C$2:$F37,4,0) -> 2120 | L34: =$G$9+$G34 -> 2180 | M34: 8720 | N34: =VLOOKUP(M34,MASTER!$C$2:$F37,4,0) -> 2180 | O34: =$G$10+$G34 -> 2240
B35: 23 | C35: OPUS | D35: CPS-89 | E35: Concealed Flange, Handle & Sleeve | F35: {=VLOOKUP(D35,MASTER!$C$2:$F37,{3,4},0)} -> 750 | G35: REMOVED | H35: =IFERROR(DIVIDE(MINUS(G35,F35),F35),) | J35: 8918 | M35: 8920
B36: 24 | C36: EUROPA | D36: CPS-90 | E36: Concealed Flange, Handle & Sleeve | F36: {=VLOOKUP(D36,MASTER!$C$2:$F37,{3,4},0)} -> 750 | G36: 790 | H36: =IFERROR(DIVIDE(MINUS(G36,F36),F36),) -> 0.053333333 | J36: 9018 | K36: =VLOOKUP(J36,MASTER!$C$2:$F37,4,0) -> 2160 | L36: =$G$9+$G36 -> 2250 | M36: 9020 | N36: =VLOOKUP(M36,MASTER!$C$2:$F37,4,0) -> 2220 | O36: =$G$10+$G36 -> 2310
B37: 25 | C37: LAGUNA | D37: CPS-93 | E37: Concealed Flange, Handle & Sleeve | F37: {=VLOOKUP(D37,MASTER!$C$2:$F37,{3,4},0)} -> 790 | G37: 790 | H37: =IFERROR(DIVIDE(MINUS(G37,F37),F37),) -> 0 | J37: 9318 | K37: =VLOOKUP(J37,MASTER!$C$2:$F37,4,0) -> 2130 | L37: =$G$9+$G37 -> 2250 | M37: 9320 | N37: =VLOOKUP(M37,MASTER!$C$2:$F37,4,0) -> 2190 | O37: =$G$10+$G37 -> 2310

Sheet Copy of ALL INDIA ACCESORIES
A1: S.No. | B1: CODE | C1: CATALOGUE NAME | D1: MRP as on 15th Jan, 2025 | E1: MRP as on 01st Jan, 2026 | F1: Diff. in %age | H1: MRP as on 15th Jan, 2026 | I1: Diff. in %age | J1: COST
A2: 1 | B2: BS-90 | C2: ABS Magnum Shower Round 12" With Arm | D2: 6250 | E2: 6950 | F2: =IFERROR(DIVIDE(MINUS(E2,D2),D2),) -> 0.112 | G2: =IFERROR(E2/J2,"") -> 3.8376588 | H2: 7190 | I2: =IFERROR(DIVIDE(MINUS(H2,D2),D2),) -> 0.1504 | J2: =IFERROR(__xludf.DUMMYFUNCTION("IMPORTRANGE(""https://docs.google.com/spreadsheets/d/16dZRPaphajjlkf2Ja2gBBmS09q5U07RyP5f12wcn3RY/edit?gid=197523560#gid=197523560"",""Accessories!I2:I293"")"),1811.0) -> 1811 | K2: =IFERROR(H2/J2,"") -> 3.9701822
A3: 2 | B3: BS-105 | C3: Primus Square Shower 85 mm | D3: 490 | E3: 560 | F3: =IFERROR(DIVIDE(MINUS(E3,D3),D3),) -> 0.14285714 | G3: =IFERROR(E3/J3,"") -> 3.5220126 | H3: 580 | I3: =IFERROR(DIVIDE(MINUS(H3,D3),D3),) -> 0.18367347 | J3: =IFERROR(__xludf.DUMMYFUNCTION("""COMPUTED_VALUE"""),159.0) -> 159 | K3: =IFERROR(H3/J3,"") -> 3.6477987
A4: 3 | B4: BS-102 | C4: Opera Round Shower 85 mm | D4: 490 | E4: 560 | F4: =IFERROR(DIVIDE(MINUS(E4,D4),D4),) -> 0.14285714 | G4: =IFERROR(E4/J4,"") -> 3.6363636 | H4: 580 | I4: =IFERROR(DIVIDE(MINUS(H4,D4),D4),) -> 0.18367347 | J4: =IFERROR(__xludf.DUMMYFUNCTION("""COMPUTED_VALUE"""),154.0) -> 154 | K4: =IFERROR(H4/J4,"") -> 3.7662338
A5: 4 | B5: BS-101 | C5: Mini Globe Round Shower 85 mm | D5: 490 | E5: 560 | F5: =IFERROR(DIVIDE(MINUS(E5,D5),D5),) -> 0.14285714 | G5: =IFERROR(E5/J5,"") -> 3.5220126 | H5: 580 | I5: =IFERROR(DIVIDE(MINUS(H5,D5),D5),) -> 0.18367347 | J5: =IFERROR(__xludf.DUMMYFUNCTION("""COMPUTED_VALUE"""),159.0) -> 159 | K5: =IFERROR(H5/J5,"") -> 3.6477987
A6: 5 | B6: BS-103 | C6: Pluto Round Shower 110 mm | D6: 470 | E6: 540 | F6: =IFERROR(DIVIDE(MINUS(E6,D6),D6),) -> 0.14893617 | G6: =IFERROR(E6/J6,"") -> 3.8571429 | H6: 580 | I6: =IFERROR(DIVIDE(MINUS(H6,D6),D6),) -> 0.23404255 | J6: =IFERROR(__xludf.DUMMYFUNCTION("""COMPUTED_VALUE"""),140.0) -> 140 | K6: =IFERROR(H6/J6,"") -> 4.1428571
A7: 6 | B7: BS-104 | C7: Pluto Multi Flow Round Shower 110 mm | D7: 590 | E7: 670 | F7: =IFERROR(DIVIDE(MINUS(E7,D7),D7),) -> 0.13559322 | G7: =IFERROR(E7/J7,"") -> 3.7222222 | H7: 690 | I7: =IFERROR(DIVIDE(MINUS(H7,D7),D7),) -> 0.16949153 | J7: =IFERROR(__xludf.DUMMYFUNCTION("""COMPUTED_VALUE"""),180.0) -> 180 | K7: =IFERROR(H7/J7,"") -> 3.8333333
A8: 7 | B8: BS-41 | C8: Optus Mini Shower Oval 125 mm | D8: 540 | E8: 620 | F8: =IFERROR(DIVIDE(MINUS(E8,D8),D8),) -> 0.14814815 | G8: =IFERROR(E8/J8,"") -> 3.6686391 | H8: 640 | I8: =IFERROR(DIVIDE(MINUS(H8,D8),D8),) -> 0.18518519 | J8: =IFERROR(__xludf.DUMMYFUNCTION("""COMPUTED_VALUE"""),169.0) -> 169 | K8: =IFERROR(H8/J8,"") -> 3.7869822
A9: 8 | B9: BS-81 | C9: Steppo Square Shower 250x250 mm | D9: 1990 | E9: 2290 | F9: =IFERROR(DIVIDE(MINUS(E9,D9),D9),) -> 0.15075377 | G9: =IFERROR(E9/J9,"") -> 3.7479542 | H9: 2390 | I9: =IFERROR(DIVIDE(MINUS(H9,D9),D9),) -> 0.20100503 | J9: =IFERROR(__xludf.DUMMYFUNCTION("""COMPUTED_VALUE"""),611.0) -> 611 | K9: =IFERROR(H9/J9,"") -> 3.9116203
A10: 9 | B10: BS-26 | C10: Imagica Shower SS 100X100 MM | D10: 790 | E10: 870 | F10: =IFERROR(DIVIDE(MINUS(E10,D10),D10),) -> 0.10126582 | G10: =IFERROR(E10/J10,"") -> 3.8666667 | H10: 910 | I10: =IFERROR(DIVIDE(MINUS(H10,D10),D10),) -> 0.15189873 | J10: =IFERROR(__xludf.DUMMYFUNCTION("""COMPUTED_VALUE"""),225.0) -> 225 | K10: =IFERROR(H10/J10,"") -> 4.0444444
A11: 10 | B11: BS-27 | C11: Imagica Shower SS 150X150 MM | D11: 1190 | E11: 1290 | F11: =IFERROR(DIVIDE(MINUS(E11,D11),D11),) -> 0.084033613 | G11: =IFERROR(E11/J11,"") -> 3.8622754 | H11: 1340 | I11: =IFERROR(DIVIDE(MINUS(H11,D11),D11),) -> 0.12605042 | J11: =IFERROR(__xludf.DUMMYFUNCTION("""COMPUTED_VALUE"""),334.0) -> 334 | K11: =IFERROR(H11/J11,"") -> 4.011976
A12: 11 | B12: BS-28 | C12: Imagica Shower SS 200X200 MM | D12: 1570 | E12: 1740 | F12: =IFERROR(DIVIDE(MINUS(E12,D12),D12),) -> 0.10828025 | G12: =IFERROR(E12/J12,"") -> 3.9908257 | H12: 1809.6 | I12: =IFERROR(DIVIDE(MINUS(H12,D12),D12),) -> 0.15261147 | J12: =IFERROR(__xludf.DUMMYFUNCTION("""COMPUTED_VALUE"""),436.0) -> 436 | K12: =IFERROR(H12/J12,"") -> 4.1504587
A13: 12 | B13: BS-29 | C13: Imagica Shower SS 300X300 MM | D13: 3990 | E13: 4480 | F13: =IFERROR(DIVIDE(MINUS(E13,D13),D13),) -> 0.12280702 | G13: =IFERROR(E13/J13,"") -> 3.9092496 | H13: 4660 | I13: =IFERROR(DIVIDE(MINUS(H13,D13),D13),) -> 0.1679198 | J13: =IFERROR(__xludf.DUMMYFUNCTION("""COMPUTED_VALUE"""),1146.0) -> 1146 | K13: =IFERROR(H13/J13,"") -> 4.0663176
A14: 13 | B14: BS-306 | C14: Multi Flow Over Head Shower Storm Full CP 100 MM | D14: 690 | E14: 790 | F14: =IFERROR(DIVIDE(MINUS(E14,D14),D14),) -> 0.14492754 | G14: =IFERROR(E14/J14,"") -> 3.4199134 | H14: 820 | I14: =IFERROR(DIVIDE(MINUS(H14,D14),D14),) -> 0.1884058 | J14: =IFERROR(__xludf.DUMMYFUNCTION("""COMPUTED_VALUE"""),231.0) -> 231 | K14: =IFERROR(H14/J14,"") -> 3.5497835
A15: 14 | B15: BS-108 | C15: Over Head Shower Round Full CP 225 MM | D15: 1390 | E15: 1540 | F15: =IFERROR(DIVIDE(MINUS(E15,D15),D15),) -> 0.10791367 | G15: =IFERROR(E15/J15,"") -> 3.7469586 | H15: 1590 | I15: =IFERROR(DIVIDE(MINUS(H15,D15),D15),) -> 0.14388489 | J15: =IFERROR(__xludf.DUMMYFUNCTION("""COMPUTED_VALUE"""),411.0) -> 411 | K15: =IFERROR(H15/J15,"") -> 3.8686131
A16: 15 | B16: BS-1001 | C16: Over Head Shower Edge Slim 4x4 Blister Set | D16: 890 | E16: 980 | F16: =IFERROR(DIVIDE(MINUS(E16,D16),D16),) -> 0.1011236 | G16: =IFERROR(E16/J16,"") -> 3.8888889 | H16: 1020 | I16: =IFERROR(DIVIDE(MINUS(H16,D16),D16),) -> 0.14606742 | J16: =IFERROR(__xludf.DUMMYFUNCTION("""COMPUTED_VALUE"""),252.0) -> 252 | K16: =IFERROR(H16/J16,"") -> 4.047619
A17: 16 | B17: BS-1002 | C17: Over Head Shower Nova Slim 4 Blister Set (Round) | D17: 890 | E17: 980 | F17: =IFERROR(DIVIDE(MINUS(E17,D17),D17),) -> 0.1011236 | G17: =IFERROR(E17/J17,"") -> 3.9676113 | H17: 1020 | I17: =IFERROR(DIVIDE(MINUS(H17,D17),D17),) -> 0.14606742 | J17: =IFERROR(__xludf.DUMMYFUNCTION("""COMPUTED_VALUE"""),247.0) -> 247 | K17: =IFERROR(H17/J17,"") -> 4.1295547
A18: 17 | B18: BS-1003 | C18: Over Head Shower Edge Slim 5x5 Blister Set | D18: 990 | E18: 1090 | F18: =IFERROR(DIVIDE(MINUS(E18,D18),D18),) -> 0.1010101 | G18: =IFERROR(E18/J18,"") -> 3.7979094 | H18: 1140 | I18: =IFERROR(DIVIDE(MINUS(H18,D18),D18),) -> 0.15151515 | J18: =IFERROR(__xludf.DUMMYFUNCTION("""COMPUTED_VALUE"""),287.0) -> 287 | K18: =IFERROR(H18/J18,"") -> 3.9721254
A19: 18 | B19: BS-1004 | C19: Over Head Shower Nova Slim 5Blister Set (Round) | D19: 990 | E19: 1090 | F19: =IFERROR(DIVIDE(MINUS(E19,D19),D19),) -> 0.1010101 | G19: =IFERROR(E19/J19,"") -> 3.8652482 | H19: 1140 | I19: =IFERROR(DIVIDE(MINUS(H19,D19),D19),) -> 0.15151515 | J19: =IFERROR(__xludf.DUMMYFUNCTION("""COMPUTED_VALUE"""),282.0) -> 282 | K19: =IFERROR(H19/J19,"") -> 4.0425532
A20: 19 | B20: BS-71B | C20: Over Head Shower Mist Flow 100 mm Bilister Set | D20: 930 | E20: 1090 | F20: =IFERROR(DIVIDE(MINUS(E20,D20),D20),) -> 0.17204301 | G20: =IFERROR(E20/J20,"") -> 3.3333333 | H20: 1140 | I20: =IFERROR(DIVIDE(MINUS(H20,D20),D20),) -> 0.22580645 | J20: =IFERROR(__xludf.DUMMYFUNCTION("""COMPUTED_VALUE"""),327.0) -> 327 | K20: =IFERROR(H20/J20,"") -> 3.4862385
A21: 20 | B21: BS-66B | C21: Over Head Shower Mist Flow 125 mm Bilister Set | D21: 890 | E21: 990 | F21: =IFERROR(DIVIDE(MINUS(E21,D21),D21),) -> 0.11235955 | G21: =IFERROR(E21/J21,"") -> 3.1528662 | H21: 1029.6 | I21: =IFERROR(DIVIDE(MINUS(H21,D21),D21),) -> 0.15685393 | J21: =IFERROR(__xludf.DUMMYFUNCTION("""COMPUTED_VALUE"""),314.0) -> 314 | K21: =IFERROR(H21/J21,"") -> 3.2789809
A22: 21 | B22: BS-109 | C22: Over Head Shower Aesthetic Round 100 mm with 225 mm ss arm | D22: 790 | E22: 890 | F22: =IFERROR(DIVIDE(MINUS(E22,D22),D22),) -> 0.12658228 | G22: =IFERROR(E22/J22,"") -> 3.2962963 | H22: 920 | I22: =IFERROR(DIVIDE(MINUS(H22,D22),D22),) -> 0.16455696 | J22: =IFERROR(__xludf.DUMMYFUNCTION("""COMPUTED_VALUE"""),270.0) -> 270 | K22: =IFERROR(H22/J22,"") -> 3.4074074
A23: 22 | B23: BS-110 | C23: Over Head Shower Aesthetic Round 230 mm with 375 mm ss arm | D23: 2490 | E23: 2780 | F23: =IFERROR(DIVIDE(MINUS(E23,D23),D23),) -> 0.11646586 | G23: =IFERROR(E23/J23,"") -> 3.3778858 | H23: 2890 | I23: =IFERROR(DIVIDE(MINUS(H23,D23),D23),) -> 0.16064257 | J23: =IFERROR(__xludf.DUMMYFUNCTION("""COMPUTED_VALUE"""),823.0) -> 823 | K23: =IFERROR(H23/J23,"") -> 3.5115431
A24: 23 | B24: BS-111 | C24: Over Head Shower Aesthetic 150x225 mm with 375 mm ss arm | D24: 1990 | E24: 2490 | F24: =IFERROR(DIVIDE(MINUS(E24,D24),D24),) -> 0.25125628 | G24: =IFERROR(E24/J24,"") -> 3.1800766 | H24: 2589.6 | I24: =IFERROR(DIVIDE(MINUS(H24,D24),D24),) -> 0.30130653 | J24: =IFERROR(__xludf.DUMMYFUNCTION("""COMPUTED_VALUE"""),783.0) -> 783 | K24: =IFERROR(H24/J24,"") -> 3.3072797
A25: 24 | B25: BS-112 | C25: Over Head Shower Aesthetic Square 100 mm with 225 mm ss arm | D25: 690 | E25: 890 | F25: =IFERROR(DIVIDE(MINUS(E25,D25),D25),) -> 0.28985507 | G25: =IFERROR(E25/J25,"") -> 3.2962963 | H25: 920 | I25: =IFERROR(DIVIDE(MINUS(H25,D25),D25),) -> 0.33333333 | J25: =IFERROR(__xludf.DUMMYFUNCTION("""COMPUTED_VALUE"""),270.0) -> 270 | K25: =IFERROR(H25/J25,"") -> 3.4074074
A26: 25 | B26: BS-73 | C26: ABS Overhead Shower 100mm with Brass Arm 225mm & Flange | D26: 1380 | E26: 1540 | F26: =IFERROR(DIVIDE(MINUS(E26,D26),D26),) -> 0.11594203 | G26: =IFERROR(E26/J26,"") -> 4.5833333 | H26: 1640 | I26: =IFERROR(DIVIDE(MINUS(H26,D26),D26),) -> 0.1884058 | J26: =IFERROR(__xludf.DUMMYFUNCTION("""COMPUTED_VALUE"""),336.0) -> 336 | K26: =IFERROR(H26/J26,"") -> 4.8809524
A27: 26 | B27: BS-73SS | C27: ABS Overhead Shower 100mm with SS Arm 225mm & Flange | D27: 790 | E27: 870 | F27: =IFERROR(DIVIDE(MINUS(E27,D27),D27),) -> 0.10126582 | G27: =IFERROR(E27/J27,"") -> 3.8495575 | H27: 910 | I27: =IFERROR(DIVIDE(MINUS(H27,D27),D27),) -> 0.15189873 | J27: =IFERROR(__xludf.DUMMYFUNCTION("""COMPUTED_VALUE"""),226.0) -> 226 | K27: =IFERROR(H27/J27,"") -> 4.0265487
A28: 27 | B28: BS-79 | C28: ABS Overhead Shower Square 100mm with Brass Arm 225mm & Flange | D28: 1480 | E28: 1680 | F28: =IFERROR(DIVIDE(MINUS(E28,D28),D28),) -> 0.13513514 | G28: =IFERROR(E28/J28,"") -> 4.640884 | H28: 1740 | I28: =IFERROR(DIVIDE(MINUS(H28,D28),D28),) -> 0.17567568 | J28: =IFERROR(__xludf.DUMMYFUNCTION("""COMPUTED_VALUE"""),362.0) -> 362 | K28: =IFERROR(H28/J28,"") -> 4.8066298
A29: 28 | B29: BS-79SS | C29: ABS Overhead Shower Square 100mm with SS Arm 225mm & Flange | D29: 890 | E29: 980 | F29: =IFERROR(DIVIDE(MINUS(E29,D29),D29),) -> 0.1011236 | G29: =IFERROR(E29/J29,"") -> 3.8888889 | H29: 1020 | I29: =IFERROR(DIVIDE(MINUS(H29,D29),D29),) -> 0.14606742 | J29: =IFERROR(__xludf.DUMMYFUNCTION("""COMPUTED_VALUE"""),252.0) -> 252 | K29: =IFERROR(H29/J29,"") -> 4.047619
A30: 29 | B30: BS-78 | C30: ABS Overhead Shower 150mm with Brass Arm 225mm & Flange | D30: 1790 | E30: 1790 | F30: =IFERROR(DIVIDE(MINUS(E30,D30),D30),) -> 0 | G30: =IFERROR(E30/J30,"") -> 4.0406321 | H30: 1860 | I30: =IFERROR(DIVIDE(MINUS(H30,D30),D30),) -> 0.039106145 | J30: =IFERROR(__xludf.DUMMYFUNCTION("""COMPUTED_VALUE"""),443.0) -> 443 | K30: =IFERROR(H30/J30,"") -> 4.1986456
A31: 30 | B31: BS-78SS | C31: ABS Overhead Shower 150mm with SS Arm 225mm & Flange | D31: 990 | E31: 1190 | F31: =IFERROR(DIVIDE(MINUS(E31,D31),D31),) -> 0.2020202 | G31: =IFERROR(E31/J31,"") -> 3.5843373 | H31: 1240 | I31: =IFERROR(DIVIDE(MINUS(H31,D31),D31),) -> 0.25252525 | J31: =IFERROR(__xludf.DUMMYFUNCTION("""COMPUTED_VALUE"""),332.0) -> 332 | K31: =IFERROR(H31/J31,"") -> 3.7349398
A32: 31 | B32: BS-89 | C32: ABS Overhead Shower Square 150mm with Brass Arm 375mm & Flange | D32: 2290 | E32: 2580 | F32: =IFERROR(DIVIDE(MINUS(E32,D32),D32),) -> 0.12663755 | G32: =IFERROR(E32/J32,"") -> 3.6440678 | H32: 2990 | I32: =IFERROR(DIVIDE(MINUS(H32,D32),D32),) -> 0.30567686 | J32: =IFERROR(__xludf.DUMMYFUNCTION("""COMPUTED_VALUE"""),708.0) -> 708 | K32: =IFERROR(H32/J32,"") -> 4.2231638
A33: 32 | B33: BS-89SS | C33: ABS Overhead Shower Square 150mm with SS Arm 375mm & Flange | D33: 1890 | E33: 2080 | F33: =IFERROR(DIVIDE(MINUS(E33,D33),D33),) -> 0.1005291 | G33: =IFERROR(E33/J33,"") -> 3.9245283 | H33: 2160 | I33: =IFERROR(DIVIDE(MINUS(H33,D33),D33),) -> 0.14285714 | J33: =IFERROR(__xludf.DUMMYFUNCTION("""COMPUTED_VALUE"""),530.0) -> 530 | K33: =IFERROR(H33/J33,"") -> 4.0754717
A34: 33 | B34: BOS-04 | C34: Brass Overhead Shower 100mm with Brass Arm 150 mm & Flange | D34: 1990 | E34: 2290 | F34: =IFERROR(DIVIDE(MINUS(E34,D34),D34),) -> 0.15075377 | G34: =IFERROR(E34/J34,"") -> 4.0105079 | H34: 2380 | I34: =IFERROR(DIVIDE(MINUS(H34,D34),D34),) -> 0.1959799 | J34: =IFERROR(__xludf.DUMMYFUNCTION("""COMPUTED_VALUE"""),571.0) -> 571 | K34: =IFERROR(H34/J34,"") -> 4.1681261
A35: 34 | B35: BS-30 | C35: ABS Water Fall Square Overhead Shower 100mm with Brass Arm 150mm & Flange | D35: 990 | E35: 1140 | F35: =IFERROR(DIVIDE(MINUS(E35,D35),D35),) -> 0.15151515 | G35: =IFERROR(E35/J35,"") -> 3.8 | H35: 1190 | I35: =IFERROR(DIVIDE(MINUS(H35,D35),D35),) -> 0.2020202 | J35: =IFERROR(__xludf.DUMMYFUNCTION("""COMPUTED_VALUE"""),300.0) -> 300 | K35: =IFERROR(H35/J35,"") -> 3.9666667
A36: 35 | B36: BS-30SS | C36: ABS Water Fall Square Overhead Shower 100mm with SS Arm 225mm & Flange | D36: 790 | E36: 870 | F36: =IFERROR(DIVIDE(MINUS(E36,D36),D36),) -> 0.10126582 | G36: =IFERROR(E36/J36,"") -> 3.7662338 | H36: 910 | I36: =IFERROR(DIVIDE(MINUS(H36,D36),D36),) -> 0.15189873 | J36: =IFERROR(__xludf.DUMMYFUNCTION("""COMPUTED_VALUE"""),231.0) -> 231 | K36: =IFERROR(H36/J36,"") -> 3.9393939
A37: 36 | B37: BOS-41 | C37: Round Rain Shower 200mm with SS Plate | D37: 1490 | E37: 1640 | F37: =IFERROR(DIVIDE(MINUS(E37,D37),D37),) -> 0.10067114 | G37: =IFERROR(E37/J37,"") -> 3.8679245 | H37: 1690 | I37: =IFERROR(DIVIDE(MINUS(H37,D37),D37),) -> 0.13422819 | J37: =IFERROR(__xludf.DUMMYFUNCTION("""COMPUTED_VALUE"""),424.0) -> 424 | K37: =IFERROR(H37/J37,"") -> 3.9858491
A38: 37 | B38: BOS-41SB | C38: Round Rain Shower 200mm with SS Plate and Brass Arm 375mm & Flange | D38: 2490 | E38: 2860 | F38: =IFERROR(DIVIDE(MINUS(E38,D38),D38),) -> 0.14859438 | G38: =IFERROR(E38/J38,"") -> 3.9017735 | H38: 2970 | I38: =IFERROR(DIVIDE(MINUS(H38,D38),D38),) -> 0.19277108 | J38: =IFERROR(__xludf.DUMMYFUNCTION("""COMPUTED_VALUE"""),733.0) -> 733 | K38: =IFERROR(H38/J38,"") -> 4.0518417
A39: 38 | B39: BOS-41SS | C39: Round Rain Shower 200mm with SS Plate and SS Arm 375mm & Flange | D39: 1990 | E39: 2190 | F39: =IFERROR(DIVIDE(MINUS(E39,D39),D39),) -> 0.10050251 | G39: =IFERROR(E39/J39,"") -> 3.9459459 | H39: 2280 | I39: =IFERROR(DIVIDE(MINUS(H39,D39),D39),) -> 0.14572864 | J39: =IFERROR(__xludf.DUMMYFUNCTION("""COMPUTED_VALUE"""),555.0) -> 555 | K39: =IFERROR(H39/J39,"") -> 4.1081081
A40: 39 | B40: BOS-42 | C40: Square Rain Shower 200mm with SS Plate | D40: 1650 | E40: 1790 | F40: =IFERROR(DIVIDE(MINUS(E40,D40),D40),) -> 0.084848485 | G40: =IFERROR(E40/J40,"") -> 3.986637 | H40: 1860 | I40: =IFERROR(DIVIDE(MINUS(H40,D40),D40),) -> 0.12727273 | J40: =IFERROR(__xludf.DUMMYFUNCTION("""COMPUTED_VALUE"""),449.0) -> 449 | K40: =IFERROR(H40/J40,"") -> 4.142539
A41: 40 | B41: BOS-42SB | C41: Square Rain Shower 200mm with SS Plate and Brass Arm 375mm & Flange | D41: 2790 | E41: 3190 | F41: =IFERROR(DIVIDE(MINUS(E41,D41),D41),) -> 0.14336918 | G41: =IFERROR(E41/J41,"") -> 4.2084433 | H41: 3320 | I41: =IFERROR(DIVIDE(MINUS(H41,D41),D41),) -> 0.18996416 | J41: =IFERROR(__xludf.DUMMYFUNCTION("""COMPUTED_VALUE"""),758.0) -> 758 | K41: =IFERROR(H41/J41,"") -> 4.3799472
A42: 41 | B42: BOS-42SS | C42: Square Rain Shower 200mm with SS Plate and SS Arm 375mm & Flange | D42: 2120 | E42: 2380 | F42: =IFERROR(DIVIDE(MINUS(E42,D42),D42),) -> 0.12264151 | G42: =IFERROR(E42/J42,"") -> 4.1034483 | H42: 2470 | I42: =IFERROR(DIVIDE(MINUS(H42,D42),D42),) -> 0.16509434 | J42: =IFERROR(__xludf.DUMMYFUNCTION("""COMPUTED_VALUE"""),580.0) -> 580 | K42: =IFERROR(H42/J42,"") -> 4.2586207
A43: 42 | B43: ECO-65 | C43: ABS Round Overhead Shower 75mm Full CP with SS Arm 225mm and Flange | D43: 590 | E43: 790 | F43: =IFERROR(DIVIDE(MINUS(E43,D43),D43),) -> 0.33898305 | G43: =IFERROR(E43/J43,"") -> 3.0859375 | H43: 769.6 | I43: =IFERROR(DIVIDE(MINUS(H43,D43),D43),) -> 0.30440678 | J43: =IFERROR(__xludf.DUMMYFUNCTION("""COMPUTED_VALUE"""),256.0) -> 256 | K43: =IFERROR(H43/J43,"") -> 3.00625
A44: 43 | B44: ECO-63 | C44: ABS Round Overhead Shower 75mm with SS Arm 225mm and Flange | D44: 590 | E44: 790 | F44: =IFERROR(DIVIDE(MINUS(E44,D44),D44),) -> 0.33898305 | G44: =IFERROR(E44/J44,"") -> 3.1726908 | H44: 769.6 | I44: =IFERROR(DIVIDE(MINUS(H44,D44),D44),) -> 0.30440678 | J44: =IFERROR(__xludf.DUMMYFUNCTION("""COMPUTED_VALUE"""),249.0) -> 249 | K44: =IFERROR(H44/J44,"") -> 3.0907631
A45: 44 | B45: BS-65 | C45: ABS Overhead Shower 100mm Round with SS Arm 225mm & Flange | D45: 690 | E45: 840 | F45: =IFERROR(DIVIDE(MINUS(E45,D45),D45),) -> 0.2173913 | G45: =IFERROR(E45/J45,"") -> 3.255814 | H45: 810 | I45: =IFERROR(DIVIDE(MINUS(H45,D45),D45),) -> 0.17391304 | J45: =IFERROR(__xludf.DUMMYFUNCTION("""COMPUTED_VALUE"""),258.0) -> 258 | K45: =IFERROR(H45/J45,"") -> 3.1395349
A46: 45 | B46: BS-66 | C46: ABS Overhead Shower 125mm Round with SS Arm 225mm & Flange | D46: 980 | E46: 1190 | F46: =IFERROR(DIVIDE(MINUS(E46,D46),D46),) -> 0.21428571 | G46: =IFERROR(E46/J46,"") -> 3.4693878 | H46: 1240 | I46: =IFERROR(DIVIDE(MINUS(H46,D46),D46),) -> 0.26530612 | J46: =IFERROR(__xludf.DUMMYFUNCTION("""COMPUTED_VALUE"""),343.0) -> 343 | K46: =IFERROR(H46/J46,"") -> 3.6151604
A47: 46 | B47: BS-69 | C47: ABS Overhead Shower 125mm Round with SS Arm 225mm & Flange | D47: 690 | E47: 860 | F47: =IFERROR(DIVIDE(MINUS(E47,D47),D47),) -> 0.24637681 | G47: =IFERROR(E47/J47,"") -> 3.1386861 | H47: 850 | I47: =IFERROR(DIVIDE(MINUS(H47,D47),D47),) -> 0.23188406 | J47: =IFERROR(__xludf.DUMMYFUNCTION("""COMPUTED_VALUE"""),274.0) -> 274 | K47: =IFERROR(H47/J47,"") -> 3.1021898
A48: 47 | B48: BOS-102 | C48: Over Head Fashion Shower 3 Function 80mm with Brass Arm 150mm & Flange | D48: 1090 | E48: 1290 | F48: =IFERROR(DIVIDE(MINUS(E48,D48),D48),) -> 0.18348624 | G48: =IFERROR(E48/J48,"") -> 3.3858268 | H48: 1340 | I48: =IFERROR(DIVIDE(MINUS(H48,D48),D48),) -> 0.2293578 | J48: =IFERROR(__xludf.DUMMYFUNCTION("""COMPUTED_VALUE"""),381.0) -> 381 | K48: =IFERROR(H48/J48,"") -> 3.5170604
A49: 48 | B49: BOS-102SS | C49: Over Head Fashion Shower 3 Function 80mm with SS Arm 225mm & Flange | D49: 1260 | E49: 1380 | F49: =IFERROR(DIVIDE(MINUS(E49,D49),D49),) -> 0.095238095 | G49: =IFERROR(E49/J49,"") -> 4.4230769 | H49: 1430 | I49: =IFERROR(DIVIDE(MINUS(H49,D49),D49),) -> 0.13492063 | J49: =IFERROR(__xludf.DUMMYFUNCTION("""COMPUTED_VALUE"""),312.0) -> 312 | K49: =IFERROR(H49/J49,"") -> 4.5833333
A50: 49 | B50: BOS-6003 | C50: Chrome Plated Over Head Steppo Shower 150x150mm | D50: 890 | E50: 980 | F50: =IFERROR(DIVIDE(MINUS(E50,D50),D50),) -> 0.1011236 | G50: =IFERROR(E50/J50,"") -> 3.7837838 | H50: 1020 | I50: =IFERROR(DIVIDE(MINUS(H50,D50),D50),) -> 0.14606742 | J50: =IFERROR(__xludf.DUMMYFUNCTION("""COMPUTED_VALUE"""),259.0) -> 259 | K50: =IFERROR(H50/J50,"") -> 3.9382239
A51: 50 | B51: BOS-4009 | C51: Chrome Plated Over Head Steppo Shower 100x100mm | D51: 670 | E51: 740 | F51: =IFERROR(DIVIDE(MINUS(E51,D51),D51),) -> 0.10447761 | G51: =IFERROR(E51/J51,"") -> 4.3023256 | H51: 769.6 | I51: =IFERROR(DIVIDE(MINUS(H51,D51),D51),) -> 0.14865672 | J51: =IFERROR(__xludf.DUMMYFUNCTION("""COMPUTED_VALUE"""),172.0) -> 172 | K51: =IFERROR(H51/J51,"") -> 4.4744186
A52: 51 | B52: BOS-195 | C52: ABS Overhead Shower Square 150mm with SS Arm 325mm & Flange | D52: 1490 | E52: 1640 | F52: =IFERROR(DIVIDE(MINUS(E52,D52),D52),) -> 0.10067114 | G52: =IFERROR(E52/J52,"") -> 3.6283186 | H52: 1690 | I52: =IFERROR(DIVIDE(MINUS(H52,D52),D52),) -> 0.13422819 | J52: =IFERROR(__xludf.DUMMYFUNCTION("""COMPUTED_VALUE"""),452.0) -> 452 | K52: =IFERROR(H52/J52,"") -> 3.7389381
A53: 52 | B53: BOS-196 | C53: ABS Overhead Shower Round 150mm with SS Arm 325mm & Flange | D53: 2260 | E53: 2480 | F53: =IFERROR(DIVIDE(MINUS(E53,D53),D53),) -> 0.097345133 | G53: =IFERROR(E53/J53,"") -> 4.1680672 | H53: 2580 | I53: =IFERROR(DIVIDE(MINUS(H53,D53),D53),) -> 0.14159292 | J53: =IFERROR(__xludf.DUMMYFUNCTION("""COMPUTED_VALUE"""),595.0) -> 595 | K53: =IFERROR(H53/J53,"") -> 4.3361345
A54: 53 | B54: BOS-107 | C54: SS Over Head Passion Shower 150x150mm with SS Arm 325mm & Flange | D54: 1490 | E54: 1640 | F54: =IFERROR(DIVIDE(MINUS(E54,D54),D54),) -> 0.10067114 | G54: =IFERROR(E54/J54,"") -> 3.9709443 | H54: 1690 | I54: =IFERROR(DIVIDE(MINUS(H54,D54),D54),) -> 0.13422819 | J54: =IFERROR(__xludf.DUMMYFUNCTION("""COMPUTED_VALUE"""),413.0) -> 413 | K54: =IFERROR(H54/J54,"") -> 4.0920097
A55: 54 | B55: BOS-108 | C55: SS Over Head Passion Shower 200x200mm with SS Arm 375mm & Flange | D55: 1990 | E55: 2190 | F55: =IFERROR(DIVIDE(MINUS(E55,D55),D55),) -> 0.10050251 | G55: =IFERROR(E55/J55,"") -> 4.0630798 | H55: 2280 | I55: =IFERROR(DIVIDE(MINUS(H55,D55),D55),) -> 0.14572864 | J55: =IFERROR(__xludf.DUMMYFUNCTION("""COMPUTED_VALUE"""),539.0) -> 539 | K55: =IFERROR(H55/J55,"") -> 4.2300557
A56: 55 | B56: BOS-502 | C56: Chrome Plated Over Head Rain Shower 5" | D56: 490 | E56: 540 | F56: =IFERROR(DIVIDE(MINUS(E56,D56),D56),) -> 0.10204082 | G56: =IFERROR(E56/J56,"") -> 3.3540373 | H56: 560 | I56: =IFERROR(DIVIDE(MINUS(H56,D56),D56),) -> 0.14285714 | J56: =IFERROR(__xludf.DUMMYFUNCTION("""COMPUTED_VALUE"""),161.0) -> 161 | K56: =IFERROR(H56/J56,"") -> 3.4782609
A57: 56 | B57: BOS-118 | C57: SS Over Head Drizzle Shower 100x100mm | D57: 990 | E57: 1090 | F57: =IFERROR(DIVIDE(MINUS(E57,D57),D57),) -> 0.1010101 | G57: =IFERROR(E57/J57,"") -> 3.8245614 | H57: 1130 | I57: =IFERROR(DIVIDE(MINUS(H57,D57),D57),) -> 0.14141414 | J57: =IFERROR(__xludf.DUMMYFUNCTION("""COMPUTED_VALUE"""),285.0) -> 285 | K57: =IFERROR(H57/J57,"") -> 3.9649123
A58: 57 | B58: BOS-119 | C58: SS Over Head Drizzle Shower 150x150mm | D58: 1380 | E58: 1540 | F58: =IFERROR(DIVIDE(MINUS(E58,D58),D58),) -> 0.11594203 | G58: =IFERROR(E58/J58,"") -> 3.9487179 | H58: 1590 | I58: =IFERROR(DIVIDE(MINUS(H58,D58),D58),) -> 0.15217391 | J58: =IFERROR(__xludf.DUMMYFUNCTION("""COMPUTED_VALUE"""),390.0) -> 390 | K58: =IFERROR(H58/J58,"") -> 4.0769231
A59: 58 | B59: BOS-120 | C59: SS Over Head Drizzle Shower 200x200mm | D59: 1750 | E59: 1940 | F59: =IFERROR(DIVIDE(MINUS(E59,D59),D59),) -> 0.10857143 | G59: =IFERROR(E59/J59,"") -> 4.4907407 | H59: 1990 | I59: =IFERROR(DIVIDE(MINUS(H59,D59),D59),) -> 0.13714286 | J59: =IFERROR(__xludf.DUMMYFUNCTION("""COMPUTED_VALUE"""),432.0) -> 432 | K59: =IFERROR(H59/J59,"") -> 4.6064815
A60: 59 | B60: BOS-121 | C60: SS Over Head Drizzle Shower 300x300mm | D60: 4990 | E60: 5880 | F60: =IFERROR(DIVIDE(MINUS(E60,D60),D60),) -> 0.17835671 | G60: =IFERROR(E60/J60,"") -> 4.2120344 | H60: 5990 | I60: =IFERROR(DIVIDE(MINUS(H60,D60),D60),) -> 0.2004008 | J60: =IFERROR(__xludf.DUMMYFUNCTION("""COMPUTED_VALUE"""),1396.0) -> 1396 | K60: =IFERROR(H60/J60,"") -> 4.2908309
A61: 60 | B61: BOS-2001 | C61: Chrome Plated Over Head Rainduet Shower 5-Function | D61: 840 | E61: 940 | F61: =IFERROR(DIVIDE(MINUS(E61,D61),D61),) -> 0.11904762 | G61: =IFERROR(E61/J61,"") -> 3.8211382 | H61: 970 | I61: =IFERROR(DIVIDE(MINUS(H61,D61),D61),) -> 0.1547619 | J61: =IFERROR(__xludf.DUMMYFUNCTION("""COMPUTED_VALUE"""),246.0) -> 246 | K61: =IFERROR(H61/J61,"") -> 3.9430894
A62: 61 | B62: BOS-2011 | C62: Chrome Plated Over Head Regal Shower 5-Function | D62: 670 | E62: 740 | F62: =IFERROR(DIVIDE(MINUS(E62,D62),D62),) -> 0.10447761 | G62: =IFERROR(E62/J62,"") -> 4.2528736 | H62: 769.6 | I62: =IFERROR(DIVIDE(MINUS(H62,D62),D62),) -> 0.14865672 | J62: =IFERROR(__xludf.DUMMYFUNCTION("""COMPUTED_VALUE"""),174.0) -> 174 | K62: =IFERROR(H62/J62,"") -> 4.4229885
A63: 62 | B63: BOS-802B | C63: Black 19"x13" Ceiling Shower SS-304 with Frame | D63: 39800 | E63: 44800 | F63: =IFERROR(DIVIDE(MINUS(E63,D63),D63),) -> 0.12562814 | G63: =IFERROR(E63/J63,"") -> 3.8956522 | H63: 49900 | I63: =IFERROR(DIVIDE(MINUS(H63,D63),D63),) -> 0.25376884 | J63: =IFERROR(__xludf.DUMMYFUNCTION("""COMPUTED_VALUE"""),11500.0) -> 11500 | K63: =IFERROR(H63/J63,"") -> 4.3391304
A64: 63 | B64: BOS-802RG | C64: Rose Gold 19"x13" Ceiling Shower SS-304 with Frame | D64: 39800 | E64: 44800 | F64: =IFERROR(DIVIDE(MINUS(E64,D64),D64),) -> 0.12562814 | G64: =IFERROR(E64/J64,"") -> 3.8956522 | H64: 49900 | I64: =IFERROR(DIVIDE(MINUS(H64,D64),D64),) -> 0.25376884 | J64: =IFERROR(__xludf.DUMMYFUNCTION("""COMPUTED_VALUE"""),11500.0) -> 11500 | K64: =IFERROR(H64/J64,"") -> 4.3391304
A65: 64 | B65: BOS-802G | C65: Gold 19"x13" Ceiling Shower SS-304 with Frame | D65: 39800 | E65: 44800 | F65: =IFERROR(DIVIDE(MINUS(E65,D65),D65),) -> 0.12562814 | G65: =IFERROR(E65/J65,"") -> 3.8956522 | H65: 49900 | I65: =IFERROR(DIVIDE(MINUS(H65,D65),D65),) -> 0.25376884 | J65: =IFERROR(__xludf.DUMMYFUNCTION("""COMPUTED_VALUE"""),11500.0) -> 11500 | K65: =IFERROR(H65/J65,"") -> 4.3391304
A66: 65 | B66: BOS-803B | C66: Black SS Shower 8x8 with Brass Nut & Ball Fittings | D66: 2880 | E66: 3180 | F66: =IFERROR(DIVIDE(MINUS(E66,D66),D66),) -> 0.10416667 | G66: =IFERROR(E66/J66,"") -> 4.0151515 | H66: 3620 | I66: =IFERROR(DIVIDE(MINUS(H66,D66),D66),) -> 0.25694444 | J66: =IFERROR(__xludf.DUMMYFUNCTION("""COMPUTED_VALUE"""),792.0) -> 792 | K66: =IFERROR(H66/J66,"") -> 4.5707071
A67: 66 | B67: BOS-803RG | C67: Rose Gold SS Shower 8x8 with Brass Nut & Ball Fittings | D67: 2880 | E67: 3180 | F67: =IFERROR(DIVIDE(MINUS(E67,D67),D67),) -> 0.10416667 | G67: =IFERROR(E67/J67,"") -> 4.0151515 | H67: 3620 | I67: =IFERROR(DIVIDE(MINUS(H67,D67),D67),) -> 0.25694444 | J67: =IFERROR(__xludf.DUMMYFUNCTION("""COMPUTED_VALUE"""),792.0) -> 792 | K67: =IFERROR(H67/J67,"") -> 4.5707071
A68: 67 | B68: BOS-803G | C68: Gold SS Shower 8x8 with Brass Nut & Ball Fittings | D68: 2880 | E68: 3180 | F68: =IFERROR(DIVIDE(MINUS(E68,D68),D68),) -> 0.10416667 | G68: =IFERROR(E68/J68,"") -> 4.0151515 | H68: 3620 | I68: =IFERROR(DIVIDE(MINUS(H68,D68),D68),) -> 0.25694444 | J68: =IFERROR(__xludf.DUMMYFUNCTION("""COMPUTED_VALUE"""),792.0) -> 792 | K68: =IFERROR(H68/J68,"") -> 4.5707071
A69: 68 | B69: BOS-8003B | C69: Black SS Shower 12x12 with Brass Nut & Ball Fittings | D69: 5980 | E69: 6480 | F69: =IFERROR(DIVIDE(MINUS(E69,D69),D69),) -> 0.08361204 | G69: =IFERROR(E69/J69,"") -> 3.8207547 | H69: 7260 | I69: =IFERROR(DIVIDE(MINUS(H69,D69),D69),) -> 0.21404682 | J69: =IFERROR(__xludf.DUMMYFUNCTION("""COMPUTED_VALUE"""),1696.0) -> 1696 | K69: =IFERROR(H69/J69,"") -> 4.2806604
A70: 69 | B70: BOS-8003RG | C70: Rose Gold SS Shower 12x12 with Brass Nut & Ball Fittings | D70: 5980 | E70: 6480 | F70: =IFERROR(DIVIDE(MINUS(E70,D70),D70),) -> 0.08361204 | G70: =IFERROR(E70/J70,"") -> 3.8207547 | H70: 7260 | I70: =IFERROR(DIVIDE(MINUS(H70,D70),D70),) -> 0.21404682 | J70: =IFERROR(__xludf.DUMMYFUNCTION("""COMPUTED_VALUE"""),1696.0) -> 1696 | K70: =IFERROR(H70/J70,"") -> 4.2806604
A71: 70 | B71: BOS-8003G | C71: Gold SS Shower 12x12 with Brass Nut & Ball Fittings | D71: 5980 | E71: 6480 | F71: =IFERROR(DIVIDE(MINUS(E71,D71),D71),) -> 0.08361204 | G71: =IFERROR(E71/J71,"") -> 3.8207547 | H71: 7260 | I71: =IFERROR(DIVIDE(MINUS(H71,D71),D71),) -> 0.21404682 | J71: =IFERROR(__xludf.DUMMYFUNCTION("""COMPUTED_VALUE"""),1696.0) -> 1696 | K71: =IFERROR(H71/J71,"") -> 4.2806604
A72: 71 | B72: BOS-104 | C72: Over Head Maze Shower SS 304 150mm | D72: 1790 | E72: 1970 | F72: =IFERROR(DIVIDE(MINUS(E72,D72),D72),) -> 0.10055866 | G72: =IFERROR(E72/J72,"") -> 4.339207 | H72: 2050 | I72: =IFERROR(DIVIDE(MINUS(H72,D72),D72),) -> 0.1452514 | J72: =IFERROR(__xludf.DUMMYFUNCTION("""COMPUTED_VALUE"""),454.0) -> 454 | K72: =IFERROR(H72/J72,"") -> 4.5154185
A73: 72 | B73: BOS-106 | C73: Ceiling Shower (Rain+Mist) SS 304 (250X375mm) | D73: 18800 | E73: 22400 | F73: =IFERROR(DIVIDE(MINUS(E73,D73),D73),) -> 0.19148936 | G73: =IFERROR(E73/J73,"") -> 3.6001286 | H73: 25370 | I73: =IFERROR(DIVIDE(MINUS(H73,D73),D73),) -> 0.34946809 | J73: =IFERROR(__xludf.DUMMYFUNCTION("""COMPUTED_VALUE"""),6222.0) -> 6222 | K73: =IFERROR(H73/J73,"") -> 4.0774671
A74: 73 | B74: BOS-104A | C74: Over Head Maze Shower SS 304 200mm | D74: 2440 | E74: 2680 | F74: =IFERROR(DIVIDE(MINUS(E74,D74),D74),) -> 0.098360656 | G74: =IFERROR(E74/J74,"") -> 4.3435981 | H74: 2790 | I74: =IFERROR(DIVIDE(MINUS(H74,D74),D74),) -> 0.14344262 | J74: =IFERROR(__xludf.DUMMYFUNCTION("""COMPUTED_VALUE"""),617.0) -> 617 | K74: =IFERROR(H74/J74,"") -> 4.5218801
A75: 74 | B75: BOS-104B | C75: Over Head Maze Shower SS 304 300mm | D75: 5490 | E75: 5890 | F75: =IFERROR(DIVIDE(MINUS(E75,D75),D75),) -> 0.072859745 | G75: =IFERROR(E75/J75,"") -> 4.1449683 | H75: 6489.6 | I75: =IFERROR(DIVIDE(MINUS(H75,D75),D75),) -> 0.1820765 | J75: =IFERROR(__xludf.DUMMYFUNCTION("""COMPUTED_VALUE"""),1421.0) -> 1421 | K75: =IFERROR(H75/J75,"") -> 4.5669247
A76: 75 | B76: BOS-104C | C76: Over Head Maze Shower SS 304 400mm | D76: 11990 | E76: 13440 | F76: =IFERROR(DIVIDE(MINUS(E76,D76),D76),) -> 0.12093411 | G76: =IFERROR(E76/J76,"") -> 3.8160136 | H76: 13980 | I76: =IFERROR(DIVIDE(MINUS(H76,D76),D76),) -> 0.16597164 | J76: =IFERROR(__xludf.DUMMYFUNCTION("""COMPUTED_VALUE"""),3522.0) -> 3522 | K76: =IFERROR(H76/J76,"") -> 3.9693356
A77: 76 | B77: BOS-105 | C77: Over Head Grace Shower SS 201 100mm | D77: 980 | E77: 1090 | F77: =IFERROR(DIVIDE(MINUS(E77,D77),D77),) -> 0.1122449 | G77: =IFERROR(E77/J77,"") -> 4.8444444 | H77: 1130 | I77: =IFERROR(DIVIDE(MINUS(H77,D77),D77),) -> 0.15306122 | J77: =IFERROR(__xludf.DUMMYFUNCTION("""COMPUTED_VALUE"""),225.0) -> 225 | K77: =IFERROR(H77/J77,"") -> 5.0222222
A78: 77 | B78: BOS-105A | C78: Over Head Grace Shower SS 201 150mm | D78: 1280 | E78: 1390 | F78: =IFERROR(DIVIDE(MINUS(E78,D78),D78),) -> 0.0859375 | G78: =IFERROR(E78/J78,"") -> 4.224924 | H78: 1390 | I78: =IFERROR(DIVIDE(MINUS(H78,D78),D78),) -> 0.0859375 | J78: =IFERROR(__xludf.DUMMYFUNCTION("""COMPUTED_VALUE"""),329.0) -> 329 | K78: =IFERROR(H78/J78,"") -> 4.224924
A79: 78 | B79: BOS-105B | C79: Over Head Grace Shower SS 201 200mm | D79: 1680 | E79: 1880 | F79: =IFERROR(DIVIDE(MINUS(E79,D79),D79),) -> 0.11904762 | G79: =IFERROR(E79/J79,"") -> 4.3518519 | H79: 1950 | I79: =IFERROR(DIVIDE(MINUS(H79,D79),D79),) -> 0.16071429 | J79: =IFERROR(__xludf.DUMMYFUNCTION("""COMPUTED_VALUE"""),432.0) -> 432 | K79: =IFERROR(H79/J79,"") -> 4.5138889
A80: 79 | B80: BOS-801B | C80: Black SS Shower Arm 450mm with Flange | D80: 2870 | E80: 3140 | F80: =IFERROR(DIVIDE(MINUS(E80,D80),D80),) -> 0.094076655 | G80: =IFERROR(E80/J80,"") -> 3.9898348 | H80: 3369.6 | I80: =IFERROR(DIVIDE(MINUS(H80,D80),D80),) -> 0.17407666 | J80: =IFERROR(__xludf.DUMMYFUNCTION("""COMPUTED_VALUE"""),787.0) -> 787 | K80: =IFERROR(H80/J80,"") -> 4.2815756
A81: 80 | B81: BOS-801RG | C81: Rose Gold SS Shower Arm 450mm with Flange | D81: 2870 | E81: 3140 | F81: =IFERROR(DIVIDE(MINUS(E81,D81),D81),) -> 0.094076655 | G81: =IFERROR(E81/J81,"") -> 3.9898348 | H81: 3369.6 | I81: =IFERROR(DIVIDE(MINUS(H81,D81),D81),) -> 0.17407666 | J81: =IFERROR(__xludf.DUMMYFUNCTION("""COMPUTED_VALUE"""),787.0) -> 787 | K81: =IFERROR(H81/J81,"") -> 4.2815756
A82: 81 | B82: BOS-801G | C82: Gold SS Shower Arm 450mm with Flange | D82: 2870 | E82: 3140 | F82: =IFERROR(DIVIDE(MINUS(E82,D82),D82),) -> 0.094076655 | G82: =IFERROR(E82/J82,"") -> 3.9898348 | H82: 3369.6 | I82: =IFERROR(DIVIDE(MINUS(H82,D82),D82),) -> 0.17407666 | J82: =IFERROR(__xludf.DUMMYFUNCTION("""COMPUTED_VALUE"""),787.0) -> 787 | K82: =IFERROR(H82/J82,"") -> 4.2815756
A83: 82 | B83: GB-01 | C83: Grab Bar 18" SS304+ABS | D83: 1190 | E83: 1290 | F83: =IFERROR(DIVIDE(MINUS(E83,D83),D83),) -> 0.084033613 | G83: =IFERROR(E83/J83,"") -> 3.3681462 | H83: 1340 | I83: =IFERROR(DIVIDE(MINUS(H83,D83),D83),) -> 0.12605042 | J83: =IFERROR(__xludf.DUMMYFUNCTION("""COMPUTED_VALUE"""),383.0) -> 383 | K83: =IFERROR(H83/J83,"") -> 3.4986945
A84: 83 | B84: GB-02 | C84: Grab Bar 24" SS304+ABS | D84: 1290 | E84: 1390 | F84: =IFERROR(DIVIDE(MINUS(E84,D84),D84),) -> 0.07751938 | G84: =IFERROR(E84/J84,"") -> 3.3656174 | H84: 1440 | I84: =IFERROR(DIVIDE(MINUS(H84,D84),D84),) -> 0.11627907 | J84: =IFERROR(__xludf.DUMMYFUNCTION("""COMPUTED_VALUE"""),413.0) -> 413 | K84: =IFERROR(H84/J84,"") -> 3.4866828
A85: 84 | B85: GB-03 | C85: Grab Bar U Type 24" SS304+ABS | D85: 4990 | E85: 5490 | F85: =IFERROR(DIVIDE(MINUS(E85,D85),D85),) -> 0.1002004 | G85: =IFERROR(E85/J85,"") -> 3.650266 | H85: 5709.6 | I85: =IFERROR(DIVIDE(MINUS(H85,D85),D85),) -> 0.14420842 | J85: =IFERROR(__xludf.DUMMYFUNCTION("""COMPUTED_VALUE"""),1504.0) -> 1504 | K85: =IFERROR(H85/J85,"") -> 3.7962766
A86: 85 | B86: BHS-50 | C86: Sliding Bar SS-304 Round With Soap Dish | D86: 1590 | E86: 1770 | F86: =IFERROR(DIVIDE(MINUS(E86,D86),D86),) -> 0.11320755 | G86: =IFERROR(E86/J86,"") -> 3.5470942 | H86: 1840 | I86: =IFERROR(DIVIDE(MINUS(H86,D86),D86),) -> 0.1572327 | J86: =IFERROR(__xludf.DUMMYFUNCTION("""COMPUTED_VALUE"""),499.0) -> 499 | K86: =IFERROR(H86/J86,"") -> 3.6873747
A87: 86 | B87: BHS-51 | C87: Sliding Bar SS-304 Square | D87: 1770 | E87: 1980 | F87: =IFERROR(DIVIDE(MINUS(E87,D87),D87),) -> 0.11864407 | G87: =IFERROR(E87/J87,"") -> 3.6065574 | H87: 2060 | I87: =IFERROR(DIVIDE(MINUS(H87,D87),D87),) -> 0.16384181 | J87: =IFERROR(__xludf.DUMMYFUNCTION("""COMPUTED_VALUE"""),549.0) -> 549 | K87: =IFERROR(H87/J87,"") -> 3.7522769
A88: 87 | B88: BOS-49 | C88: Brass Shower Arm 225mm with Flange | D88: 850 | E88: 980 | F88: =IFERROR(DIVIDE(MINUS(E88,D88),D88),) -> 0.15294118 | G88: =IFERROR(E88/J88,"") -> 5.2688172 | H88: 1020 | I88: =IFERROR(DIVIDE(MINUS(H88,D88),D88),) -> 0.2 | J88: =IFERROR(__xludf.DUMMYFUNCTION("""COMPUTED_VALUE"""),186.0) -> 186 | K88: =IFERROR(H88/J88,"") -> 5.483871
A89: 88 | B89: BOS-49SR | C89: SS Shower Arm 225mm with Flange | D89: 350 | E89: 385 | F89: =IFERROR(DIVIDE(MINUS(E89,D89),D89),) -> 0.1 | G89: =IFERROR(E89/J89,"") -> 5.0657895 | H89: 390 | I89: =IFERROR(DIVIDE(MINUS(H89,D89),D89),) -> 0.11428571 | J89: =IFERROR(__xludf.DUMMYFUNCTION("""COMPUTED_VALUE"""),76.0) -> 76 | K89: =IFERROR(H89/J89,"") -> 5.1315789
A90: 89 | B90: BOS-49SQ | C90: SS Square Shower Arm 225mm with Flange | D90: 540 | E90: 595 | F90: =IFERROR(DIVIDE(MINUS(E90,D90),D90),) -> 0.10185185 | G90: =IFERROR(E90/J90,"") -> 4.0753425 | H90: 620 | I90: =IFERROR(DIVIDE(MINUS(H90,D90),D90),) -> 0.14814815 | J90: =IFERROR(__xludf.DUMMYFUNCTION("""COMPUTED_VALUE"""),146.0) -> 146 | K90: =IFERROR(H90/J90,"") -> 4.2465753
A91: 90 | B91: BOS-47 | C91: Brass Shower Arm 325mm with Flange | D91: 1050 | E91: 1190 | F91: =IFERROR(DIVIDE(MINUS(E91,D91),D91),) -> 0.13333333 | G91: =IFERROR(E91/J91,"") -> 4.8770492 | H91: 1240 | I91: =IFERROR(DIVIDE(MINUS(H91,D91),D91),) -> 0.18095238 | J91: =IFERROR(__xludf.DUMMYFUNCTION("""COMPUTED_VALUE"""),244.0) -> 244 | K91: =IFERROR(H91/J91,"") -> 5.0819672
A92: 91 | B92: BOS-47SR | C92: SS Shower Arm 300mm with Flange | D92: 390 | E92: 430 | F92: =IFERROR(DIVIDE(MINUS(E92,D92),D92),) -> 0.1025641 | G92: =IFERROR(E92/J92,"") -> 3.8053097 | H92: 450 | I92: =IFERROR(DIVIDE(MINUS(H92,D92),D92),) -> 0.15384615 | J92: =IFERROR(__xludf.DUMMYFUNCTION("""COMPUTED_VALUE"""),113.0) -> 113 | K92: =IFERROR(H92/J92,"") -> 3.9823009
A93: 92 | B93: BOS-47SQ | C93: SS Square Shower Arm 300mm with Flange | D93: 540 | E93: 640 | F93: =IFERROR(DIVIDE(MINUS(E93,D93),D93),) -> 0.18518519 | G93: =IFERROR(E93/J93,"") -> 3.3333333 | H93: 670 | I93: =IFERROR(DIVIDE(MINUS(H93,D93),D93),) -> 0.24074074 | J93: =IFERROR(__xludf.DUMMYFUNCTION("""COMPUTED_VALUE"""),192.0) -> 192 | K93: =IFERROR(H93/J93,"") -> 3.4895833
A94: 93 | B94: BOS-50 | C94: Brass Shower Arm 375mm with Flange | D94: 1280 | E94: 1440 | F94: =IFERROR(DIVIDE(MINUS(E94,D94),D94),) -> 0.125 | G94: =IFERROR(E94/J94,"") -> 4.7058824 | H94: 1530 | I94: =IFERROR(DIVIDE(MINUS(H94,D94),D94),) -> 0.1953125 | J94: =IFERROR(__xludf.DUMMYFUNCTION("""COMPUTED_VALUE"""),306.0) -> 306 | K94: =IFERROR(H94/J94,"") -> 5
A95: 94 | B95: BOS-50SR | C95: SS Shower Arm 375mm with Flange | D95: 480 | E95: 530 | F95: =IFERROR(DIVIDE(MINUS(E95,D95),D95),) -> 0.10416667 | G95: =IFERROR(E95/J95,"") -> 4.1085271 | H95: 550 | I95: =IFERROR(DIVIDE(MINUS(H95,D95),D95),) -> 0.14583333 | J95: =IFERROR(__xludf.DUMMYFUNCTION("""COMPUTED_VALUE"""),129.0) -> 129 | K95: =IFERROR(H95/J95,"") -> 4.2635659
A96: 95 | B96: BOS-50SQ | C96: SS Square Shower Arm 375mm with Flange | D96: 880 | E96: 970 | F96: =IFERROR(DIVIDE(MINUS(E96,D96),D96),) -> 0.10227273 | G96: =IFERROR(E96/J96,"") -> 4.092827 | H96: 1010 | I96: =IFERROR(DIVIDE(MINUS(H96,D96),D96),) -> 0.14772727 | J96: =IFERROR(__xludf.DUMMYFUNCTION("""COMPUTED_VALUE"""),237.0) -> 237 | K96: =IFERROR(H96/J96,"") -> 4.2616034
